{"type":"FeatureCollection","_metadata":{"description":"Dáil constituency boundaries under the 1969 boundary regime (simplified pedagogical outline)","regime_year":1969,"data_status":"real-sourced-data","source":{"catalogue":"Civgraph (civgraph.net), map layer dail-1969","geometry_url":"https://data.civgraph.net/data/maps/parliamentary/1969_Dail.fgb","provider":"Phelim Birch (digitisation, via Civgraph)","arcgis_source":null,"licence":"CC BY-SA 4.0 (Civgraph digitised layers); see _static/data/dail_boundaries/NOTICE.md","retrieved":"2026-07-14"},"processing":"Reprojected to EPSG:4326 where needed; simplified with mapshaper (visvalingam weighted, 0.1% retained, keep-shapes, clean), coordinates rounded to 3 decimal places (~70-110 m). Outline only - not for legal or survey use."},"features":[{"type":"Feature","geometry":{"type":"Polygon","coordinates":[[[-8.183,52.288],[-8.161,52.242],[-8.103,52.231],[-8.12,52.195],[-8.156,52.141],[-8.072,52.144],[-8.029,52.103],[-8.014,52.074],[-8.023,52.057],[-7.938,52.014],[-7.91,51.974],[-7.855,51.98],[-7.861,52.004],[-7.85,52.038],[-7.776,52.045],[-7.797,52.071],[-7.829,52.088],[-7.812,52.103],[-7.747,52.131],[-7.746,52.177],[-7.731,52.184],[-7.72,52.23],[-7.682,52.232],[-7.678,52.271],[-7.631,52.274],[-7.587,52.286],[-7.594,52.302],[-7.561,52.315],[-7.516,52.359],[-7.437,52.348],[-7.394,52.335],[-7.372,52.343],[-7.397,52.364],[-7.382,52.42],[-7.425,52.452],[-7.432,52.455],[-7.468,52.472],[-7.433,52.496],[-7.457,52.524],[-7.451,52.582],[-7.476,52.591],[-7.475,52.616],[-7.506,52.64],[-7.536,52.635],[-7.622,52.606],[-7.659,52.603],[-7.691,52.624],[-7.722,52.602],[-7.8,52.587],[-7.806,52.607],[-7.83,52.619],[-7.851,52.55],[-7.892,52.54],[-7.894,52.572],[-7.968,52.592],[-7.965,52.634],[-7.982,52.65],[-8.027,52.652],[-8.106,52.684],[-8.189,52.67],[-8.194,52.648],[-8.215,52.632],[-8.214,52.595],[-8.24,52.512],[-8.286,52.522],[-8.319,52.506],[-8.36,52.511],[-8.396,52.484],[-8.405,52.465],[-8.381,52.436],[-8.314,52.436],[-8.283,52.401],[-8.232,52.411],[-8.228,52.386],[-8.193,52.364],[-8.168,52.368],[-8.169,52.292],[-8.183,52.288]]]},"properties":{"name":"South Tipperary","name_ga":"Tiobraid Árann Theas","seats":4}},{"type":"Feature","geometry":{"type":"Polygon","coordinates":[[[-7.855,51.98],[-7.842,51.954],[-7.83,51.941],[-7.721,51.939],[-7.708,51.969],[-7.614,51.981],[-7.583,51.996],[-7.586,52.019],[-7.552,52.054],[-7.587,52.051],[-7.636,52.082],[-7.588,52.1],[-7.545,52.095],[-7.5,52.103],[-7.442,52.127],[-7.37,52.139],[-7.292,52.141],[-7.218,52.132],[-7.171,52.137],[-7.131,52.169],[-7.099,52.169],[-7.079,52.156],[-7.108,52.134],[-7.023,52.133],[-6.965,52.175],[-6.983,52.189],[-6.966,52.241],[-6.988,52.25],[-7,52.276],[-7.041,52.256],[-7.042,52.256],[-7.045,52.256],[-7.047,52.256],[-7.048,52.256],[-7.051,52.256],[-7.052,52.256],[-7.053,52.256],[-7.056,52.257],[-7.057,52.257],[-7.061,52.257],[-7.064,52.257],[-7.065,52.257],[-7.066,52.257],[-7.067,52.257],[-7.068,52.257],[-7.069,52.257],[-7.07,52.257],[-7.071,52.257],[-7.072,52.257],[-7.073,52.256],[-7.076,52.256],[-7.077,52.255],[-7.078,52.255],[-7.079,52.255],[-7.08,52.254],[-7.081,52.254],[-7.082,52.253],[-7.083,52.253],[-7.084,52.252],[-7.085,52.252],[-7.086,52.252],[-7.087,52.252],[-7.088,52.252],[-7.089,52.252],[-7.09,52.252],[-7.091,52.252],[-7.092,52.253],[-7.101,52.266],[-7.1,52.266],[-7.1,52.267],[-7.099,52.267],[-7.099,52.266],[-7.098,52.266],[-7.097,52.266],[-7.096,52.266],[-7.097,52.267],[-7.098,52.267],[-7.099,52.267],[-7.099,52.268],[-7.098,52.268],[-7.099,52.269],[-7.099,52.27],[-7.1,52.27],[-7.101,52.27],[-7.102,52.27],[-7.103,52.27],[-7.103,52.269],[-7.104,52.269],[-7.105,52.269],[-7.105,52.268],[-7.105,52.267],[-7.133,52.269],[-7.134,52.27],[-7.135,52.27],[-7.135,52.271],[-7.14,52.273],[-7.142,52.274],[-7.143,52.275],[-7.146,52.276],[-7.148,52.277],[-7.151,52.279],[-7.152,52.279],[-7.152,52.28],[-7.153,52.28],[-7.155,52.28],[-7.156,52.28],[-7.158,52.279],[-7.159,52.279],[-7.16,52.279],[-7.163,52.278],[-7.165,52.277],[-7.166,52.276],[-7.167,52.275],[-7.169,52.275],[-7.17,52.274],[-7.171,52.273],[-7.172,52.272],[-7.173,52.272],[-7.173,52.271],[-7.174,52.271],[-7.176,52.269],[-7.177,52.268],[-7.179,52.266],[-7.184,52.262],[-7.187,52.261],[-7.191,52.258],[-7.194,52.255],[-7.212,52.243],[-7.265,52.267],[-7.324,52.331],[-7.372,52.343],[-7.394,52.335],[-7.437,52.348],[-7.516,52.359],[-7.561,52.315],[-7.594,52.302],[-7.587,52.286],[-7.631,52.274],[-7.678,52.271],[-7.682,52.232],[-7.72,52.23],[-7.731,52.184],[-7.746,52.177],[-7.747,52.131],[-7.812,52.103],[-7.829,52.088],[-7.797,52.071],[-7.776,52.045],[-7.85,52.038],[-7.861,52.004],[-7.855,51.98]]]},"properties":{"name":"Waterford","name_ga":"Port Láirge","seats":3}},{"type":"Feature","geometry":{"type":"Polygon","coordinates":[[[-7.506,52.64],[-7.553,52.703],[-7.646,52.735],[-7.668,52.754],[-7.674,52.781],[-7.697,52.832],[-7.735,52.858],[-7.726,52.887],[-7.664,52.923],[-7.702,52.934],[-7.73,52.958],[-7.802,52.982],[-7.826,52.973],[-7.862,52.943],[-7.845,52.932],[-7.884,52.9],[-7.964,52.857],[-7.989,52.855],[-8,52.881],[-8.04,52.889],[-8.04,52.938],[-7.993,52.931],[-7.975,52.949],[-7.993,52.999],[-7.95,52.995],[-7.964,53.042],[-7.943,53.044],[-7.922,53.083],[-7.926,53.107],[-7.956,53.125],[-8.081,53.167],[-8.124,53.16],[-8.148,53.145],[-8.174,53.112],[-8.219,53.068],[-8.268,53.056],[-8.278,53.019],[-8.317,52.985],[-8.285,52.973],[-8.338,52.915],[-8.408,52.913],[-8.418,52.875],[-8.455,52.847],[-8.443,52.787],[-8.466,52.771],[-8.48,52.757],[-8.465,52.704],[-8.428,52.678],[-8.407,52.69],[-8.361,52.679],[-8.306,52.694],[-8.253,52.682],[-8.229,52.665],[-8.189,52.67],[-8.106,52.684],[-8.027,52.652],[-7.982,52.65],[-7.965,52.634],[-7.968,52.592],[-7.894,52.572],[-7.892,52.54],[-7.851,52.55],[-7.83,52.619],[-7.806,52.607],[-7.8,52.587],[-7.722,52.602],[-7.691,52.624],[-7.659,52.603],[-7.622,52.606],[-7.536,52.635],[-7.506,52.64]]]},"properties":{"name":"North Tipperary","name_ga":"Tiobraid Árann Thuaidh","seats":3}},{"type":"Feature","geometry":{"type":"Polygon","coordinates":[[[-7.674,52.781],[-7.614,52.792],[-7.617,52.809],[-7.579,52.829],[-7.557,52.814],[-7.449,52.787],[-7.431,52.802],[-7.399,52.796],[-7.388,52.819],[-7.345,52.839],[-7.31,52.866],[-7.259,52.849],[-7.189,52.894],[-7.14,52.869],[-7.141,52.848],[-7.121,52.826],[-7.099,52.827],[-7.039,52.808],[-6.972,52.809],[-6.971,52.809],[-6.951,52.816],[-6.934,52.843],[-6.932,52.845],[-6.932,52.846],[-6.932,52.847],[-6.932,52.848],[-6.933,52.848],[-6.939,52.88],[-6.935,52.915],[-6.97,52.965],[-7.016,52.968],[-7.05,52.981],[-7.088,52.999],[-7.065,53.038],[-7.064,53.038],[-7.06,53.046],[-7.06,53.047],[-7.045,53.073],[-7.06,53.106],[-7.085,53.129],[-7.094,53.152],[-7.079,53.153],[-7.079,53.152],[-7.065,53.16],[-7.064,53.16],[-7.063,53.162],[-7.104,53.169],[-7.166,53.187],[-7.165,53.187],[-7.036,53.19],[-7.036,53.201],[-7.013,53.218],[-7.037,53.229],[-7.055,53.243],[-7.019,53.253],[-7.032,53.28],[-6.992,53.286],[-6.978,53.308],[-7.013,53.328],[-7.015,53.328],[-7.044,53.357],[-7.088,53.368],[-7.098,53.382],[-7.192,53.423],[-7.216,53.407],[-7.268,53.398],[-7.399,53.33],[-7.423,53.335],[-7.456,53.318],[-7.472,53.333],[-7.567,53.361],[-7.567,53.378],[-7.625,53.418],[-7.662,53.408],[-7.717,53.36],[-7.772,53.347],[-7.826,53.356],[-7.883,53.349],[-7.923,53.363],[-7.942,53.343],[-7.989,53.334],[-8.027,53.321],[-8.024,53.304],[-8.052,53.277],[-8.028,53.253],[-7.983,53.24],[-7.967,53.226],[-7.993,53.193],[-8.062,53.188],[-8.081,53.167],[-7.956,53.125],[-7.926,53.107],[-7.922,53.083],[-7.943,53.044],[-7.964,53.042],[-7.95,52.995],[-7.993,52.999],[-7.975,52.949],[-7.993,52.931],[-8.04,52.938],[-8.04,52.889],[-8,52.881],[-7.989,52.855],[-7.964,52.857],[-7.884,52.9],[-7.845,52.932],[-7.862,52.943],[-7.826,52.973],[-7.802,52.982],[-7.73,52.958],[-7.702,52.934],[-7.664,52.923],[-7.726,52.887],[-7.735,52.858],[-7.697,52.832],[-7.674,52.781]]]},"properties":{"name":"Laoighis-Offaly","name_ga":"Laois-Uíbh Fhailí","seats":5}},{"type":"Feature","geometry":{"type":"Polygon","coordinates":[[[-6.939,52.88],[-6.894,52.864],[-6.893,52.864],[-6.872,52.868],[-6.877,52.874],[-6.877,52.875],[-6.851,52.862],[-6.841,52.864],[-6.84,52.863],[-6.788,52.871],[-6.751,52.889],[-6.745,52.912],[-6.737,52.916],[-6.743,52.948],[-6.792,52.992],[-6.766,53.009],[-6.731,53.047],[-6.733,53.065],[-6.629,53.092],[-6.574,53.13],[-6.576,53.149],[-6.518,53.189],[-6.509,53.214],[-6.475,53.234],[-6.474,53.235],[-6.473,53.236],[-6.472,53.238],[-6.473,53.238],[-6.474,53.238],[-6.475,53.238],[-6.476,53.238],[-6.488,53.241],[-6.492,53.242],[-6.493,53.242],[-6.496,53.242],[-6.51,53.247],[-6.511,53.247],[-6.512,53.247],[-6.513,53.248],[-6.514,53.248],[-6.515,53.248],[-6.517,53.249],[-6.518,53.249],[-6.519,53.248],[-6.52,53.248],[-6.521,53.248],[-6.522,53.248],[-6.523,53.247],[-6.524,53.247],[-6.524,53.248],[-6.525,53.248],[-6.526,53.248],[-6.527,53.248],[-6.528,53.247],[-6.529,53.247],[-6.534,53.254],[-6.535,53.254],[-6.528,53.259],[-6.525,53.258],[-6.525,53.257],[-6.515,53.262],[-6.514,53.261],[-6.513,53.261],[-6.512,53.261],[-6.511,53.261],[-6.511,53.262],[-6.509,53.262],[-6.509,53.266],[-6.512,53.265],[-6.513,53.265],[-6.514,53.264],[-6.515,53.264],[-6.518,53.265],[-6.526,53.268],[-6.528,53.267],[-6.53,53.269],[-6.538,53.275],[-6.539,53.275],[-6.54,53.275],[-6.542,53.276],[-6.543,53.276],[-6.546,53.275],[-6.545,53.277],[-6.536,53.284],[-6.532,53.287],[-6.531,53.287],[-6.527,53.3],[-6.526,53.3],[-6.527,53.302],[-6.53,53.302],[-6.531,53.316],[-6.531,53.317],[-6.518,53.325],[-6.517,53.325],[-6.516,53.324],[-6.514,53.323],[-6.514,53.324],[-6.513,53.324],[-6.512,53.324],[-6.512,53.323],[-6.509,53.324],[-6.506,53.325],[-6.505,53.324],[-6.505,53.323],[-6.501,53.321],[-6.499,53.325],[-6.493,53.334],[-6.492,53.334],[-6.49,53.339],[-6.492,53.338],[-6.493,53.341],[-6.494,53.342],[-6.495,53.341],[-6.497,53.341],[-6.494,53.353],[-6.495,53.353],[-6.488,53.363],[-6.487,53.363],[-6.486,53.363],[-6.473,53.367],[-6.473,53.368],[-6.473,53.369],[-6.473,53.37],[-6.472,53.374],[-6.47,53.379],[-6.467,53.385],[-6.466,53.385],[-6.465,53.385],[-6.465,53.384],[-6.464,53.384],[-6.463,53.384],[-6.46,53.388],[-6.485,53.389],[-6.493,53.385],[-6.517,53.39],[-6.517,53.389],[-6.538,53.397],[-6.539,53.397],[-6.586,53.392],[-6.586,53.393],[-6.616,53.398],[-6.65,53.395],[-6.708,53.419],[-6.709,53.42],[-6.71,53.42],[-6.713,53.42],[-6.716,53.42],[-6.722,53.422],[-6.723,53.422],[-6.728,53.424],[-6.728,53.422],[-6.729,53.422],[-6.729,53.421],[-6.73,53.421],[-6.731,53.421],[-6.731,53.42],[-6.732,53.42],[-6.733,53.42],[-6.733,53.419],[-6.734,53.419],[-6.734,53.418],[-6.735,53.418],[-6.735,53.417],[-6.736,53.417],[-6.737,53.418],[-6.738,53.417],[-6.739,53.417],[-6.74,53.417],[-6.741,53.417],[-6.742,53.417],[-6.743,53.417],[-6.744,53.417],[-6.745,53.417],[-6.745,53.416],[-6.746,53.416],[-6.747,53.416],[-6.748,53.416],[-6.748,53.415],[-6.749,53.415],[-6.749,53.414],[-6.748,53.414],[-6.747,53.414],[-6.746,53.414],[-6.744,53.413],[-6.743,53.413],[-6.742,53.412],[-6.742,53.411],[-6.741,53.411],[-6.741,53.41],[-6.741,53.409],[-6.741,53.408],[-6.742,53.408],[-6.744,53.408],[-6.745,53.408],[-6.745,53.407],[-6.745,53.406],[-6.745,53.404],[-6.744,53.405],[-6.743,53.404],[-6.742,53.404],[-6.741,53.404],[-6.74,53.404],[-6.739,53.404],[-6.737,53.403],[-6.735,53.403],[-6.735,53.402],[-6.734,53.403],[-6.733,53.402],[-6.732,53.402],[-6.731,53.403],[-6.73,53.402],[-6.729,53.402],[-6.728,53.402],[-6.727,53.402],[-6.726,53.402],[-6.726,53.401],[-6.725,53.401],[-6.724,53.4],[-6.724,53.399],[-6.725,53.398],[-6.725,53.395],[-6.724,53.395],[-6.722,53.394],[-6.722,53.393],[-6.725,53.392],[-6.726,53.392],[-6.727,53.392],[-6.727,53.391],[-6.728,53.391],[-6.728,53.39],[-6.729,53.39],[-6.732,53.39],[-6.735,53.39],[-6.736,53.39],[-6.736,53.389],[-6.736,53.388],[-6.735,53.385],[-6.734,53.384],[-6.737,53.382],[-6.738,53.382],[-6.738,53.381],[-6.738,53.38],[-6.738,53.379],[-6.737,53.379],[-6.738,53.378],[-6.738,53.377],[-6.738,53.376],[-6.737,53.376],[-6.736,53.376],[-6.735,53.376],[-6.735,53.375],[-6.734,53.375],[-6.733,53.374],[-6.732,53.373],[-6.731,53.373],[-6.73,53.373],[-6.728,53.373],[-6.729,53.372],[-6.73,53.372],[-6.731,53.372],[-6.732,53.371],[-6.732,53.37],[-6.732,53.369],[-6.732,53.368],[-6.732,53.367],[-6.732,53.366],[-6.732,53.365],[-6.732,53.364],[-6.73,53.362],[-6.731,53.361],[-6.732,53.36],[-6.733,53.359],[-6.735,53.357],[-6.735,53.356],[-6.736,53.355],[-6.737,53.355],[-6.739,53.353],[-6.741,53.351],[-6.742,53.35],[-6.743,53.35],[-6.743,53.351],[-6.743,53.352],[-6.743,53.353],[-6.745,53.353],[-6.746,53.353],[-6.747,53.353],[-6.747,53.354],[-6.749,53.354],[-6.75,53.354],[-6.751,53.353],[-6.752,53.353],[-6.753,53.353],[-6.755,53.352],[-6.756,53.352],[-6.757,53.352],[-6.758,53.351],[-6.757,53.351],[-6.757,53.35],[-6.758,53.35],[-6.759,53.35],[-6.76,53.35],[-6.761,53.35],[-6.762,53.35],[-6.763,53.349],[-6.764,53.349],[-6.765,53.349],[-6.765,53.35],[-6.766,53.35],[-6.766,53.351],[-6.767,53.351],[-6.767,53.352],[-6.768,53.352],[-6.768,53.353],[-6.768,53.354],[-6.768,53.355],[-6.768,53.356],[-6.768,53.357],[-6.769,53.357],[-6.77,53.358],[-6.77,53.359],[-6.771,53.359],[-6.772,53.359],[-6.772,53.36],[-6.773,53.36],[-6.773,53.361],[-6.773,53.362],[-6.774,53.362],[-6.775,53.362],[-6.777,53.361],[-6.778,53.361],[-6.78,53.36],[-6.782,53.359],[-6.783,53.359],[-6.784,53.359],[-6.785,53.359],[-6.787,53.359],[-6.788,53.36],[-6.79,53.36],[-6.791,53.36],[-6.792,53.361],[-6.793,53.361],[-6.795,53.361],[-6.797,53.361],[-6.798,53.362],[-6.799,53.362],[-6.8,53.362],[-6.801,53.362],[-6.802,53.362],[-6.803,53.363],[-6.804,53.363],[-6.806,53.363],[-6.807,53.363],[-6.808,53.363],[-6.812,53.363],[-6.816,53.364],[-6.819,53.359],[-6.819,53.358],[-6.862,53.358],[-6.885,53.335],[-6.879,53.306],[-6.921,53.285],[-6.946,53.301],[-6.992,53.286],[-7.032,53.28],[-7.019,53.253],[-7.055,53.243],[-7.037,53.229],[-7.013,53.218],[-7.036,53.201],[-7.036,53.19],[-7.165,53.187],[-7.166,53.187],[-7.104,53.169],[-7.063,53.162],[-7.064,53.16],[-7.065,53.16],[-7.079,53.152],[-7.079,53.153],[-7.094,53.152],[-7.085,53.129],[-7.06,53.106],[-7.045,53.073],[-7.06,53.047],[-7.06,53.046],[-7.064,53.038],[-7.065,53.038],[-7.088,52.999],[-7.05,52.981],[-7.016,52.968],[-6.97,52.965],[-6.935,52.915],[-6.939,52.88]]]},"properties":{"name":"Kildare","name_ga":"Cill Dara","seats":3}},{"type":"Feature","geometry":{"type":"Polygon","coordinates":[[[-7.372,52.343],[-7.324,52.331],[-7.265,52.267],[-7.212,52.243],[-7.194,52.255],[-7.191,52.258],[-7.187,52.261],[-7.184,52.262],[-7.179,52.266],[-7.177,52.268],[-7.176,52.269],[-7.174,52.271],[-7.173,52.271],[-7.173,52.272],[-7.172,52.272],[-7.171,52.273],[-7.17,52.274],[-7.169,52.275],[-7.167,52.275],[-7.166,52.276],[-7.165,52.277],[-7.163,52.278],[-7.16,52.279],[-7.159,52.279],[-7.158,52.279],[-7.156,52.28],[-7.155,52.28],[-7.153,52.28],[-7.152,52.28],[-7.152,52.279],[-7.151,52.279],[-7.148,52.277],[-7.146,52.276],[-7.143,52.275],[-7.142,52.274],[-7.14,52.273],[-7.135,52.271],[-7.135,52.27],[-7.134,52.27],[-7.133,52.269],[-7.105,52.267],[-7.105,52.268],[-7.105,52.269],[-7.104,52.269],[-7.103,52.269],[-7.103,52.27],[-7.102,52.27],[-7.101,52.27],[-7.1,52.27],[-7.099,52.27],[-7.099,52.269],[-7.098,52.268],[-7.099,52.268],[-7.099,52.267],[-7.098,52.267],[-7.097,52.267],[-7.096,52.266],[-7.097,52.266],[-7.098,52.266],[-7.099,52.266],[-7.099,52.267],[-7.1,52.267],[-7.1,52.266],[-7.101,52.266],[-7.092,52.253],[-7.091,52.252],[-7.09,52.252],[-7.089,52.252],[-7.088,52.252],[-7.087,52.252],[-7.086,52.252],[-7.085,52.252],[-7.084,52.252],[-7.083,52.253],[-7.082,52.253],[-7.081,52.254],[-7.08,52.254],[-7.079,52.255],[-7.078,52.255],[-7.077,52.255],[-7.076,52.256],[-7.073,52.256],[-7.072,52.257],[-7.071,52.257],[-7.07,52.257],[-7.069,52.257],[-7.068,52.257],[-7.067,52.257],[-7.066,52.257],[-7.065,52.257],[-7.064,52.257],[-7.061,52.257],[-7.057,52.257],[-7.056,52.257],[-7.053,52.256],[-7.052,52.256],[-7.051,52.256],[-7.048,52.256],[-7.047,52.256],[-7.045,52.256],[-7.042,52.256],[-7.041,52.256],[-7,52.276],[-7.018,52.295],[-6.986,52.324],[-6.992,52.364],[-6.965,52.378],[-6.915,52.43],[-6.917,52.464],[-6.884,52.466],[-6.863,52.479],[-6.806,52.549],[-6.801,52.566],[-6.763,52.561],[-6.714,52.538],[-6.697,52.577],[-6.634,52.612],[-6.605,52.619],[-6.573,52.584],[-6.53,52.599],[-6.522,52.618],[-6.494,52.625],[-6.489,52.656],[-6.459,52.672],[-6.465,52.687],[-6.497,52.69],[-6.57,52.684],[-6.574,52.705],[-6.619,52.713],[-6.654,52.746],[-6.657,52.769],[-6.702,52.787],[-6.695,52.812],[-6.661,52.836],[-6.625,52.822],[-6.615,52.808],[-6.571,52.803],[-6.525,52.823],[-6.529,52.865],[-6.51,52.867],[-6.535,52.89],[-6.549,52.875],[-6.587,52.88],[-6.61,52.897],[-6.712,52.918],[-6.737,52.916],[-6.745,52.912],[-6.751,52.889],[-6.788,52.871],[-6.84,52.863],[-6.841,52.864],[-6.851,52.862],[-6.877,52.875],[-6.877,52.874],[-6.872,52.868],[-6.893,52.864],[-6.894,52.864],[-6.939,52.88],[-6.933,52.848],[-6.932,52.848],[-6.932,52.847],[-6.932,52.846],[-6.932,52.845],[-6.934,52.843],[-6.951,52.816],[-6.971,52.809],[-6.972,52.809],[-7.039,52.808],[-7.099,52.827],[-7.121,52.826],[-7.141,52.848],[-7.14,52.869],[-7.189,52.894],[-7.259,52.849],[-7.31,52.866],[-7.345,52.839],[-7.388,52.819],[-7.399,52.796],[-7.431,52.802],[-7.449,52.787],[-7.557,52.814],[-7.579,52.829],[-7.617,52.809],[-7.614,52.792],[-7.674,52.781],[-7.668,52.754],[-7.646,52.735],[-7.553,52.703],[-7.506,52.64],[-7.475,52.616],[-7.476,52.591],[-7.451,52.582],[-7.457,52.524],[-7.433,52.496],[-7.468,52.472],[-7.432,52.455],[-7.425,52.452],[-7.382,52.42],[-7.397,52.364],[-7.372,52.343]]]},"properties":{"name":"Carlow-Kilkenny","name_ga":"Ceatharlach-Cill Chainnigh","seats":5}},{"type":"Feature","geometry":{"type":"Polygon","coordinates":[[[-6.966,52.241],[-6.921,52.218],[-6.902,52.196],[-6.901,52.155],[-6.83,52.172],[-6.83,52.222],[-6.797,52.24],[-6.786,52.204],[-6.755,52.214],[-6.682,52.219],[-6.658,52.214],[-6.596,52.177],[-6.491,52.191],[-6.418,52.187],[-6.36,52.174],[-6.35,52.203],[-6.314,52.24],[-6.335,52.255],[-6.364,52.251],[-6.412,52.298],[-6.446,52.307],[-6.451,52.346],[-6.436,52.356],[-6.386,52.356],[-6.364,52.368],[-6.351,52.411],[-6.294,52.465],[-6.216,52.53],[-6.195,52.562],[-6.209,52.602],[-6.229,52.625],[-6.225,52.648],[-6.197,52.688],[-6.159,52.715],[-6.145,52.738],[-6.174,52.748],[-6.181,52.768],[-6.182,52.768],[-6.243,52.778],[-6.261,52.795],[-6.292,52.782],[-6.318,52.797],[-6.369,52.795],[-6.413,52.778],[-6.433,52.735],[-6.497,52.69],[-6.465,52.687],[-6.459,52.672],[-6.489,52.656],[-6.494,52.625],[-6.522,52.618],[-6.53,52.599],[-6.573,52.584],[-6.605,52.619],[-6.634,52.612],[-6.697,52.577],[-6.714,52.538],[-6.763,52.561],[-6.801,52.566],[-6.806,52.549],[-6.863,52.479],[-6.884,52.466],[-6.917,52.464],[-6.915,52.43],[-6.965,52.378],[-6.992,52.364],[-6.986,52.324],[-7.018,52.295],[-7,52.276],[-6.988,52.25],[-6.966,52.241]]]},"properties":{"name":"Wexford","name_ga":"Loch Garman","seats":4}},{"type":"Feature","geometry":{"type":"Polygon","coordinates":[[[-6.737,52.916],[-6.712,52.918],[-6.61,52.897],[-6.587,52.88],[-6.549,52.875],[-6.535,52.89],[-6.51,52.867],[-6.529,52.865],[-6.525,52.823],[-6.571,52.803],[-6.615,52.808],[-6.625,52.822],[-6.661,52.836],[-6.695,52.812],[-6.702,52.787],[-6.657,52.769],[-6.654,52.746],[-6.619,52.713],[-6.574,52.705],[-6.57,52.684],[-6.497,52.69],[-6.433,52.735],[-6.413,52.778],[-6.369,52.795],[-6.318,52.797],[-6.292,52.782],[-6.261,52.795],[-6.243,52.778],[-6.182,52.768],[-6.181,52.768],[-6.174,52.748],[-6.145,52.738],[-6.138,52.758],[-6.141,52.801],[-6.11,52.835],[-6.057,52.859],[-6.065,52.869],[-6.021,52.925],[-6.008,52.972],[-6.04,52.983],[-6.05,53.005],[-6.034,53.07],[-6.042,53.12],[-6.07,53.154],[-6.08,53.192],[-6.094,53.198],[-6.096,53.201],[-6.101,53.207],[-6.101,53.208],[-6.103,53.209],[-6.102,53.209],[-6.103,53.211],[-6.104,53.211],[-6.106,53.211],[-6.11,53.21],[-6.114,53.208],[-6.126,53.208],[-6.125,53.204],[-6.128,53.204],[-6.129,53.203],[-6.129,53.201],[-6.132,53.2],[-6.134,53.199],[-6.136,53.199],[-6.137,53.199],[-6.162,53.203],[-6.175,53.213],[-6.179,53.216],[-6.18,53.218],[-6.182,53.22],[-6.182,53.221],[-6.183,53.221],[-6.186,53.22],[-6.19,53.218],[-6.194,53.217],[-6.22,53.212],[-6.227,53.205],[-6.23,53.204],[-6.232,53.204],[-6.237,53.203],[-6.238,53.202],[-6.239,53.202],[-6.24,53.202],[-6.243,53.203],[-6.252,53.204],[-6.259,53.205],[-6.276,53.211],[-6.291,53.222],[-6.292,53.223],[-6.296,53.224],[-6.298,53.224],[-6.299,53.224],[-6.3,53.224],[-6.302,53.225],[-6.305,53.225],[-6.311,53.222],[-6.312,53.194],[-6.32,53.188],[-6.327,53.183],[-6.327,53.182],[-6.33,53.179],[-6.332,53.178],[-6.333,53.178],[-6.334,53.179],[-6.346,53.181],[-6.347,53.181],[-6.375,53.192],[-6.368,53.214],[-6.371,53.215],[-6.373,53.215],[-6.375,53.216],[-6.376,53.216],[-6.395,53.213],[-6.397,53.212],[-6.401,53.21],[-6.401,53.209],[-6.402,53.209],[-6.402,53.208],[-6.403,53.208],[-6.403,53.209],[-6.401,53.211],[-6.403,53.213],[-6.406,53.217],[-6.407,53.218],[-6.41,53.216],[-6.411,53.216],[-6.411,53.217],[-6.412,53.218],[-6.414,53.219],[-6.414,53.223],[-6.417,53.227],[-6.419,53.229],[-6.42,53.231],[-6.421,53.231],[-6.423,53.231],[-6.424,53.231],[-6.425,53.231],[-6.426,53.231],[-6.427,53.231],[-6.428,53.231],[-6.429,53.231],[-6.43,53.231],[-6.43,53.232],[-6.431,53.232],[-6.435,53.232],[-6.438,53.231],[-6.441,53.231],[-6.456,53.231],[-6.458,53.227],[-6.459,53.226],[-6.46,53.226],[-6.461,53.226],[-6.461,53.225],[-6.462,53.225],[-6.461,53.226],[-6.464,53.227],[-6.467,53.228],[-6.469,53.23],[-6.475,53.234],[-6.509,53.214],[-6.518,53.189],[-6.576,53.149],[-6.574,53.13],[-6.629,53.092],[-6.733,53.065],[-6.731,53.047],[-6.766,53.009],[-6.792,52.992],[-6.743,52.948],[-6.737,52.916]]]},"properties":{"name":"Wicklow","name_ga":"Cill Mhantáin","seats":3}},{"type":"Feature","geometry":{"type":"Polygon","coordinates":[[[-6.475,53.234],[-6.469,53.23],[-6.467,53.228],[-6.464,53.227],[-6.461,53.226],[-6.462,53.225],[-6.461,53.225],[-6.461,53.226],[-6.46,53.226],[-6.459,53.226],[-6.458,53.227],[-6.456,53.231],[-6.441,53.231],[-6.438,53.231],[-6.435,53.232],[-6.431,53.232],[-6.43,53.232],[-6.43,53.231],[-6.429,53.231],[-6.428,53.231],[-6.427,53.231],[-6.426,53.231],[-6.425,53.231],[-6.424,53.231],[-6.423,53.231],[-6.421,53.231],[-6.42,53.231],[-6.419,53.229],[-6.417,53.227],[-6.414,53.223],[-6.414,53.219],[-6.412,53.218],[-6.411,53.217],[-6.411,53.216],[-6.41,53.216],[-6.407,53.218],[-6.406,53.217],[-6.403,53.213],[-6.401,53.211],[-6.403,53.209],[-6.403,53.208],[-6.402,53.208],[-6.402,53.209],[-6.401,53.209],[-6.401,53.21],[-6.397,53.212],[-6.395,53.213],[-6.376,53.216],[-6.375,53.216],[-6.373,53.215],[-6.371,53.215],[-6.368,53.214],[-6.375,53.192],[-6.347,53.181],[-6.346,53.181],[-6.334,53.179],[-6.333,53.178],[-6.332,53.178],[-6.33,53.179],[-6.327,53.182],[-6.327,53.183],[-6.32,53.188],[-6.312,53.194],[-6.311,53.222],[-6.305,53.225],[-6.302,53.225],[-6.3,53.224],[-6.299,53.224],[-6.298,53.224],[-6.296,53.224],[-6.292,53.223],[-6.291,53.222],[-6.276,53.211],[-6.259,53.205],[-6.252,53.204],[-6.243,53.203],[-6.24,53.202],[-6.239,53.202],[-6.238,53.202],[-6.237,53.203],[-6.232,53.204],[-6.23,53.204],[-6.227,53.205],[-6.22,53.212],[-6.194,53.217],[-6.19,53.218],[-6.186,53.22],[-6.183,53.221],[-6.182,53.221],[-6.182,53.22],[-6.18,53.218],[-6.179,53.216],[-6.175,53.213],[-6.162,53.203],[-6.137,53.199],[-6.136,53.199],[-6.134,53.199],[-6.132,53.2],[-6.129,53.201],[-6.129,53.203],[-6.128,53.204],[-6.125,53.204],[-6.126,53.208],[-6.114,53.208],[-6.11,53.21],[-6.106,53.211],[-6.104,53.211],[-6.103,53.211],[-6.117,53.245],[-6.122,53.242],[-6.124,53.242],[-6.125,53.242],[-6.126,53.242],[-6.128,53.242],[-6.129,53.242],[-6.13,53.243],[-6.13,53.242],[-6.132,53.242],[-6.134,53.244],[-6.179,53.255],[-6.214,53.272],[-6.202,53.294],[-6.205,53.307],[-6.207,53.309],[-6.208,53.309],[-6.209,53.309],[-6.21,53.309],[-6.211,53.309],[-6.211,53.31],[-6.213,53.31],[-6.214,53.309],[-6.215,53.309],[-6.216,53.309],[-6.218,53.31],[-6.22,53.311],[-6.22,53.31],[-6.222,53.309],[-6.224,53.309],[-6.225,53.309],[-6.227,53.311],[-6.23,53.314],[-6.23,53.315],[-6.229,53.315],[-6.228,53.315],[-6.227,53.315],[-6.228,53.316],[-6.23,53.316],[-6.231,53.316],[-6.232,53.317],[-6.234,53.317],[-6.235,53.316],[-6.236,53.316],[-6.237,53.316],[-6.239,53.313],[-6.24,53.314],[-6.241,53.314],[-6.245,53.313],[-6.248,53.31],[-6.249,53.309],[-6.251,53.308],[-6.252,53.308],[-6.255,53.308],[-6.259,53.308],[-6.26,53.308],[-6.26,53.307],[-6.259,53.306],[-6.259,53.302],[-6.26,53.302],[-6.26,53.301],[-6.259,53.301],[-6.26,53.301],[-6.26,53.3],[-6.26,53.299],[-6.259,53.299],[-6.258,53.299],[-6.257,53.299],[-6.257,53.298],[-6.258,53.298],[-6.259,53.296],[-6.259,53.294],[-6.259,53.293],[-6.264,53.292],[-6.267,53.292],[-6.268,53.292],[-6.269,53.292],[-6.269,53.289],[-6.271,53.289],[-6.272,53.289],[-6.277,53.291],[-6.278,53.291],[-6.281,53.291],[-6.282,53.292],[-6.282,53.291],[-6.283,53.291],[-6.287,53.291],[-6.288,53.295],[-6.287,53.296],[-6.288,53.296],[-6.289,53.3],[-6.292,53.299],[-6.293,53.299],[-6.294,53.299],[-6.295,53.299],[-6.296,53.299],[-6.302,53.296],[-6.304,53.297],[-6.303,53.298],[-6.302,53.298],[-6.303,53.298],[-6.304,53.298],[-6.304,53.299],[-6.303,53.299],[-6.302,53.299],[-6.301,53.299],[-6.3,53.3],[-6.299,53.3],[-6.298,53.302],[-6.297,53.302],[-6.302,53.311],[-6.307,53.31],[-6.307,53.309],[-6.308,53.309],[-6.309,53.309],[-6.311,53.308],[-6.312,53.308],[-6.313,53.308],[-6.313,53.307],[-6.314,53.307],[-6.315,53.307],[-6.316,53.307],[-6.317,53.307],[-6.318,53.306],[-6.319,53.305],[-6.32,53.305],[-6.321,53.305],[-6.322,53.304],[-6.323,53.304],[-6.324,53.304],[-6.325,53.304],[-6.328,53.304],[-6.329,53.304],[-6.33,53.304],[-6.331,53.304],[-6.332,53.304],[-6.333,53.304],[-6.334,53.304],[-6.335,53.304],[-6.337,53.305],[-6.337,53.304],[-6.338,53.304],[-6.34,53.306],[-6.341,53.307],[-6.341,53.308],[-6.342,53.308],[-6.341,53.309],[-6.342,53.309],[-6.343,53.309],[-6.342,53.31],[-6.341,53.311],[-6.34,53.313],[-6.339,53.313],[-6.339,53.314],[-6.34,53.314],[-6.341,53.314],[-6.343,53.315],[-6.344,53.315],[-6.344,53.316],[-6.343,53.316],[-6.403,53.305],[-6.474,53.34],[-6.491,53.334],[-6.492,53.334],[-6.493,53.334],[-6.499,53.325],[-6.501,53.321],[-6.505,53.323],[-6.505,53.324],[-6.506,53.325],[-6.509,53.324],[-6.512,53.323],[-6.512,53.324],[-6.513,53.324],[-6.514,53.324],[-6.514,53.323],[-6.516,53.324],[-6.517,53.325],[-6.518,53.325],[-6.531,53.317],[-6.531,53.316],[-6.53,53.302],[-6.527,53.302],[-6.526,53.3],[-6.527,53.3],[-6.531,53.287],[-6.532,53.287],[-6.536,53.284],[-6.545,53.277],[-6.546,53.275],[-6.543,53.276],[-6.542,53.276],[-6.54,53.275],[-6.539,53.275],[-6.538,53.275],[-6.53,53.269],[-6.528,53.267],[-6.526,53.268],[-6.518,53.265],[-6.515,53.264],[-6.514,53.264],[-6.513,53.265],[-6.512,53.265],[-6.509,53.266],[-6.509,53.262],[-6.511,53.262],[-6.511,53.261],[-6.512,53.261],[-6.513,53.261],[-6.514,53.261],[-6.515,53.262],[-6.525,53.257],[-6.525,53.258],[-6.528,53.259],[-6.535,53.254],[-6.534,53.254],[-6.529,53.247],[-6.528,53.247],[-6.527,53.248],[-6.526,53.248],[-6.525,53.248],[-6.524,53.248],[-6.524,53.247],[-6.523,53.247],[-6.522,53.248],[-6.521,53.248],[-6.52,53.248],[-6.519,53.248],[-6.518,53.249],[-6.517,53.249],[-6.515,53.248],[-6.514,53.248],[-6.513,53.248],[-6.512,53.247],[-6.511,53.247],[-6.51,53.247],[-6.496,53.242],[-6.493,53.242],[-6.492,53.242],[-6.488,53.241],[-6.476,53.238],[-6.475,53.238],[-6.474,53.238],[-6.473,53.238],[-6.472,53.238],[-6.473,53.236],[-6.474,53.235],[-6.475,53.234]]]},"properties":{"name":"South County Dublin","name_ga":"Contae Bhaile Átha Cliath Theas","seats":3}},{"type":"Feature","geometry":{"type":"Polygon","coordinates":[[[-6.357,53.352],[-6.359,53.353],[-6.36,53.353],[-6.356,53.332],[-6.355,53.332],[-6.354,53.332],[-6.353,53.332],[-6.352,53.332],[-6.351,53.332],[-6.341,53.319],[-6.34,53.319],[-6.338,53.318],[-6.328,53.324],[-6.327,53.324],[-6.325,53.324],[-6.317,53.325],[-6.316,53.32],[-6.316,53.321],[-6.315,53.321],[-6.314,53.322],[-6.313,53.323],[-6.312,53.324],[-6.311,53.325],[-6.303,53.325],[-6.284,53.331],[-6.285,53.331],[-6.286,53.331],[-6.287,53.331],[-6.288,53.331],[-6.288,53.332],[-6.289,53.332],[-6.29,53.333],[-6.291,53.333],[-6.308,53.347],[-6.325,53.345],[-6.326,53.345],[-6.352,53.354],[-6.354,53.354],[-6.355,53.354],[-6.357,53.352]]]},"properties":{"name":"Dublin South-West","name_ga":"Baile Átha Cliath Thiar Theas","seats":4}},{"type":"Feature","geometry":{"type":"Polygon","coordinates":[[[-6.308,53.347],[-6.29,53.347],[-6.29,53.349],[-6.286,53.35],[-6.286,53.351],[-6.287,53.351],[-6.288,53.351],[-6.289,53.352],[-6.29,53.352],[-6.29,53.353],[-6.291,53.354],[-6.293,53.355],[-6.294,53.355],[-6.293,53.355],[-6.293,53.356],[-6.292,53.356],[-6.291,53.357],[-6.29,53.357],[-6.289,53.357],[-6.287,53.358],[-6.286,53.358],[-6.285,53.358],[-6.284,53.358],[-6.283,53.358],[-6.282,53.359],[-6.281,53.359],[-6.28,53.359],[-6.279,53.36],[-6.277,53.36],[-6.276,53.36],[-6.276,53.361],[-6.275,53.361],[-6.274,53.361],[-6.273,53.361],[-6.272,53.361],[-6.271,53.361],[-6.271,53.363],[-6.27,53.364],[-6.272,53.364],[-6.273,53.365],[-6.276,53.365],[-6.277,53.366],[-6.283,53.368],[-6.285,53.368],[-6.286,53.369],[-6.287,53.369],[-6.288,53.37],[-6.289,53.37],[-6.289,53.371],[-6.29,53.371],[-6.291,53.371],[-6.292,53.371],[-6.293,53.372],[-6.294,53.372],[-6.295,53.372],[-6.295,53.373],[-6.294,53.373],[-6.294,53.374],[-6.293,53.375],[-6.292,53.375],[-6.291,53.375],[-6.291,53.374],[-6.29,53.374],[-6.287,53.374],[-6.287,53.375],[-6.286,53.375],[-6.286,53.376],[-6.277,53.378],[-6.276,53.378],[-6.276,53.379],[-6.274,53.379],[-6.273,53.379],[-6.272,53.379],[-6.271,53.379],[-6.271,53.378],[-6.27,53.378],[-6.266,53.38],[-6.264,53.396],[-6.264,53.395],[-6.272,53.394],[-6.279,53.393],[-6.285,53.397],[-6.286,53.397],[-6.287,53.397],[-6.288,53.397],[-6.289,53.398],[-6.29,53.398],[-6.291,53.398],[-6.292,53.398],[-6.293,53.398],[-6.294,53.399],[-6.295,53.399],[-6.296,53.399],[-6.297,53.399],[-6.298,53.4],[-6.299,53.4],[-6.3,53.4],[-6.301,53.4],[-6.302,53.4],[-6.303,53.4],[-6.303,53.401],[-6.304,53.401],[-6.305,53.401],[-6.306,53.401],[-6.307,53.402],[-6.308,53.402],[-6.308,53.403],[-6.309,53.403],[-6.31,53.403],[-6.31,53.402],[-6.31,53.398],[-6.314,53.399],[-6.316,53.394],[-6.317,53.394],[-6.317,53.393],[-6.318,53.392],[-6.319,53.392],[-6.319,53.391],[-6.32,53.388],[-6.32,53.387],[-6.32,53.386],[-6.32,53.385],[-6.321,53.385],[-6.321,53.384],[-6.322,53.384],[-6.322,53.383],[-6.321,53.383],[-6.322,53.381],[-6.322,53.38],[-6.321,53.38],[-6.32,53.38],[-6.318,53.379],[-6.316,53.378],[-6.315,53.378],[-6.314,53.378],[-6.313,53.378],[-6.312,53.378],[-6.311,53.378],[-6.31,53.378],[-6.31,53.377],[-6.31,53.376],[-6.309,53.375],[-6.308,53.375],[-6.308,53.374],[-6.307,53.373],[-6.306,53.373],[-6.306,53.372],[-6.306,53.371],[-6.308,53.371],[-6.309,53.37],[-6.309,53.369],[-6.323,53.366],[-6.324,53.366],[-6.332,53.37],[-6.351,53.355],[-6.352,53.354],[-6.326,53.345],[-6.325,53.345],[-6.308,53.347]]]},"properties":{"name":"Dublin North-West","name_ga":"Baile Átha Cliath Thiar Thuaidh","seats":4}},{"type":"Feature","geometry":{"type":"Polygon","coordinates":[[[-6.266,53.38],[-6.221,53.373],[-6.22,53.373],[-6.219,53.373],[-6.219,53.372],[-6.218,53.372],[-6.218,53.373],[-6.218,53.372],[-6.217,53.372],[-6.216,53.372],[-6.215,53.373],[-6.214,53.373],[-6.213,53.373],[-6.212,53.373],[-6.212,53.374],[-6.212,53.373],[-6.211,53.373],[-6.21,53.373],[-6.21,53.372],[-6.209,53.373],[-6.208,53.372],[-6.207,53.371],[-6.205,53.371],[-6.204,53.371],[-6.203,53.371],[-6.202,53.37],[-6.201,53.37],[-6.2,53.37],[-6.198,53.37],[-6.197,53.37],[-6.196,53.369],[-6.194,53.369],[-6.193,53.369],[-6.192,53.369],[-6.191,53.369],[-6.19,53.369],[-6.189,53.369],[-6.188,53.369],[-6.187,53.369],[-6.186,53.369],[-6.185,53.369],[-6.184,53.369],[-6.183,53.369],[-6.183,53.368],[-6.182,53.368],[-6.182,53.369],[-6.174,53.366],[-6.117,53.389],[-6.085,53.363],[-6.059,53.364],[-6.045,53.385],[-6.12,53.394],[-6.169,53.383],[-6.168,53.384],[-6.166,53.385],[-6.165,53.385],[-6.164,53.385],[-6.164,53.386],[-6.163,53.387],[-6.162,53.387],[-6.161,53.387],[-6.161,53.388],[-6.159,53.389],[-6.158,53.39],[-6.157,53.39],[-6.157,53.391],[-6.156,53.391],[-6.192,53.393],[-6.233,53.396],[-6.233,53.394],[-6.246,53.393],[-6.249,53.392],[-6.264,53.396],[-6.266,53.38]]]},"properties":{"name":"Dublin North-East","name_ga":"Baile Átha Cliath Thoir Thuaidh","seats":4}},{"type":"Feature","geometry":{"type":"Polygon","coordinates":[[[-6.27,53.364],[-6.269,53.364],[-6.268,53.364],[-6.268,53.363],[-6.266,53.363],[-6.264,53.363],[-6.263,53.362],[-6.262,53.362],[-6.261,53.362],[-6.26,53.362],[-6.26,53.361],[-6.261,53.36],[-6.262,53.359],[-6.261,53.359],[-6.26,53.358],[-6.26,53.357],[-6.259,53.357],[-6.259,53.356],[-6.258,53.356],[-6.257,53.355],[-6.257,53.353],[-6.258,53.353],[-6.259,53.352],[-6.26,53.352],[-6.261,53.352],[-6.261,53.353],[-6.262,53.353],[-6.262,53.352],[-6.263,53.352],[-6.264,53.351],[-6.265,53.351],[-6.266,53.351],[-6.266,53.35],[-6.267,53.35],[-6.268,53.35],[-6.269,53.35],[-6.269,53.349],[-6.27,53.349],[-6.271,53.349],[-6.27,53.348],[-6.27,53.347],[-6.27,53.346],[-6.27,53.345],[-6.268,53.346],[-6.266,53.346],[-6.265,53.346],[-6.264,53.346],[-6.263,53.346],[-6.262,53.346],[-6.262,53.347],[-6.261,53.347],[-6.26,53.347],[-6.259,53.347],[-6.227,53.346],[-6.224,53.345],[-6.214,53.344],[-6.223,53.345],[-6.174,53.366],[-6.182,53.369],[-6.182,53.368],[-6.183,53.368],[-6.183,53.369],[-6.184,53.369],[-6.185,53.369],[-6.186,53.369],[-6.187,53.369],[-6.188,53.369],[-6.189,53.369],[-6.19,53.369],[-6.191,53.369],[-6.192,53.369],[-6.193,53.369],[-6.194,53.369],[-6.196,53.369],[-6.197,53.37],[-6.198,53.37],[-6.2,53.37],[-6.201,53.37],[-6.202,53.37],[-6.203,53.371],[-6.204,53.371],[-6.205,53.371],[-6.207,53.371],[-6.208,53.372],[-6.209,53.373],[-6.21,53.372],[-6.21,53.373],[-6.211,53.373],[-6.212,53.373],[-6.212,53.374],[-6.212,53.373],[-6.213,53.373],[-6.214,53.373],[-6.215,53.373],[-6.216,53.372],[-6.217,53.372],[-6.218,53.372],[-6.218,53.373],[-6.218,53.372],[-6.219,53.372],[-6.219,53.373],[-6.22,53.373],[-6.221,53.373],[-6.266,53.38],[-6.27,53.378],[-6.271,53.378],[-6.271,53.379],[-6.272,53.379],[-6.273,53.379],[-6.274,53.379],[-6.276,53.379],[-6.276,53.378],[-6.277,53.378],[-6.286,53.376],[-6.286,53.375],[-6.287,53.375],[-6.287,53.374],[-6.29,53.374],[-6.291,53.374],[-6.291,53.375],[-6.292,53.375],[-6.293,53.375],[-6.294,53.374],[-6.294,53.373],[-6.295,53.373],[-6.295,53.372],[-6.294,53.372],[-6.293,53.372],[-6.292,53.371],[-6.291,53.371],[-6.29,53.371],[-6.289,53.371],[-6.289,53.37],[-6.288,53.37],[-6.287,53.369],[-6.286,53.369],[-6.285,53.368],[-6.283,53.368],[-6.277,53.366],[-6.276,53.365],[-6.273,53.365],[-6.272,53.364],[-6.27,53.364]]]},"properties":{"name":"Dublin North-Central","name_ga":"Baile Átha Cliath Thuaidh-Lár","seats":4}},{"type":"Feature","geometry":{"type":"Polygon","coordinates":[[[-6.208,53.309],[-6.207,53.309],[-6.207,53.31],[-6.207,53.311],[-6.206,53.312],[-6.205,53.312],[-6.204,53.312],[-6.203,53.312],[-6.201,53.312],[-6.2,53.312],[-6.199,53.312],[-6.198,53.312],[-6.199,53.312],[-6.199,53.313],[-6.214,53.344],[-6.224,53.345],[-6.227,53.346],[-6.259,53.347],[-6.269,53.33],[-6.251,53.308],[-6.249,53.309],[-6.248,53.31],[-6.245,53.313],[-6.241,53.314],[-6.24,53.314],[-6.239,53.313],[-6.237,53.316],[-6.236,53.316],[-6.235,53.316],[-6.234,53.317],[-6.232,53.317],[-6.231,53.316],[-6.23,53.316],[-6.228,53.316],[-6.227,53.315],[-6.228,53.315],[-6.229,53.315],[-6.23,53.315],[-6.23,53.314],[-6.227,53.311],[-6.225,53.309],[-6.224,53.309],[-6.222,53.309],[-6.22,53.31],[-6.22,53.311],[-6.218,53.31],[-6.216,53.309],[-6.215,53.309],[-6.214,53.309],[-6.213,53.31],[-6.211,53.31],[-6.211,53.309],[-6.21,53.309],[-6.209,53.309],[-6.208,53.309]]]},"properties":{"name":"Dublin South-East","name_ga":"Baile Átha Cliath Thoir Theas","seats":3}},{"type":"Feature","geometry":{"type":"Polygon","coordinates":[[[-6.284,53.331],[-6.269,53.33],[-6.259,53.347],[-6.26,53.347],[-6.261,53.347],[-6.262,53.347],[-6.262,53.346],[-6.263,53.346],[-6.264,53.346],[-6.265,53.346],[-6.266,53.346],[-6.268,53.346],[-6.27,53.345],[-6.27,53.346],[-6.27,53.347],[-6.27,53.348],[-6.271,53.349],[-6.27,53.349],[-6.269,53.349],[-6.269,53.35],[-6.268,53.35],[-6.267,53.35],[-6.266,53.35],[-6.266,53.351],[-6.265,53.351],[-6.264,53.351],[-6.263,53.352],[-6.262,53.352],[-6.262,53.353],[-6.261,53.353],[-6.261,53.352],[-6.26,53.352],[-6.259,53.352],[-6.258,53.353],[-6.257,53.353],[-6.257,53.355],[-6.258,53.356],[-6.259,53.356],[-6.259,53.357],[-6.26,53.357],[-6.26,53.358],[-6.261,53.359],[-6.262,53.359],[-6.261,53.36],[-6.26,53.361],[-6.26,53.362],[-6.261,53.362],[-6.262,53.362],[-6.263,53.362],[-6.264,53.363],[-6.266,53.363],[-6.268,53.363],[-6.268,53.364],[-6.269,53.364],[-6.27,53.364],[-6.271,53.363],[-6.271,53.361],[-6.272,53.361],[-6.273,53.361],[-6.274,53.361],[-6.275,53.361],[-6.276,53.361],[-6.276,53.36],[-6.277,53.36],[-6.279,53.36],[-6.28,53.359],[-6.281,53.359],[-6.282,53.359],[-6.283,53.358],[-6.284,53.358],[-6.285,53.358],[-6.286,53.358],[-6.287,53.358],[-6.289,53.357],[-6.29,53.357],[-6.291,53.357],[-6.292,53.356],[-6.293,53.356],[-6.293,53.355],[-6.294,53.355],[-6.293,53.355],[-6.291,53.354],[-6.29,53.353],[-6.29,53.352],[-6.289,53.352],[-6.288,53.351],[-6.287,53.351],[-6.286,53.351],[-6.286,53.35],[-6.29,53.349],[-6.29,53.347],[-6.308,53.347],[-6.291,53.333],[-6.29,53.333],[-6.289,53.332],[-6.288,53.332],[-6.288,53.331],[-6.287,53.331],[-6.286,53.331],[-6.285,53.331],[-6.284,53.331]]]},"properties":{"name":"Dublin Central","name_ga":"Baile Átha Cliath Láir","seats":4}},{"type":"Feature","geometry":{"type":"Polygon","coordinates":[[[-6.251,53.308],[-6.269,53.33],[-6.284,53.331],[-6.303,53.325],[-6.311,53.325],[-6.312,53.324],[-6.313,53.323],[-6.314,53.322],[-6.315,53.321],[-6.316,53.321],[-6.316,53.32],[-6.315,53.319],[-6.31,53.312],[-6.31,53.311],[-6.309,53.311],[-6.307,53.31],[-6.302,53.311],[-6.297,53.302],[-6.298,53.302],[-6.299,53.3],[-6.3,53.3],[-6.301,53.299],[-6.302,53.299],[-6.303,53.299],[-6.304,53.299],[-6.304,53.298],[-6.303,53.298],[-6.302,53.298],[-6.303,53.298],[-6.304,53.297],[-6.302,53.296],[-6.296,53.299],[-6.295,53.299],[-6.294,53.299],[-6.293,53.299],[-6.292,53.299],[-6.289,53.3],[-6.288,53.296],[-6.287,53.296],[-6.288,53.295],[-6.287,53.291],[-6.283,53.291],[-6.282,53.291],[-6.282,53.292],[-6.281,53.291],[-6.278,53.291],[-6.277,53.291],[-6.272,53.289],[-6.271,53.289],[-6.269,53.289],[-6.269,53.292],[-6.268,53.292],[-6.267,53.292],[-6.264,53.292],[-6.259,53.293],[-6.259,53.294],[-6.259,53.296],[-6.258,53.298],[-6.257,53.298],[-6.257,53.299],[-6.258,53.299],[-6.259,53.299],[-6.26,53.299],[-6.26,53.3],[-6.26,53.301],[-6.259,53.301],[-6.26,53.301],[-6.26,53.302],[-6.259,53.302],[-6.259,53.306],[-6.26,53.307],[-6.26,53.308],[-6.259,53.308],[-6.255,53.308],[-6.252,53.308],[-6.251,53.308]]]},"properties":{"name":"Dublin South-Central","name_ga":"Baile Átha Cliath Theas-Lár","seats":4}},{"type":"Feature","geometry":{"type":"MultiPolygon","coordinates":[[[[-6.117,53.245],[-6.1,53.282],[-6.198,53.312],[-6.199,53.312],[-6.2,53.312],[-6.201,53.312],[-6.203,53.312],[-6.204,53.312],[-6.205,53.312],[-6.206,53.312],[-6.207,53.311],[-6.207,53.31],[-6.207,53.309],[-6.208,53.309],[-6.207,53.309],[-6.205,53.307],[-6.202,53.294],[-6.214,53.272],[-6.179,53.255],[-6.134,53.244],[-6.132,53.242],[-6.13,53.242],[-6.13,53.243],[-6.129,53.242],[-6.128,53.242],[-6.126,53.242],[-6.125,53.242],[-6.124,53.242],[-6.122,53.242],[-6.117,53.245]]],[[[-6.198,53.312],[-6.199,53.313],[-6.199,53.312],[-6.198,53.312]]]]},"properties":{"name":"Dún Laoghaire and Rathdown","name_ga":"Dún Laoghaire agus Ráth an Dúin","seats":4}},{"type":"Feature","geometry":{"type":"Polygon","coordinates":[[[-6.492,53.334],[-6.491,53.334],[-6.474,53.34],[-6.403,53.305],[-6.343,53.316],[-6.344,53.316],[-6.344,53.315],[-6.343,53.315],[-6.341,53.314],[-6.34,53.314],[-6.339,53.314],[-6.339,53.313],[-6.34,53.313],[-6.341,53.311],[-6.342,53.31],[-6.343,53.309],[-6.342,53.309],[-6.341,53.309],[-6.342,53.308],[-6.341,53.308],[-6.341,53.307],[-6.34,53.306],[-6.338,53.304],[-6.337,53.304],[-6.337,53.305],[-6.335,53.304],[-6.334,53.304],[-6.333,53.304],[-6.332,53.304],[-6.331,53.304],[-6.33,53.304],[-6.329,53.304],[-6.328,53.304],[-6.325,53.304],[-6.324,53.304],[-6.323,53.304],[-6.322,53.304],[-6.321,53.305],[-6.32,53.305],[-6.319,53.305],[-6.318,53.306],[-6.317,53.307],[-6.316,53.307],[-6.315,53.307],[-6.314,53.307],[-6.313,53.307],[-6.313,53.308],[-6.312,53.308],[-6.311,53.308],[-6.309,53.309],[-6.308,53.309],[-6.307,53.309],[-6.307,53.31],[-6.309,53.311],[-6.31,53.311],[-6.31,53.312],[-6.315,53.319],[-6.316,53.32],[-6.317,53.325],[-6.325,53.324],[-6.327,53.324],[-6.328,53.324],[-6.338,53.318],[-6.34,53.319],[-6.341,53.319],[-6.351,53.332],[-6.352,53.332],[-6.353,53.332],[-6.354,53.332],[-6.355,53.332],[-6.356,53.332],[-6.36,53.353],[-6.359,53.353],[-6.357,53.352],[-6.355,53.354],[-6.354,53.354],[-6.352,53.354],[-6.351,53.355],[-6.332,53.37],[-6.324,53.366],[-6.323,53.366],[-6.309,53.369],[-6.309,53.37],[-6.308,53.371],[-6.306,53.371],[-6.306,53.372],[-6.306,53.373],[-6.307,53.373],[-6.308,53.374],[-6.308,53.375],[-6.309,53.375],[-6.31,53.376],[-6.31,53.377],[-6.31,53.378],[-6.311,53.378],[-6.312,53.378],[-6.313,53.378],[-6.314,53.378],[-6.315,53.378],[-6.316,53.378],[-6.318,53.379],[-6.32,53.38],[-6.321,53.38],[-6.322,53.38],[-6.322,53.381],[-6.321,53.383],[-6.322,53.383],[-6.322,53.384],[-6.321,53.384],[-6.321,53.385],[-6.32,53.385],[-6.32,53.386],[-6.32,53.387],[-6.32,53.388],[-6.319,53.391],[-6.319,53.392],[-6.318,53.392],[-6.317,53.393],[-6.317,53.394],[-6.316,53.394],[-6.314,53.399],[-6.31,53.398],[-6.31,53.402],[-6.31,53.403],[-6.309,53.403],[-6.308,53.403],[-6.308,53.402],[-6.307,53.402],[-6.306,53.401],[-6.305,53.401],[-6.304,53.401],[-6.303,53.401],[-6.303,53.4],[-6.302,53.4],[-6.301,53.4],[-6.3,53.4],[-6.299,53.4],[-6.298,53.4],[-6.297,53.399],[-6.296,53.399],[-6.295,53.399],[-6.294,53.399],[-6.293,53.398],[-6.292,53.398],[-6.291,53.398],[-6.29,53.398],[-6.289,53.398],[-6.288,53.397],[-6.287,53.397],[-6.286,53.397],[-6.285,53.397],[-6.279,53.393],[-6.272,53.394],[-6.264,53.395],[-6.264,53.396],[-6.249,53.392],[-6.246,53.393],[-6.233,53.394],[-6.233,53.396],[-6.192,53.393],[-6.156,53.391],[-6.157,53.391],[-6.157,53.39],[-6.158,53.39],[-6.159,53.389],[-6.161,53.388],[-6.161,53.387],[-6.162,53.387],[-6.163,53.387],[-6.164,53.386],[-6.164,53.385],[-6.165,53.385],[-6.166,53.385],[-6.168,53.384],[-6.169,53.383],[-6.12,53.394],[-6.113,53.403],[-6.125,53.444],[-6.143,53.462],[-6.096,53.489],[-6.126,53.502],[-6.084,53.517],[-6.084,53.56],[-6.105,53.581],[-6.155,53.591],[-6.188,53.626],[-6.213,53.634],[-6.214,53.634],[-6.214,53.633],[-6.215,53.633],[-6.217,53.633],[-6.216,53.632],[-6.217,53.632],[-6.218,53.632],[-6.218,53.631],[-6.22,53.63],[-6.225,53.629],[-6.241,53.635],[-6.267,53.622],[-6.272,53.597],[-6.335,53.573],[-6.369,53.589],[-6.414,53.573],[-6.429,53.559],[-6.432,53.551],[-6.435,53.55],[-6.436,53.549],[-6.435,53.548],[-6.434,53.547],[-6.434,53.546],[-6.433,53.544],[-6.408,53.526],[-6.386,53.523],[-6.383,53.521],[-6.367,53.517],[-6.368,53.516],[-6.367,53.516],[-6.367,53.515],[-6.367,53.514],[-6.367,53.513],[-6.367,53.512],[-6.367,53.51],[-6.367,53.509],[-6.368,53.507],[-6.367,53.507],[-6.367,53.506],[-6.366,53.506],[-6.363,53.505],[-6.36,53.504],[-6.359,53.505],[-6.346,53.502],[-6.34,53.492],[-6.332,53.491],[-6.331,53.491],[-6.331,53.492],[-6.33,53.492],[-6.329,53.492],[-6.33,53.491],[-6.33,53.49],[-6.331,53.489],[-6.331,53.486],[-6.338,53.478],[-6.348,53.472],[-6.352,53.466],[-6.353,53.466],[-6.354,53.464],[-6.354,53.463],[-6.355,53.463],[-6.355,53.462],[-6.355,53.447],[-6.41,53.441],[-6.46,53.388],[-6.463,53.384],[-6.464,53.384],[-6.465,53.384],[-6.465,53.385],[-6.466,53.385],[-6.467,53.385],[-6.47,53.379],[-6.472,53.374],[-6.473,53.37],[-6.473,53.369],[-6.473,53.368],[-6.473,53.367],[-6.486,53.363],[-6.487,53.363],[-6.488,53.363],[-6.495,53.353],[-6.494,53.353],[-6.497,53.341],[-6.495,53.341],[-6.494,53.342],[-6.493,53.341],[-6.492,53.338],[-6.49,53.339],[-6.492,53.334]]]},"properties":{"name":"North County Dublin","name_ga":"Contae Bhaile Átha Cliath Thuaidh","seats":4}},{"type":"Feature","geometry":{"type":"Polygon","coordinates":[[[-6.593,53.83],[-6.594,53.83],[-6.593,53.83],[-6.592,53.83],[-6.591,53.83],[-6.59,53.83],[-6.589,53.83],[-6.587,53.83],[-6.586,53.83],[-6.585,53.83],[-6.584,53.829],[-6.583,53.829],[-6.582,53.828],[-6.583,53.827],[-6.583,53.826],[-6.583,53.825],[-6.582,53.825],[-6.582,53.824],[-6.581,53.824],[-6.58,53.824],[-6.58,53.823],[-6.581,53.823],[-6.58,53.823],[-6.58,53.822],[-6.579,53.821],[-6.579,53.82],[-6.579,53.819],[-6.58,53.819],[-6.579,53.819],[-6.58,53.818],[-6.58,53.817],[-6.581,53.817],[-6.581,53.818],[-6.582,53.817],[-6.583,53.817],[-6.584,53.817],[-6.583,53.816],[-6.582,53.816],[-6.582,53.815],[-6.581,53.815],[-6.58,53.815],[-6.579,53.814],[-6.58,53.814],[-6.58,53.813],[-6.58,53.812],[-6.58,53.811],[-6.58,53.81],[-6.579,53.81],[-6.578,53.809],[-6.577,53.809],[-6.577,53.808],[-6.578,53.808],[-6.579,53.808],[-6.58,53.808],[-6.58,53.807],[-6.58,53.806],[-6.579,53.806],[-6.578,53.806],[-6.577,53.806],[-6.577,53.805],[-6.578,53.805],[-6.579,53.805],[-6.579,53.804],[-6.58,53.804],[-6.579,53.804],[-6.579,53.803],[-6.58,53.803],[-6.579,53.803],[-6.58,53.803],[-6.579,53.803],[-6.579,53.802],[-6.578,53.802],[-6.577,53.802],[-6.577,53.801],[-6.576,53.801],[-6.576,53.8],[-6.575,53.8],[-6.575,53.799],[-6.576,53.799],[-6.575,53.799],[-6.574,53.799],[-6.574,53.798],[-6.573,53.798],[-6.572,53.798],[-6.571,53.797],[-6.572,53.797],[-6.571,53.797],[-6.57,53.797],[-6.569,53.797],[-6.569,53.798],[-6.568,53.797],[-6.568,53.798],[-6.568,53.797],[-6.567,53.797],[-6.567,53.798],[-6.567,53.797],[-6.566,53.797],[-6.565,53.798],[-6.564,53.797],[-6.563,53.797],[-6.562,53.797],[-6.561,53.797],[-6.56,53.797],[-6.559,53.797],[-6.558,53.797],[-6.557,53.797],[-6.557,53.798],[-6.556,53.798],[-6.555,53.798],[-6.554,53.798],[-6.553,53.798],[-6.552,53.797],[-6.553,53.797],[-6.553,53.796],[-6.554,53.795],[-6.553,53.794],[-6.553,53.793],[-6.553,53.792],[-6.552,53.792],[-6.552,53.791],[-6.552,53.79],[-6.552,53.789],[-6.552,53.788],[-6.552,53.787],[-6.551,53.787],[-6.551,53.786],[-6.55,53.786],[-6.55,53.785],[-6.549,53.785],[-6.549,53.784],[-6.549,53.783],[-6.549,53.782],[-6.549,53.781],[-6.549,53.78],[-6.549,53.779],[-6.548,53.779],[-6.548,53.778],[-6.547,53.778],[-6.546,53.778],[-6.545,53.778],[-6.545,53.779],[-6.544,53.779],[-6.543,53.779],[-6.542,53.779],[-6.542,53.778],[-6.541,53.778],[-6.54,53.778],[-6.539,53.779],[-6.538,53.779],[-6.538,53.78],[-6.537,53.78],[-6.536,53.78],[-6.535,53.779],[-6.534,53.779],[-6.534,53.778],[-6.533,53.778],[-6.532,53.777],[-6.531,53.777],[-6.531,53.776],[-6.53,53.776],[-6.53,53.775],[-6.529,53.775],[-6.528,53.774],[-6.529,53.773],[-6.529,53.772],[-6.529,53.771],[-6.529,53.77],[-6.529,53.769],[-6.528,53.769],[-6.527,53.769],[-6.526,53.769],[-6.525,53.769],[-6.524,53.769],[-6.522,53.769],[-6.521,53.769],[-6.521,53.77],[-6.52,53.769],[-6.519,53.768],[-6.518,53.767],[-6.517,53.767],[-6.516,53.767],[-6.515,53.767],[-6.513,53.767],[-6.512,53.767],[-6.511,53.767],[-6.51,53.767],[-6.509,53.767],[-6.508,53.767],[-6.507,53.767],[-6.507,53.768],[-6.506,53.768],[-6.504,53.768],[-6.502,53.768],[-6.5,53.768],[-6.498,53.768],[-6.497,53.768],[-6.496,53.768],[-6.495,53.768],[-6.494,53.769],[-6.493,53.769],[-6.492,53.769],[-6.491,53.769],[-6.488,53.769],[-6.487,53.769],[-6.487,53.768],[-6.486,53.768],[-6.485,53.769],[-6.484,53.769],[-6.483,53.769],[-6.482,53.769],[-6.481,53.769],[-6.48,53.769],[-6.479,53.77],[-6.478,53.77],[-6.477,53.77],[-6.475,53.77],[-6.474,53.77],[-6.473,53.77],[-6.471,53.77],[-6.47,53.77],[-6.469,53.77],[-6.468,53.77],[-6.467,53.77],[-6.467,53.769],[-6.466,53.769],[-6.465,53.769],[-6.464,53.768],[-6.463,53.768],[-6.462,53.768],[-6.461,53.768],[-6.461,53.767],[-6.46,53.767],[-6.459,53.767],[-6.458,53.767],[-6.457,53.767],[-6.456,53.767],[-6.455,53.767],[-6.455,53.766],[-6.454,53.766],[-6.454,53.765],[-6.453,53.765],[-6.453,53.764],[-6.452,53.764],[-6.452,53.763],[-6.452,53.764],[-6.451,53.763],[-6.452,53.763],[-6.451,53.763],[-6.45,53.763],[-6.45,53.762],[-6.451,53.762],[-6.451,53.761],[-6.451,53.76],[-6.451,53.759],[-6.45,53.759],[-6.45,53.76],[-6.449,53.76],[-6.449,53.759],[-6.448,53.759],[-6.448,53.758],[-6.447,53.758],[-6.447,53.757],[-6.448,53.757],[-6.449,53.757],[-6.449,53.756],[-6.45,53.756],[-6.45,53.755],[-6.451,53.755],[-6.451,53.754],[-6.452,53.754],[-6.453,53.754],[-6.454,53.754],[-6.454,53.753],[-6.455,53.753],[-6.455,53.752],[-6.456,53.752],[-6.457,53.752],[-6.458,53.752],[-6.459,53.751],[-6.458,53.751],[-6.458,53.75],[-6.459,53.75],[-6.46,53.749],[-6.459,53.749],[-6.46,53.749],[-6.46,53.748],[-6.46,53.747],[-6.462,53.747],[-6.463,53.747],[-6.463,53.746],[-6.464,53.746],[-6.464,53.745],[-6.465,53.744],[-6.466,53.743],[-6.467,53.743],[-6.467,53.742],[-6.467,53.741],[-6.468,53.74],[-6.469,53.74],[-6.469,53.739],[-6.47,53.739],[-6.471,53.739],[-6.472,53.739],[-6.472,53.738],[-6.473,53.738],[-6.474,53.737],[-6.474,53.738],[-6.475,53.738],[-6.475,53.737],[-6.474,53.737],[-6.473,53.737],[-6.474,53.736],[-6.475,53.735],[-6.476,53.734],[-6.477,53.734],[-6.478,53.734],[-6.479,53.734],[-6.478,53.734],[-6.478,53.733],[-6.479,53.733],[-6.479,53.732],[-6.48,53.732],[-6.48,53.731],[-6.481,53.731],[-6.48,53.731],[-6.481,53.73],[-6.482,53.73],[-6.483,53.73],[-6.483,53.731],[-6.483,53.73],[-6.484,53.73],[-6.483,53.729],[-6.483,53.728],[-6.483,53.727],[-6.483,53.726],[-6.482,53.726],[-6.481,53.726],[-6.48,53.726],[-6.479,53.726],[-6.479,53.725],[-6.478,53.725],[-6.478,53.724],[-6.479,53.724],[-6.479,53.723],[-6.48,53.723],[-6.479,53.722],[-6.479,53.723],[-6.478,53.723],[-6.477,53.722],[-6.477,53.723],[-6.476,53.723],[-6.475,53.723],[-6.474,53.722],[-6.473,53.722],[-6.472,53.721],[-6.471,53.721],[-6.471,53.722],[-6.471,53.721],[-6.47,53.721],[-6.469,53.721],[-6.469,53.72],[-6.469,53.719],[-6.468,53.719],[-6.468,53.718],[-6.467,53.717],[-6.466,53.716],[-6.466,53.715],[-6.465,53.715],[-6.465,53.714],[-6.464,53.714],[-6.464,53.713],[-6.463,53.713],[-6.462,53.713],[-6.461,53.713],[-6.46,53.713],[-6.459,53.713],[-6.458,53.713],[-6.457,53.713],[-6.456,53.713],[-6.455,53.713],[-6.456,53.714],[-6.455,53.715],[-6.454,53.715],[-6.453,53.715],[-6.452,53.715],[-6.451,53.714],[-6.451,53.715],[-6.45,53.715],[-6.449,53.715],[-6.449,53.714],[-6.448,53.714],[-6.448,53.715],[-6.447,53.715],[-6.446,53.715],[-6.445,53.716],[-6.444,53.716],[-6.443,53.716],[-6.442,53.716],[-6.442,53.715],[-6.441,53.716],[-6.441,53.715],[-6.44,53.715],[-6.439,53.715],[-6.438,53.715],[-6.437,53.715],[-6.436,53.716],[-6.435,53.716],[-6.435,53.717],[-6.436,53.717],[-6.437,53.718],[-6.437,53.719],[-6.438,53.719],[-6.437,53.719],[-6.436,53.719],[-6.435,53.719],[-6.434,53.719],[-6.433,53.719],[-6.433,53.72],[-6.432,53.72],[-6.431,53.72],[-6.43,53.72],[-6.429,53.72],[-6.429,53.721],[-6.428,53.721],[-6.428,53.722],[-6.428,53.723],[-6.428,53.724],[-6.427,53.724],[-6.427,53.725],[-6.426,53.725],[-6.425,53.725],[-6.424,53.725],[-6.422,53.725],[-6.421,53.726],[-6.42,53.726],[-6.419,53.726],[-6.418,53.726],[-6.418,53.725],[-6.417,53.725],[-6.416,53.725],[-6.415,53.724],[-6.414,53.724],[-6.413,53.724],[-6.413,53.723],[-6.412,53.723],[-6.411,53.723],[-6.41,53.723],[-6.408,53.723],[-6.408,53.722],[-6.407,53.722],[-6.406,53.722],[-6.405,53.722],[-6.405,53.721],[-6.404,53.721],[-6.403,53.72],[-6.402,53.72],[-6.401,53.72],[-6.4,53.72],[-6.399,53.719],[-6.398,53.719],[-6.397,53.719],[-6.396,53.719],[-6.395,53.719],[-6.394,53.719],[-6.393,53.719],[-6.392,53.719],[-6.391,53.719],[-6.391,53.718],[-6.39,53.718],[-6.389,53.718],[-6.388,53.718],[-6.386,53.717],[-6.385,53.717],[-6.384,53.717],[-6.383,53.717],[-6.382,53.717],[-6.381,53.717],[-6.379,53.716],[-6.378,53.716],[-6.377,53.716],[-6.376,53.716],[-6.376,53.717],[-6.376,53.716],[-6.376,53.715],[-6.366,53.709],[-6.36,53.707],[-6.355,53.706],[-6.353,53.705],[-6.352,53.705],[-6.351,53.705],[-6.35,53.705],[-6.349,53.705],[-6.348,53.705],[-6.347,53.705],[-6.346,53.705],[-6.345,53.706],[-6.344,53.706],[-6.343,53.706],[-6.342,53.706],[-6.341,53.706],[-6.34,53.706],[-6.339,53.706],[-6.335,53.707],[-6.334,53.707],[-6.333,53.707],[-6.332,53.707],[-6.331,53.707],[-6.326,53.708],[-6.325,53.718],[-6.325,53.719],[-6.324,53.719],[-6.322,53.72],[-6.319,53.72],[-6.318,53.72],[-6.317,53.72],[-6.316,53.72],[-6.315,53.72],[-6.311,53.72],[-6.309,53.72],[-6.308,53.72],[-6.305,53.72],[-6.304,53.72],[-6.302,53.72],[-6.3,53.721],[-6.298,53.721],[-6.297,53.721],[-6.295,53.721],[-6.289,53.723],[-6.285,53.725],[-6.279,53.728],[-6.277,53.728],[-6.274,53.73],[-6.273,53.73],[-6.272,53.731],[-6.271,53.731],[-6.271,53.732],[-6.27,53.732],[-6.269,53.732],[-6.268,53.732],[-6.267,53.732],[-6.266,53.732],[-6.265,53.732],[-6.264,53.732],[-6.264,53.731],[-6.263,53.731],[-6.261,53.731],[-6.26,53.731],[-6.258,53.731],[-6.257,53.731],[-6.257,53.73],[-6.255,53.729],[-6.254,53.727],[-6.254,53.726],[-6.251,53.724],[-6.249,53.723],[-6.247,53.722],[-6.249,53.754],[-6.238,53.784],[-6.26,53.806],[-6.25,53.851],[-6.238,53.86],[-6.306,53.879],[-6.331,53.876],[-6.369,53.904],[-6.377,53.957],[-6.366,53.98],[-6.34,53.997],[-6.297,54.009],[-6.25,53.988],[-6.164,53.977],[-6.11,53.996],[-6.129,54.031],[-6.152,54.028],[-6.195,54.056],[-6.246,54.077],[-6.278,54.109],[-6.368,54.111],[-6.367,54.07],[-6.433,54.061],[-6.475,54.076],[-6.489,54.064],[-6.489,54.063],[-6.488,54.063],[-6.488,54.062],[-6.487,54.062],[-6.486,54.06],[-6.485,54.06],[-6.485,54.059],[-6.484,54.058],[-6.484,54.057],[-6.485,54.057],[-6.486,54.057],[-6.486,54.056],[-6.487,54.056],[-6.488,54.056],[-6.488,54.055],[-6.489,54.055],[-6.489,54.054],[-6.49,54.054],[-6.491,54.054],[-6.491,54.053],[-6.492,54.053],[-6.493,54.052],[-6.493,54.051],[-6.492,54.051],[-6.492,54.05],[-6.491,54.05],[-6.49,54.049],[-6.489,54.049],[-6.489,54.048],[-6.488,54.048],[-6.489,54.048],[-6.49,54.047],[-6.49,54.046],[-6.49,54.045],[-6.491,54.045],[-6.491,54.044],[-6.49,54.044],[-6.49,54.043],[-6.489,54.043],[-6.489,54.042],[-6.488,54.041],[-6.487,54.041],[-6.487,54.04],[-6.488,54.039],[-6.487,54.039],[-6.486,54.039],[-6.485,54.039],[-6.485,54.038],[-6.485,54.037],[-6.485,54.036],[-6.486,54.036],[-6.487,54.036],[-6.488,54.036],[-6.489,54.036],[-6.49,54.036],[-6.491,54.036],[-6.491,54.037],[-6.492,54.037],[-6.493,54.037],[-6.494,54.038],[-6.494,54.037],[-6.495,54.037],[-6.496,54.037],[-6.497,54.037],[-6.498,54.037],[-6.499,54.037],[-6.5,54.037],[-6.5,54.036],[-6.501,54.036],[-6.501,54.035],[-6.502,54.035],[-6.502,54.034],[-6.503,54.034],[-6.502,54.034],[-6.501,54.034],[-6.5,54.034],[-6.499,54.033],[-6.498,54.033],[-6.497,54.033],[-6.496,54.033],[-6.495,54.032],[-6.494,54.032],[-6.492,54.032],[-6.492,54.031],[-6.489,54.03],[-6.488,54.031],[-6.485,54.031],[-6.484,54.031],[-6.483,54.031],[-6.482,54.031],[-6.481,54.031],[-6.48,54.031],[-6.479,54.03],[-6.478,54.03],[-6.477,54.03],[-6.476,54.031],[-6.476,54.03],[-6.475,54.03],[-6.474,54.03],[-6.473,54.03],[-6.472,54.03],[-6.471,54.03],[-6.471,54.029],[-6.47,54.029],[-6.469,54.029],[-6.469,54.028],[-6.468,54.029],[-6.467,54.029],[-6.466,54.029],[-6.465,54.029],[-6.464,54.029],[-6.465,54.028],[-6.465,54.027],[-6.465,54.026],[-6.466,54.026],[-6.466,54.025],[-6.466,54.024],[-6.466,54.023],[-6.466,54.022],[-6.466,54.021],[-6.466,54.02],[-6.466,54.019],[-6.467,54.019],[-6.468,54.02],[-6.469,54.019],[-6.469,54.018],[-6.47,54.017],[-6.469,54.017],[-6.469,54.016],[-6.468,54.015],[-6.466,54.015],[-6.466,54.014],[-6.465,54.014],[-6.464,54.014],[-6.464,54.013],[-6.465,54.013],[-6.465,54.012],[-6.467,54.011],[-6.468,54.011],[-6.468,54.01],[-6.468,54.009],[-6.468,54.008],[-6.468,54.007],[-6.468,54.006],[-6.467,54.006],[-6.468,54.006],[-6.468,54.005],[-6.469,54.005],[-6.47,54.005],[-6.471,54.005],[-6.472,54.005],[-6.472,54.004],[-6.471,54.003],[-6.471,54.002],[-6.472,54.002],[-6.474,54.001],[-6.475,54.001],[-6.475,54],[-6.475,54.001],[-6.476,54.001],[-6.478,54],[-6.479,54],[-6.479,53.999],[-6.479,53.998],[-6.48,53.998],[-6.481,53.998],[-6.482,53.998],[-6.482,53.997],[-6.483,53.997],[-6.483,53.996],[-6.484,53.996],[-6.484,53.995],[-6.483,53.995],[-6.483,53.994],[-6.483,53.993],[-6.484,53.992],[-6.485,53.992],[-6.486,53.992],[-6.486,53.991],[-6.487,53.99],[-6.487,53.989],[-6.487,53.988],[-6.487,53.987],[-6.486,53.987],[-6.486,53.986],[-6.485,53.986],[-6.484,53.986],[-6.482,53.985],[-6.482,53.984],[-6.481,53.984],[-6.48,53.984],[-6.478,53.984],[-6.476,53.983],[-6.477,53.983],[-6.478,53.983],[-6.479,53.982],[-6.48,53.982],[-6.481,53.982],[-6.483,53.983],[-6.484,53.983],[-6.485,53.983],[-6.486,53.983],[-6.487,53.982],[-6.487,53.981],[-6.487,53.98],[-6.487,53.979],[-6.487,53.978],[-6.487,53.977],[-6.486,53.977],[-6.486,53.976],[-6.485,53.975],[-6.485,53.974],[-6.485,53.973],[-6.486,53.972],[-6.487,53.972],[-6.487,53.971],[-6.488,53.971],[-6.489,53.97],[-6.49,53.97],[-6.491,53.97],[-6.492,53.97],[-6.493,53.969],[-6.494,53.969],[-6.495,53.969],[-6.495,53.968],[-6.496,53.968],[-6.497,53.969],[-6.496,53.97],[-6.497,53.97],[-6.497,53.971],[-6.498,53.971],[-6.498,53.972],[-6.499,53.972],[-6.499,53.973],[-6.5,53.973],[-6.501,53.973],[-6.502,53.973],[-6.502,53.972],[-6.503,53.972],[-6.504,53.973],[-6.505,53.973],[-6.506,53.973],[-6.507,53.973],[-6.508,53.973],[-6.509,53.973],[-6.51,53.973],[-6.511,53.974],[-6.512,53.974],[-6.513,53.974],[-6.513,53.973],[-6.514,53.973],[-6.515,53.973],[-6.516,53.973],[-6.517,53.973],[-6.518,53.973],[-6.519,53.972],[-6.521,53.972],[-6.522,53.972],[-6.523,53.972],[-6.524,53.972],[-6.525,53.972],[-6.526,53.972],[-6.527,53.972],[-6.528,53.972],[-6.529,53.972],[-6.53,53.972],[-6.531,53.972],[-6.532,53.972],[-6.533,53.972],[-6.534,53.972],[-6.535,53.972],[-6.535,53.973],[-6.536,53.972],[-6.536,53.971],[-6.535,53.97],[-6.536,53.97],[-6.537,53.97],[-6.537,53.969],[-6.538,53.969],[-6.54,53.968],[-6.541,53.968],[-6.542,53.968],[-6.544,53.969],[-6.545,53.97],[-6.546,53.97],[-6.547,53.97],[-6.55,53.97],[-6.551,53.97],[-6.552,53.97],[-6.553,53.97],[-6.556,53.97],[-6.557,53.97],[-6.558,53.97],[-6.559,53.97],[-6.559,53.971],[-6.56,53.971],[-6.561,53.971],[-6.562,53.971],[-6.563,53.971],[-6.564,53.971],[-6.565,53.971],[-6.566,53.971],[-6.567,53.971],[-6.568,53.971],[-6.569,53.971],[-6.57,53.971],[-6.57,53.97],[-6.571,53.97],[-6.572,53.97],[-6.572,53.969],[-6.573,53.969],[-6.574,53.97],[-6.575,53.97],[-6.576,53.97],[-6.576,53.971],[-6.577,53.97],[-6.578,53.97],[-6.579,53.97],[-6.581,53.97],[-6.582,53.97],[-6.583,53.97],[-6.584,53.97],[-6.585,53.97],[-6.586,53.97],[-6.587,53.97],[-6.588,53.97],[-6.589,53.969],[-6.589,53.968],[-6.589,53.967],[-6.588,53.966],[-6.587,53.966],[-6.586,53.966],[-6.585,53.965],[-6.584,53.965],[-6.584,53.964],[-6.583,53.964],[-6.583,53.963],[-6.582,53.963],[-6.582,53.962],[-6.581,53.962],[-6.581,53.961],[-6.58,53.96],[-6.579,53.96],[-6.578,53.96],[-6.577,53.96],[-6.577,53.959],[-6.578,53.958],[-6.578,53.957],[-6.579,53.955],[-6.579,53.954],[-6.579,53.953],[-6.579,53.952],[-6.579,53.951],[-6.579,53.95],[-6.58,53.95],[-6.58,53.949],[-6.58,53.948],[-6.581,53.948],[-6.582,53.948],[-6.583,53.947],[-6.584,53.947],[-6.585,53.947],[-6.586,53.947],[-6.587,53.947],[-6.587,53.946],[-6.588,53.946],[-6.588,53.945],[-6.589,53.945],[-6.59,53.945],[-6.59,53.944],[-6.591,53.943],[-6.591,53.942],[-6.59,53.942],[-6.589,53.942],[-6.589,53.941],[-6.59,53.941],[-6.59,53.94],[-6.591,53.94],[-6.591,53.939],[-6.592,53.939],[-6.593,53.939],[-6.595,53.939],[-6.595,53.938],[-6.594,53.938],[-6.593,53.938],[-6.592,53.938],[-6.591,53.938],[-6.59,53.938],[-6.588,53.938],[-6.588,53.939],[-6.587,53.939],[-6.586,53.939],[-6.585,53.939],[-6.584,53.939],[-6.583,53.939],[-6.582,53.939],[-6.582,53.938],[-6.581,53.938],[-6.58,53.938],[-6.579,53.938],[-6.578,53.939],[-6.577,53.939],[-6.576,53.939],[-6.576,53.94],[-6.575,53.94],[-6.572,53.94],[-6.571,53.94],[-6.57,53.94],[-6.569,53.94],[-6.568,53.94],[-6.567,53.939],[-6.566,53.938],[-6.567,53.938],[-6.567,53.937],[-6.566,53.937],[-6.565,53.937],[-6.564,53.937],[-6.563,53.937],[-6.562,53.936],[-6.561,53.936],[-6.56,53.936],[-6.56,53.935],[-6.559,53.935],[-6.559,53.934],[-6.558,53.934],[-6.557,53.934],[-6.556,53.933],[-6.555,53.933],[-6.555,53.932],[-6.554,53.932],[-6.553,53.931],[-6.552,53.931],[-6.551,53.931],[-6.55,53.93],[-6.549,53.93],[-6.548,53.93],[-6.547,53.93],[-6.547,53.929],[-6.546,53.929],[-6.545,53.929],[-6.545,53.93],[-6.544,53.93],[-6.544,53.929],[-6.543,53.929],[-6.543,53.928],[-6.542,53.928],[-6.542,53.927],[-6.543,53.927],[-6.544,53.927],[-6.544,53.926],[-6.545,53.926],[-6.545,53.925],[-6.546,53.925],[-6.546,53.924],[-6.547,53.924],[-6.548,53.924],[-6.548,53.923],[-6.549,53.923],[-6.55,53.923],[-6.551,53.923],[-6.551,53.922],[-6.55,53.922],[-6.55,53.921],[-6.549,53.921],[-6.548,53.92],[-6.547,53.92],[-6.546,53.92],[-6.545,53.919],[-6.544,53.919],[-6.543,53.919],[-6.543,53.918],[-6.543,53.917],[-6.542,53.917],[-6.542,53.916],[-6.542,53.915],[-6.541,53.915],[-6.541,53.914],[-6.54,53.913],[-6.539,53.912],[-6.538,53.912],[-6.537,53.912],[-6.537,53.911],[-6.536,53.911],[-6.535,53.91],[-6.534,53.91],[-6.533,53.91],[-6.532,53.91],[-6.531,53.91],[-6.53,53.909],[-6.529,53.909],[-6.529,53.908],[-6.528,53.908],[-6.528,53.907],[-6.527,53.907],[-6.526,53.907],[-6.525,53.906],[-6.524,53.905],[-6.523,53.905],[-6.522,53.905],[-6.521,53.905],[-6.52,53.905],[-6.519,53.905],[-6.517,53.906],[-6.516,53.906],[-6.515,53.906],[-6.514,53.906],[-6.513,53.906],[-6.512,53.906],[-6.511,53.905],[-6.511,53.904],[-6.51,53.904],[-6.51,53.903],[-6.511,53.903],[-6.511,53.901],[-6.511,53.9],[-6.51,53.899],[-6.509,53.899],[-6.508,53.899],[-6.507,53.899],[-6.506,53.899],[-6.504,53.899],[-6.501,53.899],[-6.499,53.899],[-6.498,53.9],[-6.496,53.9],[-6.495,53.9],[-6.494,53.901],[-6.493,53.901],[-6.492,53.901],[-6.491,53.901],[-6.49,53.901],[-6.489,53.9],[-6.491,53.898],[-6.492,53.898],[-6.492,53.897],[-6.492,53.896],[-6.492,53.895],[-6.492,53.894],[-6.491,53.893],[-6.49,53.892],[-6.489,53.892],[-6.488,53.892],[-6.486,53.892],[-6.484,53.892],[-6.483,53.892],[-6.482,53.893],[-6.482,53.892],[-6.481,53.892],[-6.48,53.892],[-6.478,53.892],[-6.476,53.892],[-6.475,53.892],[-6.474,53.891],[-6.469,53.89],[-6.468,53.889],[-6.467,53.888],[-6.466,53.887],[-6.465,53.887],[-6.466,53.885],[-6.466,53.884],[-6.469,53.884],[-6.471,53.884],[-6.473,53.884],[-6.476,53.884],[-6.478,53.884],[-6.479,53.883],[-6.48,53.883],[-6.483,53.883],[-6.485,53.883],[-6.486,53.883],[-6.487,53.883],[-6.488,53.883],[-6.489,53.882],[-6.49,53.882],[-6.491,53.882],[-6.492,53.882],[-6.493,53.882],[-6.494,53.882],[-6.495,53.882],[-6.496,53.882],[-6.497,53.882],[-6.499,53.883],[-6.5,53.883],[-6.5,53.882],[-6.5,53.881],[-6.5,53.88],[-6.5,53.879],[-6.5,53.878],[-6.499,53.877],[-6.499,53.876],[-6.499,53.875],[-6.499,53.874],[-6.499,53.873],[-6.5,53.873],[-6.5,53.872],[-6.5,53.871],[-6.5,53.87],[-6.5,53.869],[-6.5,53.868],[-6.5,53.867],[-6.5,53.866],[-6.501,53.866],[-6.501,53.867],[-6.502,53.867],[-6.503,53.867],[-6.504,53.867],[-6.505,53.867],[-6.505,53.866],[-6.505,53.865],[-6.506,53.865],[-6.507,53.865],[-6.51,53.865],[-6.511,53.865],[-6.512,53.865],[-6.512,53.864],[-6.513,53.864],[-6.514,53.864],[-6.515,53.864],[-6.516,53.864],[-6.517,53.863],[-6.518,53.863],[-6.518,53.862],[-6.519,53.862],[-6.52,53.862],[-6.521,53.861],[-6.522,53.861],[-6.523,53.861],[-6.523,53.86],[-6.522,53.86],[-6.522,53.859],[-6.522,53.858],[-6.523,53.858],[-6.523,53.857],[-6.522,53.857],[-6.522,53.856],[-6.521,53.856],[-6.521,53.855],[-6.521,53.854],[-6.522,53.854],[-6.523,53.854],[-6.524,53.854],[-6.525,53.854],[-6.526,53.854],[-6.526,53.853],[-6.525,53.853],[-6.525,53.852],[-6.525,53.851],[-6.524,53.851],[-6.524,53.85],[-6.524,53.849],[-6.524,53.848],[-6.525,53.848],[-6.526,53.848],[-6.527,53.848],[-6.529,53.848],[-6.529,53.847],[-6.53,53.847],[-6.53,53.846],[-6.53,53.845],[-6.531,53.845],[-6.532,53.845],[-6.533,53.845],[-6.534,53.845],[-6.535,53.845],[-6.536,53.845],[-6.537,53.845],[-6.538,53.845],[-6.539,53.845],[-6.54,53.845],[-6.54,53.844],[-6.541,53.844],[-6.542,53.844],[-6.542,53.845],[-6.542,53.844],[-6.543,53.844],[-6.544,53.844],[-6.543,53.844],[-6.544,53.845],[-6.545,53.845],[-6.546,53.844],[-6.547,53.844],[-6.548,53.844],[-6.549,53.844],[-6.549,53.843],[-6.55,53.843],[-6.551,53.843],[-6.552,53.843],[-6.551,53.843],[-6.551,53.844],[-6.551,53.845],[-6.551,53.846],[-6.551,53.847],[-6.551,53.848],[-6.552,53.849],[-6.551,53.85],[-6.55,53.85],[-6.55,53.851],[-6.549,53.851],[-6.549,53.852],[-6.55,53.852],[-6.55,53.853],[-6.551,53.853],[-6.551,53.854],[-6.552,53.854],[-6.553,53.854],[-6.554,53.854],[-6.555,53.854],[-6.558,53.854],[-6.559,53.854],[-6.56,53.854],[-6.561,53.854],[-6.562,53.854],[-6.563,53.854],[-6.564,53.854],[-6.565,53.854],[-6.565,53.853],[-6.565,53.852],[-6.566,53.852],[-6.567,53.852],[-6.569,53.852],[-6.57,53.852],[-6.571,53.852],[-6.572,53.852],[-6.572,53.851],[-6.573,53.851],[-6.575,53.851],[-6.576,53.85],[-6.578,53.849],[-6.578,53.848],[-6.58,53.847],[-6.581,53.847],[-6.581,53.846],[-6.582,53.846],[-6.583,53.846],[-6.587,53.846],[-6.589,53.845],[-6.592,53.845],[-6.592,53.844],[-6.593,53.844],[-6.593,53.843],[-6.593,53.842],[-6.594,53.842],[-6.595,53.842],[-6.596,53.842],[-6.596,53.841],[-6.597,53.841],[-6.598,53.84],[-6.599,53.84],[-6.599,53.839],[-6.599,53.838],[-6.598,53.838],[-6.597,53.838],[-6.597,53.837],[-6.596,53.837],[-6.596,53.836],[-6.595,53.835],[-6.595,53.834],[-6.594,53.833],[-6.593,53.833],[-6.592,53.832],[-6.593,53.832],[-6.593,53.831],[-6.593,53.83]]]},"properties":{"name":"Louth","name_ga":"Lú","seats":3}},{"type":"Feature","geometry":{"type":"Polygon","coordinates":[[[-6.992,53.286],[-6.946,53.301],[-6.921,53.285],[-6.879,53.306],[-6.885,53.335],[-6.862,53.358],[-6.819,53.358],[-6.819,53.359],[-6.816,53.364],[-6.812,53.363],[-6.808,53.363],[-6.807,53.363],[-6.806,53.363],[-6.804,53.363],[-6.803,53.363],[-6.802,53.362],[-6.801,53.362],[-6.8,53.362],[-6.799,53.362],[-6.798,53.362],[-6.797,53.361],[-6.795,53.361],[-6.793,53.361],[-6.792,53.361],[-6.791,53.36],[-6.79,53.36],[-6.788,53.36],[-6.787,53.359],[-6.785,53.359],[-6.784,53.359],[-6.783,53.359],[-6.782,53.359],[-6.78,53.36],[-6.778,53.361],[-6.777,53.361],[-6.775,53.362],[-6.774,53.362],[-6.773,53.362],[-6.773,53.361],[-6.773,53.36],[-6.772,53.36],[-6.772,53.359],[-6.771,53.359],[-6.77,53.359],[-6.77,53.358],[-6.769,53.357],[-6.768,53.357],[-6.768,53.356],[-6.768,53.355],[-6.768,53.354],[-6.768,53.353],[-6.768,53.352],[-6.767,53.352],[-6.767,53.351],[-6.766,53.351],[-6.766,53.35],[-6.765,53.35],[-6.765,53.349],[-6.764,53.349],[-6.763,53.349],[-6.762,53.35],[-6.761,53.35],[-6.76,53.35],[-6.759,53.35],[-6.758,53.35],[-6.757,53.35],[-6.757,53.351],[-6.758,53.351],[-6.757,53.352],[-6.756,53.352],[-6.755,53.352],[-6.753,53.353],[-6.752,53.353],[-6.751,53.353],[-6.75,53.354],[-6.749,53.354],[-6.747,53.354],[-6.747,53.353],[-6.746,53.353],[-6.745,53.353],[-6.743,53.353],[-6.743,53.352],[-6.743,53.351],[-6.743,53.35],[-6.742,53.35],[-6.741,53.351],[-6.739,53.353],[-6.737,53.355],[-6.736,53.355],[-6.735,53.356],[-6.735,53.357],[-6.733,53.359],[-6.732,53.36],[-6.731,53.361],[-6.73,53.362],[-6.732,53.364],[-6.732,53.365],[-6.732,53.366],[-6.732,53.367],[-6.732,53.368],[-6.732,53.369],[-6.732,53.37],[-6.732,53.371],[-6.731,53.372],[-6.73,53.372],[-6.729,53.372],[-6.728,53.373],[-6.73,53.373],[-6.731,53.373],[-6.732,53.373],[-6.733,53.374],[-6.734,53.375],[-6.735,53.375],[-6.735,53.376],[-6.736,53.376],[-6.737,53.376],[-6.738,53.376],[-6.738,53.377],[-6.738,53.378],[-6.737,53.379],[-6.738,53.379],[-6.738,53.38],[-6.738,53.381],[-6.738,53.382],[-6.737,53.382],[-6.734,53.384],[-6.735,53.385],[-6.736,53.388],[-6.736,53.389],[-6.736,53.39],[-6.735,53.39],[-6.732,53.39],[-6.729,53.39],[-6.728,53.39],[-6.728,53.391],[-6.727,53.391],[-6.727,53.392],[-6.726,53.392],[-6.725,53.392],[-6.722,53.393],[-6.722,53.394],[-6.724,53.395],[-6.725,53.395],[-6.725,53.398],[-6.724,53.399],[-6.724,53.4],[-6.725,53.401],[-6.726,53.401],[-6.726,53.402],[-6.727,53.402],[-6.728,53.402],[-6.729,53.402],[-6.73,53.402],[-6.731,53.403],[-6.732,53.402],[-6.733,53.402],[-6.734,53.403],[-6.735,53.402],[-6.735,53.403],[-6.737,53.403],[-6.739,53.404],[-6.74,53.404],[-6.741,53.404],[-6.742,53.404],[-6.743,53.404],[-6.744,53.405],[-6.745,53.404],[-6.745,53.406],[-6.745,53.407],[-6.745,53.408],[-6.744,53.408],[-6.742,53.408],[-6.741,53.408],[-6.741,53.409],[-6.741,53.41],[-6.741,53.411],[-6.742,53.411],[-6.742,53.412],[-6.743,53.413],[-6.744,53.413],[-6.746,53.414],[-6.747,53.414],[-6.748,53.414],[-6.749,53.414],[-6.749,53.415],[-6.748,53.415],[-6.748,53.416],[-6.747,53.416],[-6.746,53.416],[-6.745,53.416],[-6.745,53.417],[-6.744,53.417],[-6.743,53.417],[-6.742,53.417],[-6.741,53.417],[-6.74,53.417],[-6.739,53.417],[-6.738,53.417],[-6.737,53.418],[-6.736,53.417],[-6.735,53.417],[-6.735,53.418],[-6.734,53.418],[-6.734,53.419],[-6.733,53.419],[-6.733,53.42],[-6.732,53.42],[-6.731,53.42],[-6.731,53.421],[-6.73,53.421],[-6.729,53.421],[-6.729,53.422],[-6.728,53.422],[-6.728,53.424],[-6.723,53.422],[-6.722,53.422],[-6.716,53.42],[-6.713,53.42],[-6.71,53.42],[-6.709,53.42],[-6.708,53.419],[-6.65,53.395],[-6.616,53.398],[-6.586,53.393],[-6.586,53.392],[-6.539,53.397],[-6.538,53.397],[-6.517,53.389],[-6.517,53.39],[-6.493,53.385],[-6.485,53.389],[-6.46,53.388],[-6.41,53.441],[-6.355,53.447],[-6.355,53.462],[-6.355,53.463],[-6.354,53.463],[-6.354,53.464],[-6.353,53.466],[-6.352,53.466],[-6.348,53.472],[-6.338,53.478],[-6.331,53.486],[-6.331,53.489],[-6.33,53.49],[-6.33,53.491],[-6.329,53.492],[-6.33,53.492],[-6.331,53.492],[-6.331,53.491],[-6.332,53.491],[-6.34,53.492],[-6.346,53.502],[-6.359,53.505],[-6.36,53.504],[-6.363,53.505],[-6.366,53.506],[-6.367,53.506],[-6.367,53.507],[-6.368,53.507],[-6.367,53.509],[-6.367,53.51],[-6.367,53.512],[-6.367,53.513],[-6.367,53.514],[-6.367,53.515],[-6.367,53.516],[-6.368,53.516],[-6.367,53.517],[-6.383,53.521],[-6.386,53.523],[-6.408,53.526],[-6.433,53.544],[-6.434,53.546],[-6.434,53.547],[-6.435,53.548],[-6.436,53.549],[-6.435,53.55],[-6.432,53.551],[-6.429,53.559],[-6.414,53.573],[-6.369,53.589],[-6.335,53.573],[-6.272,53.597],[-6.267,53.622],[-6.241,53.635],[-6.225,53.629],[-6.22,53.63],[-6.218,53.631],[-6.218,53.632],[-6.217,53.632],[-6.216,53.632],[-6.217,53.633],[-6.215,53.633],[-6.213,53.634],[-6.231,53.664],[-6.247,53.722],[-6.249,53.723],[-6.251,53.724],[-6.254,53.726],[-6.254,53.727],[-6.255,53.729],[-6.257,53.73],[-6.257,53.731],[-6.258,53.731],[-6.26,53.731],[-6.261,53.731],[-6.263,53.731],[-6.264,53.731],[-6.264,53.732],[-6.265,53.732],[-6.266,53.732],[-6.267,53.732],[-6.268,53.732],[-6.269,53.732],[-6.27,53.732],[-6.271,53.732],[-6.271,53.731],[-6.272,53.731],[-6.273,53.73],[-6.274,53.73],[-6.277,53.728],[-6.279,53.728],[-6.285,53.725],[-6.289,53.723],[-6.295,53.721],[-6.297,53.721],[-6.298,53.721],[-6.3,53.721],[-6.302,53.72],[-6.304,53.72],[-6.305,53.72],[-6.308,53.72],[-6.309,53.72],[-6.311,53.72],[-6.315,53.72],[-6.316,53.72],[-6.317,53.72],[-6.318,53.72],[-6.319,53.72],[-6.322,53.72],[-6.324,53.719],[-6.325,53.719],[-6.325,53.718],[-6.326,53.708],[-6.331,53.707],[-6.332,53.707],[-6.333,53.707],[-6.334,53.707],[-6.335,53.707],[-6.339,53.706],[-6.34,53.706],[-6.341,53.706],[-6.342,53.706],[-6.343,53.706],[-6.344,53.706],[-6.345,53.706],[-6.346,53.705],[-6.347,53.705],[-6.348,53.705],[-6.349,53.705],[-6.35,53.705],[-6.351,53.705],[-6.352,53.705],[-6.353,53.705],[-6.355,53.706],[-6.36,53.707],[-6.366,53.709],[-6.376,53.715],[-6.376,53.716],[-6.376,53.717],[-6.376,53.716],[-6.377,53.716],[-6.378,53.716],[-6.379,53.716],[-6.381,53.717],[-6.382,53.717],[-6.383,53.717],[-6.384,53.717],[-6.385,53.717],[-6.386,53.717],[-6.388,53.718],[-6.389,53.718],[-6.39,53.718],[-6.391,53.718],[-6.391,53.719],[-6.392,53.719],[-6.393,53.719],[-6.394,53.719],[-6.395,53.719],[-6.396,53.719],[-6.397,53.719],[-6.398,53.719],[-6.399,53.719],[-6.4,53.72],[-6.401,53.72],[-6.402,53.72],[-6.403,53.72],[-6.404,53.721],[-6.405,53.721],[-6.405,53.722],[-6.406,53.722],[-6.407,53.722],[-6.408,53.722],[-6.408,53.723],[-6.41,53.723],[-6.411,53.723],[-6.412,53.723],[-6.413,53.723],[-6.413,53.724],[-6.414,53.724],[-6.415,53.724],[-6.416,53.725],[-6.417,53.725],[-6.418,53.725],[-6.418,53.726],[-6.419,53.726],[-6.42,53.726],[-6.421,53.726],[-6.422,53.725],[-6.424,53.725],[-6.425,53.725],[-6.426,53.725],[-6.427,53.725],[-6.427,53.724],[-6.428,53.724],[-6.428,53.723],[-6.428,53.722],[-6.428,53.721],[-6.429,53.721],[-6.429,53.72],[-6.43,53.72],[-6.431,53.72],[-6.432,53.72],[-6.433,53.72],[-6.433,53.719],[-6.434,53.719],[-6.435,53.719],[-6.436,53.719],[-6.437,53.719],[-6.438,53.719],[-6.437,53.719],[-6.437,53.718],[-6.436,53.717],[-6.435,53.717],[-6.435,53.716],[-6.436,53.716],[-6.437,53.715],[-6.438,53.715],[-6.439,53.715],[-6.44,53.715],[-6.441,53.715],[-6.441,53.716],[-6.442,53.715],[-6.442,53.716],[-6.443,53.716],[-6.444,53.716],[-6.445,53.716],[-6.446,53.715],[-6.447,53.715],[-6.448,53.715],[-6.448,53.714],[-6.449,53.714],[-6.449,53.715],[-6.45,53.715],[-6.451,53.715],[-6.451,53.714],[-6.452,53.715],[-6.453,53.715],[-6.454,53.715],[-6.455,53.715],[-6.456,53.714],[-6.455,53.713],[-6.456,53.713],[-6.457,53.713],[-6.458,53.713],[-6.459,53.713],[-6.46,53.713],[-6.461,53.713],[-6.462,53.713],[-6.463,53.713],[-6.464,53.713],[-6.464,53.714],[-6.465,53.714],[-6.465,53.715],[-6.466,53.715],[-6.466,53.716],[-6.467,53.717],[-6.468,53.718],[-6.468,53.719],[-6.469,53.719],[-6.469,53.72],[-6.469,53.721],[-6.47,53.721],[-6.471,53.721],[-6.471,53.722],[-6.471,53.721],[-6.472,53.721],[-6.473,53.722],[-6.474,53.722],[-6.475,53.723],[-6.476,53.723],[-6.477,53.723],[-6.477,53.722],[-6.478,53.723],[-6.479,53.723],[-6.479,53.722],[-6.48,53.723],[-6.479,53.723],[-6.479,53.724],[-6.478,53.724],[-6.478,53.725],[-6.479,53.725],[-6.479,53.726],[-6.48,53.726],[-6.481,53.726],[-6.482,53.726],[-6.483,53.726],[-6.483,53.727],[-6.483,53.728],[-6.483,53.729],[-6.484,53.73],[-6.483,53.73],[-6.483,53.731],[-6.483,53.73],[-6.482,53.73],[-6.481,53.73],[-6.48,53.731],[-6.481,53.731],[-6.48,53.731],[-6.48,53.732],[-6.479,53.732],[-6.479,53.733],[-6.478,53.733],[-6.478,53.734],[-6.479,53.734],[-6.478,53.734],[-6.477,53.734],[-6.476,53.734],[-6.475,53.735],[-6.474,53.736],[-6.473,53.737],[-6.474,53.737],[-6.475,53.737],[-6.475,53.738],[-6.474,53.738],[-6.474,53.737],[-6.473,53.738],[-6.472,53.738],[-6.472,53.739],[-6.471,53.739],[-6.47,53.739],[-6.469,53.739],[-6.469,53.74],[-6.468,53.74],[-6.467,53.741],[-6.467,53.742],[-6.467,53.743],[-6.466,53.743],[-6.465,53.744],[-6.464,53.745],[-6.464,53.746],[-6.463,53.746],[-6.463,53.747],[-6.462,53.747],[-6.46,53.747],[-6.46,53.748],[-6.46,53.749],[-6.459,53.749],[-6.46,53.749],[-6.459,53.75],[-6.458,53.75],[-6.458,53.751],[-6.459,53.751],[-6.458,53.752],[-6.457,53.752],[-6.456,53.752],[-6.455,53.752],[-6.455,53.753],[-6.454,53.753],[-6.454,53.754],[-6.453,53.754],[-6.452,53.754],[-6.474,53.757],[-6.508,53.731],[-6.543,53.743],[-6.6,53.746],[-6.638,53.771],[-6.665,53.763],[-6.683,53.781],[-6.684,53.802],[-6.748,53.8],[-6.794,53.781],[-6.843,53.757],[-6.882,53.782],[-6.928,53.765],[-6.963,53.791],[-7.004,53.766],[-7.038,53.777],[-7.06,53.749],[-7.052,53.734],[-7.004,53.716],[-7.025,53.697],[-7.004,53.677],[-6.981,53.671],[-6.96,53.648],[-6.99,53.578],[-7.023,53.575],[-7.035,53.559],[-7.035,53.558],[-7.028,53.55],[-7.028,53.549],[-7.027,53.549],[-7.022,53.534],[-7.022,53.533],[-7.035,53.504],[-7.065,53.497],[-7.067,53.48],[-7.067,53.478],[-7.063,53.469],[-7.123,53.446],[-7.186,53.434],[-7.192,53.423],[-7.098,53.382],[-7.088,53.368],[-7.044,53.357],[-7.015,53.328],[-7.013,53.328],[-6.978,53.308],[-6.992,53.286]]]},"properties":{"name":"Meath","name_ga":"An Mhí","seats":3}},{"type":"Feature","geometry":{"type":"Polygon","coordinates":[[[-6.489,54.064],[-6.549,54.05],[-6.587,54.058],[-6.625,54.037],[-6.65,54.061],[-6.645,54.099],[-6.661,54.123],[-6.632,54.147],[-6.636,54.171],[-6.665,54.193],[-6.707,54.2],[-6.746,54.189],[-6.801,54.213],[-6.829,54.247],[-6.827,54.26],[-6.876,54.278],[-6.852,54.291],[-6.877,54.347],[-6.907,54.352],[-6.911,54.375],[-6.982,54.41],[-7.029,54.421],[-7.109,54.366],[-7.104,54.356],[-7.152,54.336],[-7.212,54.3],[-7.173,54.286],[-7.151,54.258],[-7.147,54.225],[-7.185,54.225],[-7.248,54.204],[-7.26,54.184],[-7.253,54.155],[-7.263,54.137],[-7.31,54.167],[-7.327,54.151],[-7.32,54.114],[-7.286,54.105],[-7.246,54.093],[-7.232,54.097],[-7.223,54.102],[-7.218,54.1],[-7.219,54.1],[-7.202,54.092],[-7.169,54.089],[-7.165,54.088],[-7.128,54.094],[-7.126,54.095],[-7.114,54.095],[-7.079,54.089],[-7.035,54.097],[-7.022,54.078],[-6.98,54.05],[-6.94,54.033],[-6.935,54.019],[-6.891,54.012],[-6.89,54.012],[-6.865,53.988],[-6.83,53.932],[-6.764,53.92],[-6.784,53.898],[-6.835,53.895],[-6.845,53.879],[-6.881,53.875],[-6.849,53.854],[-6.86,53.819],[-6.845,53.803],[-6.794,53.781],[-6.748,53.8],[-6.684,53.802],[-6.683,53.781],[-6.665,53.763],[-6.638,53.771],[-6.6,53.746],[-6.543,53.743],[-6.508,53.731],[-6.474,53.757],[-6.452,53.754],[-6.451,53.754],[-6.451,53.755],[-6.45,53.755],[-6.45,53.756],[-6.449,53.756],[-6.449,53.757],[-6.448,53.757],[-6.447,53.757],[-6.447,53.758],[-6.448,53.758],[-6.448,53.759],[-6.449,53.759],[-6.449,53.76],[-6.45,53.76],[-6.45,53.759],[-6.451,53.759],[-6.451,53.76],[-6.451,53.761],[-6.451,53.762],[-6.45,53.762],[-6.45,53.763],[-6.451,53.763],[-6.452,53.763],[-6.451,53.763],[-6.452,53.764],[-6.452,53.763],[-6.452,53.764],[-6.453,53.764],[-6.453,53.765],[-6.454,53.765],[-6.454,53.766],[-6.455,53.766],[-6.455,53.767],[-6.456,53.767],[-6.457,53.767],[-6.458,53.767],[-6.459,53.767],[-6.46,53.767],[-6.461,53.767],[-6.461,53.768],[-6.462,53.768],[-6.463,53.768],[-6.464,53.768],[-6.465,53.769],[-6.466,53.769],[-6.467,53.769],[-6.467,53.77],[-6.468,53.77],[-6.469,53.77],[-6.47,53.77],[-6.471,53.77],[-6.473,53.77],[-6.474,53.77],[-6.475,53.77],[-6.477,53.77],[-6.478,53.77],[-6.479,53.77],[-6.48,53.769],[-6.481,53.769],[-6.482,53.769],[-6.483,53.769],[-6.484,53.769],[-6.485,53.769],[-6.486,53.768],[-6.487,53.768],[-6.487,53.769],[-6.488,53.769],[-6.491,53.769],[-6.492,53.769],[-6.493,53.769],[-6.494,53.769],[-6.495,53.768],[-6.496,53.768],[-6.497,53.768],[-6.498,53.768],[-6.5,53.768],[-6.502,53.768],[-6.504,53.768],[-6.506,53.768],[-6.507,53.768],[-6.507,53.767],[-6.508,53.767],[-6.509,53.767],[-6.51,53.767],[-6.511,53.767],[-6.512,53.767],[-6.513,53.767],[-6.515,53.767],[-6.516,53.767],[-6.517,53.767],[-6.518,53.767],[-6.519,53.768],[-6.52,53.769],[-6.521,53.77],[-6.521,53.769],[-6.522,53.769],[-6.524,53.769],[-6.525,53.769],[-6.526,53.769],[-6.527,53.769],[-6.528,53.769],[-6.529,53.769],[-6.529,53.77],[-6.529,53.771],[-6.529,53.772],[-6.529,53.773],[-6.528,53.774],[-6.529,53.775],[-6.53,53.775],[-6.53,53.776],[-6.531,53.776],[-6.531,53.777],[-6.532,53.777],[-6.533,53.778],[-6.534,53.778],[-6.534,53.779],[-6.535,53.779],[-6.536,53.78],[-6.537,53.78],[-6.538,53.78],[-6.538,53.779],[-6.539,53.779],[-6.54,53.778],[-6.541,53.778],[-6.542,53.778],[-6.542,53.779],[-6.543,53.779],[-6.544,53.779],[-6.545,53.779],[-6.545,53.778],[-6.546,53.778],[-6.547,53.778],[-6.548,53.778],[-6.548,53.779],[-6.549,53.779],[-6.549,53.78],[-6.549,53.781],[-6.549,53.782],[-6.549,53.783],[-6.549,53.784],[-6.549,53.785],[-6.55,53.785],[-6.55,53.786],[-6.551,53.786],[-6.551,53.787],[-6.552,53.787],[-6.552,53.788],[-6.552,53.789],[-6.552,53.79],[-6.552,53.791],[-6.552,53.792],[-6.553,53.792],[-6.553,53.793],[-6.553,53.794],[-6.554,53.795],[-6.553,53.796],[-6.553,53.797],[-6.552,53.797],[-6.553,53.798],[-6.554,53.798],[-6.555,53.798],[-6.556,53.798],[-6.557,53.798],[-6.557,53.797],[-6.558,53.797],[-6.559,53.797],[-6.56,53.797],[-6.561,53.797],[-6.562,53.797],[-6.563,53.797],[-6.564,53.797],[-6.565,53.798],[-6.566,53.797],[-6.567,53.797],[-6.567,53.798],[-6.567,53.797],[-6.568,53.797],[-6.568,53.798],[-6.568,53.797],[-6.569,53.798],[-6.569,53.797],[-6.57,53.797],[-6.571,53.797],[-6.572,53.797],[-6.571,53.797],[-6.572,53.798],[-6.573,53.798],[-6.574,53.798],[-6.574,53.799],[-6.575,53.799],[-6.576,53.799],[-6.575,53.799],[-6.575,53.8],[-6.576,53.8],[-6.576,53.801],[-6.577,53.801],[-6.577,53.802],[-6.578,53.802],[-6.579,53.802],[-6.579,53.803],[-6.58,53.803],[-6.579,53.803],[-6.58,53.803],[-6.579,53.803],[-6.579,53.804],[-6.58,53.804],[-6.579,53.804],[-6.579,53.805],[-6.578,53.805],[-6.577,53.805],[-6.577,53.806],[-6.578,53.806],[-6.579,53.806],[-6.58,53.806],[-6.58,53.807],[-6.58,53.808],[-6.579,53.808],[-6.578,53.808],[-6.577,53.808],[-6.577,53.809],[-6.578,53.809],[-6.579,53.81],[-6.58,53.81],[-6.58,53.811],[-6.58,53.812],[-6.58,53.813],[-6.58,53.814],[-6.579,53.814],[-6.58,53.815],[-6.581,53.815],[-6.582,53.815],[-6.582,53.816],[-6.583,53.816],[-6.584,53.817],[-6.583,53.817],[-6.582,53.817],[-6.581,53.818],[-6.581,53.817],[-6.58,53.817],[-6.58,53.818],[-6.579,53.819],[-6.58,53.819],[-6.579,53.819],[-6.579,53.82],[-6.579,53.821],[-6.58,53.822],[-6.58,53.823],[-6.581,53.823],[-6.58,53.823],[-6.58,53.824],[-6.581,53.824],[-6.582,53.824],[-6.582,53.825],[-6.583,53.825],[-6.583,53.826],[-6.583,53.827],[-6.582,53.828],[-6.583,53.829],[-6.584,53.829],[-6.585,53.83],[-6.586,53.83],[-6.587,53.83],[-6.589,53.83],[-6.59,53.83],[-6.591,53.83],[-6.592,53.83],[-6.593,53.83],[-6.594,53.83],[-6.593,53.83],[-6.593,53.831],[-6.593,53.832],[-6.592,53.832],[-6.593,53.833],[-6.594,53.833],[-6.595,53.834],[-6.595,53.835],[-6.596,53.836],[-6.596,53.837],[-6.597,53.837],[-6.597,53.838],[-6.598,53.838],[-6.599,53.838],[-6.599,53.839],[-6.599,53.84],[-6.598,53.84],[-6.597,53.841],[-6.596,53.841],[-6.596,53.842],[-6.595,53.842],[-6.594,53.842],[-6.593,53.842],[-6.593,53.843],[-6.593,53.844],[-6.592,53.844],[-6.592,53.845],[-6.589,53.845],[-6.587,53.846],[-6.583,53.846],[-6.582,53.846],[-6.581,53.846],[-6.581,53.847],[-6.58,53.847],[-6.578,53.848],[-6.578,53.849],[-6.576,53.85],[-6.575,53.851],[-6.573,53.851],[-6.572,53.851],[-6.572,53.852],[-6.571,53.852],[-6.57,53.852],[-6.569,53.852],[-6.567,53.852],[-6.566,53.852],[-6.565,53.852],[-6.565,53.853],[-6.565,53.854],[-6.564,53.854],[-6.563,53.854],[-6.562,53.854],[-6.561,53.854],[-6.56,53.854],[-6.559,53.854],[-6.558,53.854],[-6.555,53.854],[-6.554,53.854],[-6.553,53.854],[-6.552,53.854],[-6.551,53.854],[-6.551,53.853],[-6.55,53.853],[-6.55,53.852],[-6.549,53.852],[-6.549,53.851],[-6.55,53.851],[-6.55,53.85],[-6.551,53.85],[-6.552,53.849],[-6.551,53.848],[-6.551,53.847],[-6.551,53.846],[-6.551,53.845],[-6.551,53.844],[-6.551,53.843],[-6.552,53.843],[-6.551,53.843],[-6.55,53.843],[-6.549,53.843],[-6.549,53.844],[-6.548,53.844],[-6.547,53.844],[-6.546,53.844],[-6.545,53.845],[-6.544,53.845],[-6.543,53.844],[-6.544,53.844],[-6.543,53.844],[-6.542,53.844],[-6.542,53.845],[-6.542,53.844],[-6.541,53.844],[-6.54,53.844],[-6.54,53.845],[-6.539,53.845],[-6.538,53.845],[-6.537,53.845],[-6.536,53.845],[-6.535,53.845],[-6.534,53.845],[-6.533,53.845],[-6.532,53.845],[-6.531,53.845],[-6.53,53.845],[-6.53,53.846],[-6.53,53.847],[-6.529,53.847],[-6.529,53.848],[-6.527,53.848],[-6.526,53.848],[-6.525,53.848],[-6.524,53.848],[-6.524,53.849],[-6.524,53.85],[-6.524,53.851],[-6.525,53.851],[-6.525,53.852],[-6.525,53.853],[-6.526,53.853],[-6.526,53.854],[-6.525,53.854],[-6.524,53.854],[-6.523,53.854],[-6.522,53.854],[-6.521,53.854],[-6.521,53.855],[-6.521,53.856],[-6.522,53.856],[-6.522,53.857],[-6.523,53.857],[-6.523,53.858],[-6.522,53.858],[-6.522,53.859],[-6.522,53.86],[-6.523,53.86],[-6.523,53.861],[-6.522,53.861],[-6.521,53.861],[-6.52,53.862],[-6.519,53.862],[-6.518,53.862],[-6.518,53.863],[-6.517,53.863],[-6.516,53.864],[-6.515,53.864],[-6.514,53.864],[-6.513,53.864],[-6.512,53.864],[-6.512,53.865],[-6.511,53.865],[-6.51,53.865],[-6.507,53.865],[-6.506,53.865],[-6.505,53.865],[-6.505,53.866],[-6.505,53.867],[-6.504,53.867],[-6.503,53.867],[-6.502,53.867],[-6.501,53.867],[-6.501,53.866],[-6.5,53.866],[-6.5,53.867],[-6.5,53.868],[-6.5,53.869],[-6.5,53.87],[-6.5,53.871],[-6.5,53.872],[-6.5,53.873],[-6.499,53.873],[-6.499,53.874],[-6.499,53.875],[-6.499,53.876],[-6.499,53.877],[-6.5,53.878],[-6.5,53.879],[-6.5,53.88],[-6.5,53.881],[-6.5,53.882],[-6.5,53.883],[-6.499,53.883],[-6.497,53.882],[-6.496,53.882],[-6.495,53.882],[-6.494,53.882],[-6.493,53.882],[-6.492,53.882],[-6.491,53.882],[-6.49,53.882],[-6.489,53.882],[-6.488,53.883],[-6.487,53.883],[-6.486,53.883],[-6.485,53.883],[-6.483,53.883],[-6.48,53.883],[-6.479,53.883],[-6.478,53.884],[-6.476,53.884],[-6.473,53.884],[-6.471,53.884],[-6.469,53.884],[-6.466,53.884],[-6.466,53.885],[-6.465,53.887],[-6.466,53.887],[-6.467,53.888],[-6.468,53.889],[-6.469,53.89],[-6.474,53.891],[-6.475,53.892],[-6.476,53.892],[-6.478,53.892],[-6.48,53.892],[-6.481,53.892],[-6.482,53.892],[-6.482,53.893],[-6.483,53.892],[-6.484,53.892],[-6.486,53.892],[-6.488,53.892],[-6.489,53.892],[-6.49,53.892],[-6.491,53.893],[-6.492,53.894],[-6.492,53.895],[-6.492,53.896],[-6.492,53.897],[-6.492,53.898],[-6.491,53.898],[-6.489,53.9],[-6.49,53.901],[-6.491,53.901],[-6.492,53.901],[-6.493,53.901],[-6.494,53.901],[-6.495,53.9],[-6.496,53.9],[-6.498,53.9],[-6.499,53.899],[-6.501,53.899],[-6.504,53.899],[-6.506,53.899],[-6.507,53.899],[-6.508,53.899],[-6.509,53.899],[-6.51,53.899],[-6.511,53.9],[-6.511,53.901],[-6.511,53.903],[-6.51,53.903],[-6.51,53.904],[-6.511,53.904],[-6.511,53.905],[-6.512,53.906],[-6.513,53.906],[-6.514,53.906],[-6.515,53.906],[-6.516,53.906],[-6.517,53.906],[-6.519,53.905],[-6.52,53.905],[-6.521,53.905],[-6.522,53.905],[-6.523,53.905],[-6.524,53.905],[-6.525,53.906],[-6.526,53.907],[-6.527,53.907],[-6.528,53.907],[-6.528,53.908],[-6.529,53.908],[-6.529,53.909],[-6.53,53.909],[-6.531,53.91],[-6.532,53.91],[-6.533,53.91],[-6.534,53.91],[-6.535,53.91],[-6.536,53.911],[-6.537,53.911],[-6.537,53.912],[-6.538,53.912],[-6.539,53.912],[-6.54,53.913],[-6.541,53.914],[-6.541,53.915],[-6.542,53.915],[-6.542,53.916],[-6.542,53.917],[-6.543,53.917],[-6.543,53.918],[-6.543,53.919],[-6.544,53.919],[-6.545,53.919],[-6.546,53.92],[-6.547,53.92],[-6.548,53.92],[-6.549,53.921],[-6.55,53.921],[-6.55,53.922],[-6.551,53.922],[-6.551,53.923],[-6.55,53.923],[-6.549,53.923],[-6.548,53.923],[-6.548,53.924],[-6.547,53.924],[-6.546,53.924],[-6.546,53.925],[-6.545,53.925],[-6.545,53.926],[-6.544,53.926],[-6.544,53.927],[-6.543,53.927],[-6.542,53.927],[-6.542,53.928],[-6.543,53.928],[-6.543,53.929],[-6.544,53.929],[-6.544,53.93],[-6.545,53.93],[-6.545,53.929],[-6.546,53.929],[-6.547,53.929],[-6.547,53.93],[-6.548,53.93],[-6.549,53.93],[-6.55,53.93],[-6.551,53.931],[-6.552,53.931],[-6.553,53.931],[-6.554,53.932],[-6.555,53.932],[-6.555,53.933],[-6.556,53.933],[-6.557,53.934],[-6.558,53.934],[-6.559,53.934],[-6.559,53.935],[-6.56,53.935],[-6.56,53.936],[-6.561,53.936],[-6.562,53.936],[-6.563,53.937],[-6.564,53.937],[-6.565,53.937],[-6.566,53.937],[-6.567,53.937],[-6.567,53.938],[-6.566,53.938],[-6.567,53.939],[-6.568,53.94],[-6.569,53.94],[-6.57,53.94],[-6.571,53.94],[-6.572,53.94],[-6.575,53.94],[-6.576,53.94],[-6.576,53.939],[-6.577,53.939],[-6.578,53.939],[-6.579,53.938],[-6.58,53.938],[-6.581,53.938],[-6.582,53.938],[-6.582,53.939],[-6.583,53.939],[-6.584,53.939],[-6.585,53.939],[-6.586,53.939],[-6.587,53.939],[-6.588,53.939],[-6.588,53.938],[-6.59,53.938],[-6.591,53.938],[-6.592,53.938],[-6.593,53.938],[-6.594,53.938],[-6.595,53.938],[-6.595,53.939],[-6.593,53.939],[-6.592,53.939],[-6.591,53.939],[-6.591,53.94],[-6.59,53.94],[-6.59,53.941],[-6.589,53.941],[-6.589,53.942],[-6.59,53.942],[-6.591,53.942],[-6.591,53.943],[-6.59,53.944],[-6.59,53.945],[-6.589,53.945],[-6.588,53.945],[-6.588,53.946],[-6.587,53.946],[-6.587,53.947],[-6.586,53.947],[-6.585,53.947],[-6.584,53.947],[-6.583,53.947],[-6.582,53.948],[-6.581,53.948],[-6.58,53.948],[-6.58,53.949],[-6.58,53.95],[-6.579,53.95],[-6.579,53.951],[-6.579,53.952],[-6.579,53.953],[-6.579,53.954],[-6.579,53.955],[-6.578,53.957],[-6.578,53.958],[-6.577,53.959],[-6.577,53.96],[-6.578,53.96],[-6.579,53.96],[-6.58,53.96],[-6.581,53.961],[-6.581,53.962],[-6.582,53.962],[-6.582,53.963],[-6.583,53.963],[-6.583,53.964],[-6.584,53.964],[-6.584,53.965],[-6.585,53.965],[-6.586,53.966],[-6.587,53.966],[-6.588,53.966],[-6.589,53.967],[-6.589,53.968],[-6.589,53.969],[-6.588,53.97],[-6.587,53.97],[-6.586,53.97],[-6.585,53.97],[-6.584,53.97],[-6.583,53.97],[-6.582,53.97],[-6.581,53.97],[-6.579,53.97],[-6.578,53.97],[-6.577,53.97],[-6.576,53.971],[-6.576,53.97],[-6.575,53.97],[-6.574,53.97],[-6.573,53.969],[-6.572,53.969],[-6.572,53.97],[-6.571,53.97],[-6.57,53.97],[-6.57,53.971],[-6.569,53.971],[-6.568,53.971],[-6.567,53.971],[-6.566,53.971],[-6.565,53.971],[-6.564,53.971],[-6.563,53.971],[-6.562,53.971],[-6.561,53.971],[-6.56,53.971],[-6.559,53.971],[-6.559,53.97],[-6.558,53.97],[-6.557,53.97],[-6.556,53.97],[-6.553,53.97],[-6.552,53.97],[-6.551,53.97],[-6.55,53.97],[-6.547,53.97],[-6.546,53.97],[-6.545,53.97],[-6.544,53.969],[-6.542,53.968],[-6.541,53.968],[-6.54,53.968],[-6.538,53.969],[-6.537,53.969],[-6.537,53.97],[-6.536,53.97],[-6.535,53.97],[-6.536,53.971],[-6.536,53.972],[-6.535,53.973],[-6.535,53.972],[-6.534,53.972],[-6.533,53.972],[-6.532,53.972],[-6.531,53.972],[-6.53,53.972],[-6.529,53.972],[-6.528,53.972],[-6.527,53.972],[-6.526,53.972],[-6.525,53.972],[-6.524,53.972],[-6.523,53.972],[-6.522,53.972],[-6.521,53.972],[-6.519,53.972],[-6.518,53.973],[-6.517,53.973],[-6.516,53.973],[-6.515,53.973],[-6.514,53.973],[-6.513,53.973],[-6.513,53.974],[-6.512,53.974],[-6.511,53.974],[-6.51,53.973],[-6.509,53.973],[-6.508,53.973],[-6.507,53.973],[-6.506,53.973],[-6.505,53.973],[-6.504,53.973],[-6.503,53.972],[-6.502,53.972],[-6.502,53.973],[-6.501,53.973],[-6.5,53.973],[-6.499,53.973],[-6.499,53.972],[-6.498,53.972],[-6.498,53.971],[-6.497,53.971],[-6.497,53.97],[-6.496,53.97],[-6.497,53.969],[-6.496,53.968],[-6.495,53.968],[-6.495,53.969],[-6.494,53.969],[-6.493,53.969],[-6.492,53.97],[-6.491,53.97],[-6.49,53.97],[-6.489,53.97],[-6.488,53.971],[-6.487,53.971],[-6.487,53.972],[-6.486,53.972],[-6.485,53.973],[-6.485,53.974],[-6.485,53.975],[-6.486,53.976],[-6.486,53.977],[-6.487,53.977],[-6.487,53.978],[-6.487,53.979],[-6.487,53.98],[-6.487,53.981],[-6.487,53.982],[-6.486,53.983],[-6.485,53.983],[-6.484,53.983],[-6.483,53.983],[-6.481,53.982],[-6.48,53.982],[-6.479,53.982],[-6.478,53.983],[-6.477,53.983],[-6.476,53.983],[-6.478,53.984],[-6.48,53.984],[-6.481,53.984],[-6.482,53.984],[-6.482,53.985],[-6.484,53.986],[-6.485,53.986],[-6.486,53.986],[-6.486,53.987],[-6.487,53.987],[-6.487,53.988],[-6.487,53.989],[-6.487,53.99],[-6.486,53.991],[-6.486,53.992],[-6.485,53.992],[-6.484,53.992],[-6.483,53.993],[-6.483,53.994],[-6.483,53.995],[-6.484,53.995],[-6.484,53.996],[-6.483,53.996],[-6.483,53.997],[-6.482,53.997],[-6.482,53.998],[-6.481,53.998],[-6.48,53.998],[-6.479,53.998],[-6.479,53.999],[-6.479,54],[-6.478,54],[-6.476,54.001],[-6.475,54.001],[-6.475,54],[-6.475,54.001],[-6.474,54.001],[-6.472,54.002],[-6.471,54.002],[-6.471,54.003],[-6.472,54.004],[-6.472,54.005],[-6.471,54.005],[-6.47,54.005],[-6.469,54.005],[-6.468,54.005],[-6.468,54.006],[-6.467,54.006],[-6.468,54.006],[-6.468,54.007],[-6.468,54.008],[-6.468,54.009],[-6.468,54.01],[-6.468,54.011],[-6.467,54.011],[-6.465,54.012],[-6.465,54.013],[-6.464,54.013],[-6.464,54.014],[-6.465,54.014],[-6.466,54.014],[-6.466,54.015],[-6.468,54.015],[-6.469,54.016],[-6.469,54.017],[-6.47,54.017],[-6.469,54.018],[-6.469,54.019],[-6.468,54.02],[-6.467,54.019],[-6.466,54.019],[-6.466,54.02],[-6.466,54.021],[-6.466,54.022],[-6.466,54.023],[-6.466,54.024],[-6.466,54.025],[-6.466,54.026],[-6.465,54.026],[-6.465,54.027],[-6.465,54.028],[-6.464,54.029],[-6.465,54.029],[-6.466,54.029],[-6.467,54.029],[-6.468,54.029],[-6.469,54.028],[-6.469,54.029],[-6.47,54.029],[-6.471,54.029],[-6.471,54.03],[-6.472,54.03],[-6.473,54.03],[-6.474,54.03],[-6.475,54.03],[-6.476,54.03],[-6.476,54.031],[-6.477,54.03],[-6.478,54.03],[-6.479,54.03],[-6.48,54.031],[-6.481,54.031],[-6.482,54.031],[-6.483,54.031],[-6.484,54.031],[-6.485,54.031],[-6.488,54.031],[-6.489,54.03],[-6.492,54.031],[-6.492,54.032],[-6.494,54.032],[-6.495,54.032],[-6.496,54.033],[-6.497,54.033],[-6.498,54.033],[-6.499,54.033],[-6.5,54.034],[-6.501,54.034],[-6.502,54.034],[-6.503,54.034],[-6.502,54.034],[-6.502,54.035],[-6.501,54.035],[-6.501,54.036],[-6.5,54.036],[-6.5,54.037],[-6.499,54.037],[-6.498,54.037],[-6.497,54.037],[-6.496,54.037],[-6.495,54.037],[-6.494,54.037],[-6.494,54.038],[-6.493,54.037],[-6.492,54.037],[-6.491,54.037],[-6.491,54.036],[-6.49,54.036],[-6.489,54.036],[-6.488,54.036],[-6.487,54.036],[-6.486,54.036],[-6.485,54.036],[-6.485,54.037],[-6.485,54.038],[-6.485,54.039],[-6.486,54.039],[-6.487,54.039],[-6.488,54.039],[-6.487,54.04],[-6.487,54.041],[-6.488,54.041],[-6.489,54.042],[-6.489,54.043],[-6.49,54.043],[-6.49,54.044],[-6.491,54.044],[-6.491,54.045],[-6.49,54.045],[-6.49,54.046],[-6.49,54.047],[-6.489,54.048],[-6.488,54.048],[-6.489,54.048],[-6.489,54.049],[-6.49,54.049],[-6.491,54.05],[-6.492,54.05],[-6.492,54.051],[-6.493,54.051],[-6.493,54.052],[-6.492,54.053],[-6.491,54.053],[-6.491,54.054],[-6.49,54.054],[-6.489,54.054],[-6.489,54.055],[-6.488,54.055],[-6.488,54.056],[-6.487,54.056],[-6.486,54.056],[-6.486,54.057],[-6.485,54.057],[-6.484,54.057],[-6.484,54.058],[-6.485,54.059],[-6.485,54.06],[-6.486,54.06],[-6.487,54.062],[-6.488,54.062],[-6.488,54.063],[-6.489,54.063],[-6.489,54.064]]]},"properties":{"name":"Monaghan","name_ga":"Muineachán","seats":3}},{"type":"Feature","geometry":{"type":"MultiPolygon","coordinates":[[[[-7.946,54.887],[-7.917,54.882],[-7.909,54.881],[-7.902,54.879],[-7.889,54.877],[-7.842,54.857],[-7.842,54.856],[-7.804,54.851],[-7.746,54.847],[-7.744,54.848],[-7.743,54.848],[-7.742,54.848],[-7.741,54.848],[-7.741,54.849],[-7.741,54.85],[-7.74,54.85],[-7.739,54.85],[-7.738,54.851],[-7.736,54.852],[-7.733,54.854],[-7.732,54.854],[-7.732,54.855],[-7.731,54.855],[-7.731,54.856],[-7.73,54.857],[-7.729,54.857],[-7.727,54.857],[-7.726,54.857],[-7.726,54.858],[-7.726,54.859],[-7.726,54.86],[-7.727,54.86],[-7.727,54.861],[-7.727,54.862],[-7.728,54.862],[-7.727,54.863],[-7.726,54.863],[-7.725,54.863],[-7.725,54.864],[-7.724,54.864],[-7.724,54.865],[-7.723,54.865],[-7.723,54.866],[-7.722,54.866],[-7.723,54.866],[-7.722,54.867],[-7.721,54.867],[-7.721,54.868],[-7.72,54.868],[-7.719,54.868],[-7.718,54.869],[-7.718,54.87],[-7.717,54.87],[-7.717,54.871],[-7.716,54.871],[-7.717,54.871],[-7.719,54.871],[-7.72,54.871],[-7.721,54.871],[-7.722,54.871],[-7.723,54.87],[-7.724,54.871],[-7.724,54.872],[-7.724,54.873],[-7.723,54.873],[-7.723,54.874],[-7.723,54.875],[-7.722,54.875],[-7.721,54.875],[-7.721,54.876],[-7.72,54.876],[-7.72,54.877],[-7.719,54.877],[-7.718,54.877],[-7.718,54.878],[-7.717,54.878],[-7.716,54.878],[-7.715,54.878],[-7.715,54.879],[-7.714,54.879],[-7.713,54.879],[-7.713,54.88],[-7.712,54.88],[-7.712,54.881],[-7.712,54.882],[-7.713,54.882],[-7.713,54.883],[-7.714,54.883],[-7.714,54.884],[-7.714,54.883],[-7.714,54.884],[-7.715,54.884],[-7.716,54.884],[-7.717,54.884],[-7.716,54.884],[-7.713,54.886],[-7.712,54.886],[-7.711,54.886],[-7.711,54.887],[-7.71,54.887],[-7.709,54.887],[-7.708,54.887],[-7.707,54.888],[-7.706,54.888],[-7.706,54.889],[-7.707,54.89],[-7.707,54.891],[-7.706,54.891],[-7.705,54.891],[-7.704,54.892],[-7.703,54.892],[-7.702,54.892],[-7.701,54.892],[-7.7,54.893],[-7.699,54.894],[-7.698,54.895],[-7.696,54.896],[-7.695,54.896],[-7.694,54.895],[-7.693,54.895],[-7.693,54.894],[-7.692,54.894],[-7.692,54.893],[-7.691,54.893],[-7.69,54.893],[-7.69,54.894],[-7.689,54.893],[-7.686,54.894],[-7.685,54.894],[-7.684,54.895],[-7.679,54.897],[-7.678,54.896],[-7.677,54.896],[-7.675,54.895],[-7.674,54.894],[-7.673,54.894],[-7.672,54.894],[-7.672,54.893],[-7.671,54.893],[-7.67,54.893],[-7.668,54.893],[-7.667,54.893],[-7.665,54.893],[-7.664,54.893],[-7.664,54.892],[-7.664,54.891],[-7.664,54.89],[-7.664,54.889],[-7.663,54.889],[-7.663,54.887],[-7.663,54.886],[-7.664,54.885],[-7.665,54.885],[-7.666,54.885],[-7.667,54.885],[-7.668,54.885],[-7.669,54.884],[-7.67,54.883],[-7.671,54.883],[-7.672,54.881],[-7.673,54.88],[-7.674,54.88],[-7.675,54.879],[-7.676,54.879],[-7.676,54.878],[-7.676,54.877],[-7.676,54.876],[-7.675,54.876],[-7.673,54.876],[-7.673,54.875],[-7.672,54.874],[-7.671,54.874],[-7.67,54.873],[-7.67,54.872],[-7.67,54.871],[-7.671,54.871],[-7.674,54.87],[-7.675,54.87],[-7.675,54.869],[-7.674,54.869],[-7.674,54.868],[-7.673,54.868],[-7.673,54.867],[-7.672,54.867],[-7.671,54.867],[-7.669,54.866],[-7.668,54.866],[-7.667,54.866],[-7.666,54.866],[-7.666,54.867],[-7.665,54.867],[-7.664,54.867],[-7.664,54.868],[-7.663,54.867],[-7.662,54.867],[-7.663,54.867],[-7.662,54.867],[-7.662,54.866],[-7.662,54.865],[-7.661,54.865],[-7.661,54.864],[-7.66,54.864],[-7.659,54.864],[-7.658,54.864],[-7.657,54.863],[-7.657,54.862],[-7.656,54.861],[-7.655,54.86],[-7.655,54.859],[-7.653,54.858],[-7.652,54.858],[-7.651,54.858],[-7.65,54.858],[-7.65,54.857],[-7.649,54.857],[-7.648,54.857],[-7.647,54.857],[-7.646,54.855],[-7.646,54.854],[-7.645,54.854],[-7.644,54.853],[-7.643,54.853],[-7.642,54.852],[-7.641,54.851],[-7.608,54.84],[-7.6,54.832],[-7.58,54.819],[-7.579,54.819],[-7.577,54.82],[-7.577,54.821],[-7.576,54.821],[-7.575,54.821],[-7.574,54.82],[-7.574,54.821],[-7.573,54.821],[-7.573,54.82],[-7.572,54.82],[-7.572,54.819],[-7.571,54.819],[-7.57,54.819],[-7.569,54.819],[-7.569,54.82],[-7.567,54.821],[-7.567,54.82],[-7.566,54.82],[-7.565,54.82],[-7.565,54.819],[-7.564,54.818],[-7.563,54.819],[-7.562,54.819],[-7.561,54.819],[-7.56,54.819],[-7.559,54.82],[-7.558,54.82],[-7.558,54.819],[-7.557,54.819],[-7.556,54.818],[-7.554,54.818],[-7.553,54.818],[-7.553,54.819],[-7.552,54.819],[-7.551,54.82],[-7.55,54.82],[-7.551,54.82],[-7.551,54.821],[-7.552,54.821],[-7.552,54.822],[-7.552,54.823],[-7.551,54.823],[-7.55,54.823],[-7.549,54.823],[-7.548,54.823],[-7.547,54.822],[-7.546,54.822],[-7.545,54.822],[-7.544,54.822],[-7.543,54.822],[-7.542,54.822],[-7.541,54.822],[-7.54,54.821],[-7.539,54.821],[-7.538,54.821],[-7.536,54.82],[-7.535,54.82],[-7.535,54.819],[-7.534,54.819],[-7.533,54.82],[-7.533,54.821],[-7.532,54.821],[-7.531,54.82],[-7.53,54.82],[-7.529,54.82],[-7.528,54.82],[-7.527,54.82],[-7.526,54.82],[-7.525,54.82],[-7.521,54.819],[-7.519,54.818],[-7.518,54.818],[-7.517,54.818],[-7.516,54.818],[-7.516,54.817],[-7.516,54.816],[-7.515,54.816],[-7.515,54.815],[-7.514,54.814],[-7.512,54.813],[-7.512,54.812],[-7.484,54.824],[-7.444,54.869],[-7.452,54.9],[-7.448,54.934],[-7.405,54.942],[-7.391,55.022],[-7.345,55.051],[-7.318,55.045],[-7.259,55.066],[-7.201,55.121],[-7.157,55.15],[-7.121,55.158],[-7.05,55.187],[-6.95,55.211],[-6.923,55.236],[-6.957,55.254],[-6.996,55.254],[-7.011,55.266],[-7.063,55.272],[-7.105,55.288],[-7.156,55.297],[-7.179,55.34],[-7.291,55.369],[-7.332,55.368],[-7.37,55.383],[-7.386,55.367],[-7.348,55.358],[-7.354,55.332],[-7.258,55.286],[-7.29,55.275],[-7.316,55.304],[-7.375,55.316],[-7.384,55.293],[-7.45,55.289],[-7.509,55.265],[-7.518,55.239],[-7.536,55.229],[-7.555,55.198],[-7.516,55.183],[-7.489,55.159],[-7.459,55.119],[-7.479,55.09],[-7.533,55.072],[-7.513,55.04],[-7.517,55.025],[-7.597,54.993],[-7.616,54.972],[-7.659,54.969],[-7.634,54.997],[-7.559,55.035],[-7.568,55.054],[-7.597,55.062],[-7.584,55.082],[-7.533,55.094],[-7.522,55.136],[-7.615,55.192],[-7.607,55.217],[-7.627,55.269],[-7.659,55.277],[-7.702,55.248],[-7.755,55.247],[-7.794,55.221],[-7.772,55.192],[-7.68,55.165],[-7.697,55.152],[-7.726,55.175],[-7.796,55.183],[-7.814,55.198],[-7.817,55.226],[-7.867,55.227],[-7.874,55.205],[-7.839,55.195],[-7.825,55.177],[-7.854,55.164],[-7.902,55.177],[-7.946,55.181],[-7.942,55.212],[-7.975,55.224],[-8.016,55.214],[-8.027,55.173],[-8.119,55.16],[-8.123,55.145],[-8.229,55.149],[-8.218,55.137],[-8.223,55.123],[-8.221,55.121],[-8.218,55.117],[-8.218,55.104],[-8.207,55.082],[-8.205,55.082],[-8.204,55.082],[-8.203,55.082],[-8.202,55.082],[-8.201,55.082],[-8.2,55.082],[-8.199,55.082],[-8.198,55.082],[-8.195,55.08],[-8.194,55.08],[-8.193,55.08],[-8.192,55.08],[-8.191,55.081],[-8.19,55.081],[-8.19,55.08],[-8.19,55.079],[-8.19,55.078],[-8.19,55.077],[-8.189,55.076],[-8.189,55.075],[-8.189,55.074],[-8.189,55.073],[-8.188,55.073],[-8.189,55.073],[-8.189,55.072],[-8.188,55.072],[-8.189,55.072],[-8.188,55.072],[-8.188,55.071],[-8.189,55.071],[-8.188,55.071],[-8.188,55.07],[-8.188,55.069],[-8.189,55.069],[-8.188,55.068],[-8.188,55.067],[-8.189,55.067],[-8.188,55.067],[-8.188,55.066],[-8.188,55.065],[-8.188,55.064],[-8.188,55.063],[-8.188,55.062],[-8.188,55.061],[-8.187,55.06],[-8.188,55.06],[-8.187,55.06],[-8.188,55.06],[-8.188,55.059],[-8.188,55.058],[-8.187,55.058],[-8.188,55.058],[-8.188,55.057],[-8.187,55.057],[-8.187,55.056],[-8.187,55.055],[-8.187,55.054],[-8.187,55.053],[-8.187,55.052],[-8.187,55.051],[-8.187,55.05],[-8.187,55.049],[-8.187,55.048],[-8.188,55.048],[-8.188,55.047],[-8.189,55.047],[-8.189,55.046],[-8.19,55.046],[-8.19,55.045],[-8.191,55.044],[-8.191,55.043],[-8.19,55.042],[-8.189,55.042],[-8.189,55.041],[-8.188,55.04],[-8.189,55.039],[-8.19,55.038],[-8.191,55.037],[-8.191,55.036],[-8.192,55.036],[-8.192,55.035],[-8.192,55.034],[-8.192,55.033],[-8.193,55.033],[-8.193,55.032],[-8.193,55.031],[-8.193,55.03],[-8.193,55.029],[-8.193,55.028],[-8.194,55.028],[-8.194,55.027],[-8.194,55.026],[-8.195,55.024],[-8.195,55.023],[-8.196,55.022],[-8.197,55.021],[-8.198,55.019],[-8.199,55.018],[-8.202,55.014],[-8.203,55.013],[-8.204,55.011],[-8.205,55.009],[-8.206,55.009],[-8.206,55.008],[-8.201,54.999],[-8.201,54.998],[-8.2,54.999],[-8.199,54.999],[-8.198,54.999],[-8.197,54.999],[-8.196,54.999],[-8.195,54.998],[-8.193,54.998],[-8.192,54.998],[-8.191,54.998],[-8.19,54.998],[-8.189,54.997],[-8.188,54.997],[-8.187,54.997],[-8.186,54.997],[-8.185,54.996],[-8.183,54.996],[-8.182,54.995],[-8.181,54.995],[-8.18,54.996],[-8.178,54.996],[-8.176,54.996],[-8.175,54.996],[-8.174,54.996],[-8.173,54.996],[-8.172,54.997],[-8.17,54.997],[-8.169,54.997],[-8.168,54.997],[-8.166,54.997],[-8.165,54.996],[-8.165,54.995],[-8.164,54.995],[-8.164,54.994],[-8.163,54.993],[-8.163,54.992],[-8.162,54.992],[-8.162,54.991],[-8.161,54.991],[-8.161,54.99],[-8.16,54.99],[-8.16,54.989],[-8.159,54.988],[-8.158,54.987],[-8.156,54.985],[-8.155,54.984],[-8.155,54.983],[-8.155,54.982],[-8.155,54.981],[-8.154,54.981],[-8.153,54.981],[-8.153,54.98],[-8.152,54.98],[-8.103,54.942],[-8.107,54.939],[-8.112,54.938],[-8.108,54.933],[-8.092,54.933],[-8.075,54.927],[-8.075,54.926],[-8.03,54.905],[-8.003,54.881],[-7.98,54.892],[-7.979,54.892],[-7.965,54.892],[-7.964,54.892],[-7.946,54.887]]],[[[-7.516,54.809],[-7.514,54.81],[-7.515,54.81],[-7.516,54.809]]]]},"properties":{"name":"North-East Donegal","name_ga":"Dún na nGall Thoir Thuaidh","seats":3}},{"type":"Feature","geometry":{"type":"MultiPolygon","coordinates":[[[[-8.229,55.149],[-8.291,55.153],[-8.313,55.114],[-8.315,55.075],[-8.349,55.064],[-8.343,55.047],[-8.395,55.044],[-8.408,55.014],[-8.452,54.999],[-8.414,54.959],[-8.373,54.943],[-8.427,54.935],[-8.459,54.919],[-8.443,54.905],[-8.388,54.888],[-8.386,54.852],[-8.447,54.839],[-8.502,54.845],[-8.527,54.812],[-8.473,54.79],[-8.537,54.765],[-8.594,54.778],[-8.665,54.769],[-8.75,54.728],[-8.75,54.708],[-8.806,54.698],[-8.795,54.669],[-8.773,54.657],[-8.692,54.642],[-8.676,54.62],[-8.623,54.623],[-8.562,54.616],[-8.487,54.635],[-8.464,54.606],[-8.432,54.63],[-8.397,54.635],[-8.353,54.615],[-8.342,54.631],[-8.272,54.635],[-8.272,54.607],[-8.187,54.64],[-8.156,54.634],[-8.121,54.646],[-8.115,54.62],[-8.134,54.605],[-8.163,54.604],[-8.176,54.588],[-8.221,54.568],[-8.21,54.549],[-8.265,54.528],[-8.242,54.507],[-8.288,54.478],[-8.381,54.464],[-8.402,54.446],[-8.396,54.428],[-8.348,54.406],[-8.365,54.372],[-8.394,54.36],[-8.389,54.32],[-8.346,54.299],[-8.341,54.224],[-8.281,54.203],[-8.223,54.198],[-8.201,54.189],[-8.118,54.212],[-8.044,54.222],[-8.058,54.236],[-8.041,54.254],[-8.01,54.248],[-7.953,54.298],[-7.951,54.3],[-7.947,54.304],[-7.999,54.347],[-8.057,54.366],[-8.097,54.406],[-8.154,54.437],[-8.17,54.461],[-8.085,54.487],[-8.043,54.488],[-8.042,54.507],[-8.006,54.546],[-7.938,54.533],[-7.869,54.535],[-7.76,54.594],[-7.696,54.611],[-7.705,54.632],[-7.743,54.62],[-7.784,54.633],[-7.897,54.658],[-7.914,54.676],[-7.911,54.701],[-7.877,54.705],[-7.837,54.736],[-7.805,54.719],[-7.746,54.704],[-7.712,54.726],[-7.677,54.731],[-7.637,54.751],[-7.579,54.743],[-7.548,54.755],[-7.549,54.789],[-7.527,54.808],[-7.516,54.809],[-7.515,54.81],[-7.514,54.81],[-7.512,54.812],[-7.512,54.813],[-7.514,54.814],[-7.515,54.815],[-7.515,54.816],[-7.516,54.816],[-7.516,54.817],[-7.516,54.818],[-7.517,54.818],[-7.518,54.818],[-7.519,54.818],[-7.521,54.819],[-7.525,54.82],[-7.526,54.82],[-7.527,54.82],[-7.528,54.82],[-7.529,54.82],[-7.53,54.82],[-7.531,54.82],[-7.532,54.821],[-7.533,54.821],[-7.533,54.82],[-7.534,54.819],[-7.535,54.819],[-7.535,54.82],[-7.536,54.82],[-7.538,54.821],[-7.539,54.821],[-7.54,54.821],[-7.541,54.822],[-7.542,54.822],[-7.543,54.822],[-7.544,54.822],[-7.545,54.822],[-7.546,54.822],[-7.547,54.822],[-7.548,54.823],[-7.549,54.823],[-7.55,54.823],[-7.551,54.823],[-7.552,54.823],[-7.552,54.822],[-7.552,54.821],[-7.551,54.821],[-7.551,54.82],[-7.55,54.82],[-7.551,54.82],[-7.552,54.819],[-7.553,54.819],[-7.553,54.818],[-7.554,54.818],[-7.556,54.818],[-7.557,54.819],[-7.558,54.819],[-7.558,54.82],[-7.559,54.82],[-7.56,54.819],[-7.561,54.819],[-7.562,54.819],[-7.563,54.819],[-7.564,54.818],[-7.565,54.819],[-7.565,54.82],[-7.566,54.82],[-7.567,54.82],[-7.567,54.821],[-7.569,54.82],[-7.569,54.819],[-7.57,54.819],[-7.571,54.819],[-7.572,54.819],[-7.572,54.82],[-7.573,54.82],[-7.573,54.821],[-7.574,54.821],[-7.574,54.82],[-7.575,54.821],[-7.576,54.821],[-7.577,54.821],[-7.577,54.82],[-7.579,54.819],[-7.58,54.819],[-7.6,54.832],[-7.608,54.84],[-7.641,54.851],[-7.642,54.852],[-7.643,54.853],[-7.644,54.853],[-7.645,54.854],[-7.646,54.854],[-7.646,54.855],[-7.647,54.857],[-7.648,54.857],[-7.649,54.857],[-7.65,54.857],[-7.65,54.858],[-7.651,54.858],[-7.652,54.858],[-7.653,54.858],[-7.655,54.859],[-7.655,54.86],[-7.656,54.861],[-7.657,54.862],[-7.657,54.863],[-7.658,54.864],[-7.659,54.864],[-7.66,54.864],[-7.661,54.864],[-7.661,54.865],[-7.662,54.865],[-7.662,54.866],[-7.662,54.867],[-7.663,54.867],[-7.662,54.867],[-7.663,54.867],[-7.664,54.868],[-7.664,54.867],[-7.665,54.867],[-7.666,54.867],[-7.666,54.866],[-7.667,54.866],[-7.668,54.866],[-7.669,54.866],[-7.671,54.867],[-7.672,54.867],[-7.673,54.867],[-7.673,54.868],[-7.674,54.868],[-7.674,54.869],[-7.675,54.869],[-7.675,54.87],[-7.674,54.87],[-7.671,54.871],[-7.67,54.871],[-7.67,54.872],[-7.67,54.873],[-7.671,54.874],[-7.672,54.874],[-7.673,54.875],[-7.673,54.876],[-7.675,54.876],[-7.676,54.876],[-7.676,54.877],[-7.676,54.878],[-7.676,54.879],[-7.675,54.879],[-7.674,54.88],[-7.673,54.88],[-7.672,54.881],[-7.671,54.883],[-7.67,54.883],[-7.669,54.884],[-7.668,54.885],[-7.667,54.885],[-7.666,54.885],[-7.665,54.885],[-7.664,54.885],[-7.663,54.886],[-7.663,54.887],[-7.663,54.889],[-7.664,54.889],[-7.664,54.89],[-7.664,54.891],[-7.664,54.892],[-7.664,54.893],[-7.665,54.893],[-7.667,54.893],[-7.668,54.893],[-7.67,54.893],[-7.671,54.893],[-7.672,54.893],[-7.672,54.894],[-7.673,54.894],[-7.674,54.894],[-7.675,54.895],[-7.677,54.896],[-7.678,54.896],[-7.679,54.897],[-7.684,54.895],[-7.685,54.894],[-7.686,54.894],[-7.689,54.893],[-7.69,54.894],[-7.69,54.893],[-7.691,54.893],[-7.692,54.893],[-7.692,54.894],[-7.693,54.894],[-7.693,54.895],[-7.694,54.895],[-7.695,54.896],[-7.696,54.896],[-7.698,54.895],[-7.699,54.894],[-7.7,54.893],[-7.701,54.892],[-7.702,54.892],[-7.703,54.892],[-7.704,54.892],[-7.705,54.891],[-7.706,54.891],[-7.707,54.891],[-7.707,54.89],[-7.706,54.889],[-7.706,54.888],[-7.707,54.888],[-7.708,54.887],[-7.709,54.887],[-7.71,54.887],[-7.711,54.887],[-7.711,54.886],[-7.712,54.886],[-7.713,54.886],[-7.716,54.884],[-7.717,54.884],[-7.716,54.884],[-7.715,54.884],[-7.714,54.884],[-7.714,54.883],[-7.714,54.884],[-7.714,54.883],[-7.713,54.883],[-7.713,54.882],[-7.712,54.882],[-7.712,54.881],[-7.712,54.88],[-7.713,54.88],[-7.713,54.879],[-7.714,54.879],[-7.715,54.879],[-7.715,54.878],[-7.716,54.878],[-7.717,54.878],[-7.718,54.878],[-7.718,54.877],[-7.719,54.877],[-7.72,54.877],[-7.72,54.876],[-7.721,54.876],[-7.721,54.875],[-7.722,54.875],[-7.723,54.875],[-7.723,54.874],[-7.723,54.873],[-7.724,54.873],[-7.724,54.872],[-7.724,54.871],[-7.723,54.87],[-7.722,54.871],[-7.721,54.871],[-7.72,54.871],[-7.719,54.871],[-7.717,54.871],[-7.716,54.871],[-7.717,54.871],[-7.717,54.87],[-7.718,54.87],[-7.718,54.869],[-7.719,54.868],[-7.72,54.868],[-7.721,54.868],[-7.721,54.867],[-7.722,54.867],[-7.723,54.866],[-7.722,54.866],[-7.723,54.866],[-7.723,54.865],[-7.724,54.865],[-7.724,54.864],[-7.725,54.864],[-7.725,54.863],[-7.726,54.863],[-7.727,54.863],[-7.728,54.862],[-7.727,54.862],[-7.727,54.861],[-7.727,54.86],[-7.726,54.86],[-7.726,54.859],[-7.726,54.858],[-7.726,54.857],[-7.727,54.857],[-7.729,54.857],[-7.73,54.857],[-7.731,54.856],[-7.731,54.855],[-7.732,54.855],[-7.732,54.854],[-7.733,54.854],[-7.736,54.852],[-7.738,54.851],[-7.739,54.85],[-7.74,54.85],[-7.741,54.85],[-7.741,54.849],[-7.741,54.848],[-7.742,54.848],[-7.743,54.848],[-7.744,54.848],[-7.746,54.847],[-7.804,54.851],[-7.842,54.856],[-7.842,54.857],[-7.889,54.877],[-7.902,54.879],[-7.909,54.881],[-7.917,54.882],[-7.946,54.887],[-7.964,54.892],[-7.965,54.892],[-7.979,54.892],[-7.98,54.892],[-8.003,54.881],[-8.03,54.905],[-8.075,54.926],[-8.075,54.927],[-8.092,54.933],[-8.108,54.933],[-8.112,54.938],[-8.107,54.939],[-8.103,54.942],[-8.152,54.98],[-8.153,54.98],[-8.153,54.981],[-8.154,54.981],[-8.155,54.981],[-8.155,54.982],[-8.155,54.983],[-8.155,54.984],[-8.156,54.985],[-8.158,54.987],[-8.159,54.988],[-8.16,54.989],[-8.16,54.99],[-8.161,54.99],[-8.161,54.991],[-8.162,54.991],[-8.162,54.992],[-8.163,54.992],[-8.163,54.993],[-8.164,54.994],[-8.164,54.995],[-8.165,54.995],[-8.165,54.996],[-8.166,54.997],[-8.168,54.997],[-8.169,54.997],[-8.17,54.997],[-8.172,54.997],[-8.173,54.996],[-8.174,54.996],[-8.175,54.996],[-8.176,54.996],[-8.178,54.996],[-8.18,54.996],[-8.181,54.995],[-8.182,54.995],[-8.183,54.996],[-8.185,54.996],[-8.186,54.997],[-8.187,54.997],[-8.188,54.997],[-8.189,54.997],[-8.19,54.998],[-8.191,54.998],[-8.192,54.998],[-8.193,54.998],[-8.195,54.998],[-8.196,54.999],[-8.197,54.999],[-8.198,54.999],[-8.199,54.999],[-8.2,54.999],[-8.201,54.998],[-8.201,54.999],[-8.206,55.008],[-8.206,55.009],[-8.205,55.009],[-8.204,55.011],[-8.203,55.013],[-8.202,55.014],[-8.199,55.018],[-8.198,55.019],[-8.197,55.021],[-8.196,55.022],[-8.195,55.023],[-8.195,55.024],[-8.194,55.026],[-8.194,55.027],[-8.194,55.028],[-8.193,55.028],[-8.193,55.029],[-8.193,55.03],[-8.193,55.031],[-8.193,55.032],[-8.193,55.033],[-8.192,55.033],[-8.192,55.034],[-8.192,55.035],[-8.192,55.036],[-8.191,55.036],[-8.191,55.037],[-8.19,55.038],[-8.189,55.039],[-8.188,55.04],[-8.189,55.041],[-8.189,55.042],[-8.19,55.042],[-8.191,55.043],[-8.191,55.044],[-8.19,55.045],[-8.19,55.046],[-8.189,55.046],[-8.189,55.047],[-8.188,55.047],[-8.188,55.048],[-8.187,55.048],[-8.187,55.049],[-8.187,55.05],[-8.187,55.051],[-8.187,55.052],[-8.187,55.053],[-8.187,55.054],[-8.187,55.055],[-8.187,55.056],[-8.187,55.057],[-8.188,55.057],[-8.188,55.058],[-8.187,55.058],[-8.188,55.058],[-8.188,55.059],[-8.188,55.06],[-8.187,55.06],[-8.188,55.06],[-8.187,55.06],[-8.188,55.061],[-8.188,55.062],[-8.188,55.063],[-8.188,55.064],[-8.188,55.065],[-8.188,55.066],[-8.188,55.067],[-8.189,55.067],[-8.188,55.067],[-8.188,55.068],[-8.189,55.069],[-8.188,55.069],[-8.188,55.07],[-8.188,55.071],[-8.189,55.071],[-8.188,55.071],[-8.188,55.072],[-8.189,55.072],[-8.188,55.072],[-8.189,55.072],[-8.189,55.073],[-8.188,55.073],[-8.189,55.073],[-8.189,55.074],[-8.189,55.075],[-8.189,55.076],[-8.19,55.077],[-8.19,55.078],[-8.19,55.079],[-8.19,55.08],[-8.19,55.081],[-8.191,55.081],[-8.192,55.08],[-8.193,55.08],[-8.194,55.08],[-8.195,55.08],[-8.198,55.082],[-8.199,55.082],[-8.2,55.082],[-8.201,55.082],[-8.202,55.082],[-8.203,55.082],[-8.204,55.082],[-8.205,55.082],[-8.207,55.082],[-8.218,55.104],[-8.218,55.117],[-8.221,55.121],[-8.223,55.123],[-8.218,55.137],[-8.229,55.149]]],[[[-8.515,55.006],[-8.539,55.02],[-8.567,54.976],[-8.488,54.973],[-8.515,55.006]]]]},"properties":{"name":"Donegal-Leitrim","name_ga":"Dún na nGall-Liatroim","seats":3}},{"type":"Feature","geometry":{"type":"Polygon","coordinates":[[[-6.794,53.781],[-6.845,53.803],[-6.86,53.819],[-6.849,53.854],[-6.881,53.875],[-6.845,53.879],[-6.835,53.895],[-6.784,53.898],[-6.764,53.92],[-6.83,53.932],[-6.865,53.988],[-6.89,54.012],[-6.891,54.012],[-6.935,54.019],[-6.94,54.033],[-6.98,54.05],[-7.022,54.078],[-7.035,54.097],[-7.079,54.089],[-7.114,54.095],[-7.126,54.095],[-7.128,54.094],[-7.165,54.088],[-7.169,54.089],[-7.202,54.092],[-7.219,54.1],[-7.218,54.1],[-7.223,54.102],[-7.232,54.097],[-7.246,54.093],[-7.286,54.105],[-7.32,54.114],[-7.363,54.131],[-7.442,54.154],[-7.481,54.122],[-7.528,54.136],[-7.546,54.127],[-7.61,54.144],[-7.625,54.165],[-7.692,54.204],[-7.804,54.207],[-7.862,54.219],[-7.861,54.261],[-7.871,54.288],[-7.888,54.301],[-7.947,54.304],[-7.951,54.3],[-7.953,54.298],[-8.01,54.248],[-8.041,54.254],[-8.058,54.236],[-8.044,54.222],[-7.984,54.179],[-7.953,54.179],[-7.888,54.142],[-7.859,54.113],[-7.822,54.096],[-7.788,54.108],[-7.753,54.102],[-7.751,54.102],[-7.737,54.083],[-7.709,54.084],[-7.685,54.06],[-7.658,54.056],[-7.64,54.023],[-7.601,54.013],[-7.599,53.992],[-7.585,53.981],[-7.61,53.938],[-7.558,53.904],[-7.585,53.857],[-7.543,53.853],[-7.494,53.86],[-7.477,53.854],[-7.456,53.802],[-7.378,53.785],[-7.336,53.788],[-7.292,53.778],[-7.264,53.748],[-7.23,53.734],[-7.226,53.703],[-7.147,53.684],[-7.131,53.674],[-7.13,53.674],[-7.074,53.648],[-7.055,53.655],[-7.004,53.677],[-7.025,53.697],[-7.004,53.716],[-7.052,53.734],[-7.06,53.749],[-7.038,53.777],[-7.004,53.766],[-6.963,53.791],[-6.928,53.765],[-6.882,53.782],[-6.843,53.757],[-6.794,53.781]]]},"properties":{"name":"Cavan","name_ga":"An Cabhán","seats":3}},{"type":"Feature","geometry":{"type":"Polygon","coordinates":[[[-7.192,53.423],[-7.186,53.434],[-7.123,53.446],[-7.063,53.469],[-7.067,53.478],[-7.067,53.48],[-7.065,53.497],[-7.035,53.504],[-7.022,53.533],[-7.022,53.534],[-7.027,53.549],[-7.028,53.549],[-7.028,53.55],[-7.035,53.558],[-7.035,53.559],[-7.023,53.575],[-6.99,53.578],[-6.96,53.648],[-6.981,53.671],[-7.004,53.677],[-7.055,53.655],[-7.074,53.648],[-7.13,53.674],[-7.131,53.674],[-7.147,53.684],[-7.226,53.703],[-7.23,53.734],[-7.264,53.748],[-7.292,53.778],[-7.336,53.788],[-7.378,53.785],[-7.456,53.802],[-7.477,53.854],[-7.494,53.86],[-7.543,53.853],[-7.585,53.857],[-7.558,53.904],[-7.61,53.938],[-7.647,53.941],[-7.667,53.921],[-7.693,53.916],[-7.738,53.876],[-7.777,53.868],[-7.772,53.846],[-7.788,53.816],[-7.829,53.811],[-7.883,53.821],[-7.882,53.823],[-7.882,53.826],[-7.882,53.827],[-7.918,53.819],[-7.909,53.794],[-7.876,53.777],[-7.89,53.758],[-7.944,53.728],[-7.951,53.712],[-7.988,53.698],[-7.984,53.68],[-8.035,53.643],[-8.036,53.608],[-7.981,53.552],[-7.955,53.481],[-7.967,53.45],[-7.939,53.422],[-7.941,53.404],[-7.914,53.379],[-7.923,53.363],[-7.883,53.349],[-7.826,53.356],[-7.772,53.347],[-7.717,53.36],[-7.662,53.408],[-7.625,53.418],[-7.567,53.378],[-7.567,53.361],[-7.472,53.333],[-7.456,53.318],[-7.423,53.335],[-7.399,53.33],[-7.268,53.398],[-7.216,53.407],[-7.192,53.423]]]},"properties":{"name":"Longford-Westmeath","name_ga":"An Longfort-An Iarmhí","seats":4}},{"type":"Feature","geometry":{"type":"Polygon","coordinates":[[[-7.923,53.363],[-7.914,53.379],[-7.941,53.404],[-7.939,53.422],[-7.967,53.45],[-7.955,53.481],[-7.981,53.552],[-8.036,53.608],[-8.035,53.643],[-7.984,53.68],[-7.988,53.698],[-7.951,53.712],[-7.944,53.728],[-7.89,53.758],[-7.876,53.777],[-7.909,53.794],[-7.918,53.819],[-7.882,53.827],[-7.882,53.826],[-7.882,53.823],[-7.883,53.821],[-7.829,53.811],[-7.788,53.816],[-7.772,53.846],[-7.777,53.868],[-7.738,53.876],[-7.693,53.916],[-7.667,53.921],[-7.647,53.941],[-7.61,53.938],[-7.585,53.981],[-7.599,53.992],[-7.635,53.988],[-7.775,53.994],[-7.801,54.014],[-7.833,53.983],[-7.865,53.974],[-7.929,53.986],[-7.945,53.975],[-8.002,53.988],[-8.07,53.989],[-8.091,54.027],[-8.09,54.029],[-8.089,54.032],[-8.09,54.032],[-8.09,54.036],[-8.089,54.036],[-8.088,54.038],[-8.048,54.072],[-8.053,54.105],[-8.072,54.105],[-8.073,54.105],[-8.083,54.105],[-8.083,54.106],[-8.148,54.124],[-8.177,54.088],[-8.218,54.084],[-8.219,54.062],[-8.295,54.045],[-8.315,54.005],[-8.366,54.005],[-8.405,53.961],[-8.361,53.948],[-8.336,53.926],[-8.448,53.926],[-8.473,53.916],[-8.473,53.917],[-8.519,53.927],[-8.537,53.958],[-8.585,53.954],[-8.641,53.963],[-8.667,53.975],[-8.691,53.963],[-8.679,53.944],[-8.685,53.919],[-8.633,53.899],[-8.636,53.868],[-8.704,53.874],[-8.695,53.852],[-8.733,53.806],[-8.686,53.793],[-8.67,53.801],[-8.578,53.808],[-8.508,53.793],[-8.533,53.764],[-8.521,53.75],[-8.464,53.728],[-8.447,53.688],[-8.416,53.667],[-8.381,53.676],[-8.337,53.666],[-8.318,53.67],[-8.288,53.642],[-8.242,53.642],[-8.225,53.617],[-8.224,53.591],[-8.174,53.578],[-8.144,53.585],[-8.124,53.574],[-8.144,53.556],[-8.123,53.532],[-8.129,53.511],[-8.172,53.518],[-8.169,53.485],[-8.18,53.476],[-8.154,53.452],[-8.177,53.434],[-8.178,53.415],[-8.147,53.401],[-8.135,53.372],[-8.11,53.375],[-8.076,53.356],[-8.036,53.36],[-7.989,53.334],[-7.942,53.343],[-7.923,53.363]]]},"properties":{"name":"Roscommon-Leitrim","name_ga":"Ros Comáin-Liatroim","seats":3}},{"type":"Feature","geometry":{"type":"Polygon","coordinates":[[[-8.686,53.793],[-8.68,53.753],[-8.714,53.725],[-8.713,53.712],[-8.792,53.696],[-8.807,53.675],[-8.843,53.653],[-8.899,53.652],[-8.938,53.66],[-8.971,53.655],[-8.98,53.605],[-9.007,53.584],[-9.046,53.577],[-9.025,53.551],[-9.039,53.536],[-9.094,53.515],[-9.137,53.477],[-9.182,53.472],[-9.237,53.48],[-9.266,53.469],[-9.26,53.45],[-9.214,53.444],[-9.185,53.425],[-9.122,53.423],[-9.102,53.403],[-9.019,53.418],[-9.017,53.385],[-8.95,53.368],[-8.917,53.377],[-8.901,53.353],[-8.925,53.344],[-8.876,53.315],[-8.868,53.3],[-8.838,53.292],[-8.794,53.256],[-8.749,53.25],[-8.743,53.269],[-8.693,53.291],[-8.673,53.284],[-8.622,53.298],[-8.549,53.28],[-8.545,53.3],[-8.566,53.31],[-8.51,53.361],[-8.486,53.359],[-8.424,53.378],[-8.378,53.365],[-8.374,53.35],[-8.304,53.336],[-8.264,53.354],[-8.23,53.351],[-8.17,53.377],[-8.135,53.372],[-8.147,53.401],[-8.178,53.415],[-8.177,53.434],[-8.154,53.452],[-8.18,53.476],[-8.169,53.485],[-8.172,53.518],[-8.129,53.511],[-8.123,53.532],[-8.144,53.556],[-8.124,53.574],[-8.144,53.585],[-8.174,53.578],[-8.224,53.591],[-8.225,53.617],[-8.242,53.642],[-8.288,53.642],[-8.318,53.67],[-8.337,53.666],[-8.381,53.676],[-8.416,53.667],[-8.447,53.688],[-8.464,53.728],[-8.521,53.75],[-8.533,53.764],[-8.508,53.793],[-8.578,53.808],[-8.67,53.801],[-8.686,53.793]]]},"properties":{"name":"North-East Galway","name_ga":"Gaillimh Thoir Thuaidh","seats":3}},{"type":"Feature","geometry":{"type":"Polygon","coordinates":[[[-8.585,53.954],[-8.594,53.967],[-8.583,54.013],[-8.647,54.033],[-8.701,54.005],[-8.738,53.995],[-8.783,53.966],[-8.845,53.972],[-8.889,54.007],[-8.942,54.01],[-8.969,54.027],[-9.012,54.024],[-9.015,54.052],[-8.965,54.073],[-8.96,54.102],[-8.917,54.118],[-8.937,54.143],[-8.993,54.15],[-9.025,54.162],[-9.057,54.146],[-9.103,54.149],[-9.132,54.162],[-9.157,54.196],[-9.182,54.208],[-9.214,54.252],[-9.207,54.277],[-9.256,54.274],[-9.248,54.296],[-9.264,54.31],[-9.335,54.321],[-9.39,54.308],[-9.517,54.309],[-9.585,54.321],[-9.599,54.294],[-9.565,54.275],[-9.614,54.243],[-9.591,54.222],[-9.552,54.221],[-9.566,54.201],[-9.554,54.183],[-9.563,54.131],[-9.581,54.102],[-9.568,54.08],[-9.601,54.049],[-9.571,54.002],[-9.547,54.011],[-9.513,53.98],[-9.47,53.995],[-9.445,53.979],[-9.414,53.984],[-9.415,54.015],[-9.376,54.032],[-9.366,54.055],[-9.264,54.038],[-9.192,53.978],[-9.145,53.965],[-9.119,53.939],[-9.094,53.94],[-9.075,53.903],[-9.096,53.894],[-9.1,53.849],[-9.142,53.851],[-9.152,53.818],[-9.121,53.771],[-9.123,53.69],[-9.161,53.683],[-9.17,53.656],[-9.193,53.647],[-9.195,53.615],[-9.171,53.614],[-9.138,53.641],[-9.117,53.636],[-9.065,53.582],[-9.046,53.577],[-9.007,53.584],[-8.98,53.605],[-8.971,53.655],[-8.938,53.66],[-8.899,53.652],[-8.843,53.653],[-8.807,53.675],[-8.792,53.696],[-8.713,53.712],[-8.714,53.725],[-8.68,53.753],[-8.686,53.793],[-8.733,53.806],[-8.695,53.852],[-8.704,53.874],[-8.636,53.868],[-8.633,53.899],[-8.685,53.919],[-8.679,53.944],[-8.691,53.963],[-8.667,53.975],[-8.641,53.963],[-8.585,53.954]]]},"properties":{"name":"East Mayo","name_ga":"Maigh Eo Thoir","seats":3}},{"type":"Feature","geometry":{"type":"Polygon","coordinates":[[[-8.381,54.464],[-8.476,54.452],[-8.487,54.421],[-8.532,54.402],[-8.619,54.379],[-8.672,54.36],[-8.645,54.333],[-8.594,54.343],[-8.555,54.342],[-8.572,54.305],[-8.527,54.303],[-8.492,54.292],[-8.517,54.276],[-8.584,54.276],[-8.616,54.26],[-8.558,54.23],[-8.57,54.217],[-8.628,54.238],[-8.645,54.261],[-8.682,54.273],[-8.725,54.263],[-8.785,54.271],[-8.826,54.253],[-8.95,54.293],[-9.055,54.294],[-9.054,54.274],[-9.092,54.228],[-9.095,54.215],[-9.133,54.207],[-9.124,54.182],[-9.132,54.162],[-9.103,54.149],[-9.057,54.146],[-9.025,54.162],[-8.993,54.15],[-8.937,54.143],[-8.917,54.118],[-8.96,54.102],[-8.965,54.073],[-9.015,54.052],[-9.012,54.024],[-8.969,54.027],[-8.942,54.01],[-8.889,54.007],[-8.845,53.972],[-8.783,53.966],[-8.738,53.995],[-8.701,54.005],[-8.647,54.033],[-8.583,54.013],[-8.594,53.967],[-8.585,53.954],[-8.537,53.958],[-8.519,53.927],[-8.473,53.917],[-8.473,53.916],[-8.448,53.926],[-8.336,53.926],[-8.361,53.948],[-8.405,53.961],[-8.366,54.005],[-8.315,54.005],[-8.295,54.045],[-8.219,54.062],[-8.218,54.084],[-8.177,54.088],[-8.148,54.124],[-8.083,54.106],[-8.083,54.105],[-8.073,54.105],[-8.072,54.105],[-8.053,54.105],[-8.048,54.072],[-8.088,54.038],[-8.089,54.036],[-8.09,54.036],[-8.09,54.032],[-8.089,54.032],[-8.09,54.029],[-8.091,54.027],[-8.07,53.989],[-8.002,53.988],[-7.945,53.975],[-7.929,53.986],[-7.865,53.974],[-7.833,53.983],[-7.801,54.014],[-7.775,53.994],[-7.635,53.988],[-7.599,53.992],[-7.601,54.013],[-7.64,54.023],[-7.658,54.056],[-7.685,54.06],[-7.709,54.084],[-7.737,54.083],[-7.751,54.102],[-7.753,54.102],[-7.788,54.108],[-7.822,54.096],[-7.859,54.113],[-7.888,54.142],[-7.953,54.179],[-7.984,54.179],[-8.044,54.222],[-8.118,54.212],[-8.201,54.189],[-8.223,54.198],[-8.281,54.203],[-8.341,54.224],[-8.346,54.299],[-8.389,54.32],[-8.394,54.36],[-8.365,54.372],[-8.348,54.406],[-8.396,54.428],[-8.402,54.446],[-8.381,54.464]]]},"properties":{"name":"Sligo-Leitrim","name_ga":"Sligeach-Liatroim","seats":3}},{"type":"Feature","geometry":{"type":"MultiPolygon","coordinates":[[[[-9.046,53.577],[-9.065,53.582],[-9.117,53.636],[-9.138,53.641],[-9.171,53.614],[-9.195,53.615],[-9.193,53.647],[-9.17,53.656],[-9.161,53.683],[-9.123,53.69],[-9.121,53.771],[-9.152,53.818],[-9.142,53.851],[-9.1,53.849],[-9.096,53.894],[-9.075,53.903],[-9.094,53.94],[-9.119,53.939],[-9.145,53.965],[-9.192,53.978],[-9.264,54.038],[-9.366,54.055],[-9.376,54.032],[-9.415,54.015],[-9.414,53.984],[-9.445,53.979],[-9.47,53.995],[-9.513,53.98],[-9.547,54.011],[-9.571,54.002],[-9.601,54.049],[-9.568,54.08],[-9.581,54.102],[-9.563,54.131],[-9.554,54.183],[-9.566,54.201],[-9.552,54.221],[-9.591,54.222],[-9.614,54.243],[-9.565,54.275],[-9.599,54.294],[-9.585,54.321],[-9.627,54.325],[-9.66,54.314],[-9.802,54.342],[-9.859,54.323],[-9.857,54.304],[-9.808,54.287],[-9.856,54.274],[-9.879,54.257],[-9.867,54.235],[-9.876,54.218],[-9.915,54.227],[-9.892,54.254],[-9.958,54.271],[-9.997,54.306],[-10.025,54.284],[-10.07,54.277],[-10.095,54.236],[-10.056,54.228],[-10.064,54.209],[-10.096,54.199],[-10.087,54.181],[-10.118,54.146],[-10.131,54.109],[-10.094,54.088],[-10.064,54.097],[-10.087,54.127],[-10.063,54.151],[-10.063,54.171],[-10.013,54.191],[-10,54.224],[-9.956,54.197],[-9.955,54.149],[-9.938,54.112],[-9.976,54.096],[-9.969,54.062],[-9.893,54.072],[-9.858,54.066],[-9.906,54.043],[-9.878,54.008],[-9.848,53.995],[-9.852,53.958],[-9.906,53.952],[-9.929,53.913],[-9.93,53.87],[-9.905,53.862],[-9.82,53.876],[-9.771,53.9],[-9.689,53.9],[-9.663,53.893],[-9.586,53.897],[-9.571,53.889],[-9.59,53.846],[-9.617,53.845],[-9.617,53.811],[-9.554,53.797],[-9.594,53.782],[-9.658,53.782],[-9.668,53.789],[-9.74,53.774],[-9.77,53.782],[-9.826,53.77],[-9.901,53.764],[-9.894,53.738],[-9.918,53.691],[-9.908,53.652],[-9.88,53.634],[-9.784,53.603],[-9.697,53.605],[-9.67,53.613],[-9.652,53.602],[-9.611,53.607],[-9.585,53.599],[-9.565,53.613],[-9.543,53.581],[-9.481,53.562],[-9.361,53.574],[-9.289,53.54],[-9.279,53.515],[-9.236,53.499],[-9.237,53.48],[-9.182,53.472],[-9.137,53.477],[-9.094,53.515],[-9.039,53.536],[-9.025,53.551],[-9.046,53.577]]],[[[-9.996,53.79],[-9.951,53.798],[-9.98,53.829],[-9.996,53.814],[-10.049,53.802],[-10.041,53.79],[-9.996,53.79]]],[[[-9.94,53.931],[-9.927,53.954],[-9.955,53.973],[-9.93,53.998],[-9.968,54.027],[-9.988,54.012],[-10.064,54.025],[-10.133,53.999],[-10.185,54.002],[-10.213,53.98],[-10.118,53.962],[-10.068,53.972],[-10.045,53.957],[-10.052,53.915],[-10.016,53.912],[-9.963,53.874],[-9.937,53.899],[-9.94,53.931]]]]},"properties":{"name":"West Mayo","name_ga":"Maigh Eo Thiar","seats":3}},{"type":"Feature","geometry":{"type":"MultiPolygon","coordinates":[[[[-9.237,53.48],[-9.236,53.499],[-9.279,53.515],[-9.289,53.54],[-9.361,53.574],[-9.481,53.562],[-9.543,53.581],[-9.565,53.613],[-9.585,53.599],[-9.611,53.607],[-9.652,53.602],[-9.67,53.613],[-9.704,53.595],[-9.731,53.6],[-9.789,53.594],[-9.872,53.625],[-9.911,53.601],[-9.968,53.601],[-9.997,53.611],[-10.049,53.609],[-10.02,53.578],[-9.963,53.571],[-9.988,53.548],[-10.014,53.567],[-10.099,53.577],[-10.129,53.576],[-10.158,53.557],[-10.1,53.48],[-10.058,53.457],[-10.065,53.442],[-10.133,53.451],[-10.184,53.413],[-10.141,53.417],[-10.105,53.41],[-10.052,53.415],[-10.037,53.391],[-9.989,53.379],[-9.935,53.379],[-9.915,53.392],[-9.903,53.422],[-9.866,53.389],[-9.829,53.416],[-9.792,53.394],[-9.817,53.378],[-9.889,53.369],[-9.906,53.324],[-9.882,53.312],[-9.839,53.321],[-9.774,53.3],[-9.74,53.306],[-9.697,53.36],[-9.63,53.381],[-9.647,53.343],[-9.609,53.334],[-9.598,53.36],[-9.552,53.342],[-9.62,53.327],[-9.598,53.28],[-9.63,53.25],[-9.614,53.232],[-9.578,53.247],[-9.51,53.222],[-9.456,53.232],[-9.34,53.238],[-9.224,53.25],[-9.163,53.246],[-9.13,53.256],[-9.099,53.255],[-9.039,53.27],[-8.946,53.274],[-8.939,53.259],[-8.904,53.251],[-8.855,53.267],[-8.868,53.3],[-8.876,53.315],[-8.925,53.344],[-8.901,53.353],[-8.917,53.377],[-8.95,53.368],[-9.017,53.385],[-9.019,53.418],[-9.102,53.403],[-9.122,53.423],[-9.185,53.425],[-9.214,53.444],[-9.26,53.45],[-9.266,53.469],[-9.237,53.48]]],[[[-9.783,53.13],[-9.691,53.108],[-9.665,53.119],[-9.703,53.142],[-9.783,53.13]]],[[[-9.577,53.102],[-9.613,53.084],[-9.607,53.065],[-9.562,53.087],[-9.577,53.102]]],[[[-9.719,53.257],[-9.7,53.225],[-9.655,53.227],[-9.642,53.257],[-9.654,53.279],[-9.719,53.257]]]]},"properties":{"name":"West Galway","name_ga":"Gaillimh Thiar","seats":3}},{"type":"Feature","geometry":{"type":"Polygon","coordinates":[[[-8.081,53.167],[-8.062,53.188],[-7.993,53.193],[-7.967,53.226],[-7.983,53.24],[-8.028,53.253],[-8.052,53.277],[-8.024,53.304],[-8.027,53.321],[-7.989,53.334],[-8.036,53.36],[-8.076,53.356],[-8.11,53.375],[-8.135,53.372],[-8.17,53.377],[-8.23,53.351],[-8.264,53.354],[-8.304,53.336],[-8.374,53.35],[-8.378,53.365],[-8.424,53.378],[-8.486,53.359],[-8.51,53.361],[-8.566,53.31],[-8.545,53.3],[-8.549,53.28],[-8.622,53.298],[-8.673,53.284],[-8.693,53.291],[-8.743,53.269],[-8.749,53.25],[-8.794,53.256],[-8.838,53.292],[-8.868,53.3],[-8.855,53.267],[-8.904,53.251],[-8.939,53.259],[-8.979,53.255],[-8.989,53.219],[-8.967,53.21],[-8.925,53.213],[-8.955,53.177],[-9.043,53.16],[-9.009,53.141],[-9.053,53.158],[-9.12,53.152],[-9.121,53.137],[-9.152,53.119],[-9.187,53.135],[-9.265,53.154],[-9.292,53.133],[-9.288,53.119],[-9.31,53.092],[-9.359,53.07],[-9.352,53.046],[-9.326,53.039],[-9.293,53.014],[-9.24,53.016],[-9.213,53.026],[-9.185,53.005],[-9.204,52.966],[-9.192,52.947],[-9.134,52.905],[-9.047,52.92],[-9.015,52.902],[-8.983,52.908],[-8.925,52.888],[-8.88,52.889],[-8.835,52.859],[-8.787,52.865],[-8.758,52.854],[-8.719,52.863],[-8.661,52.848],[-8.633,52.864],[-8.58,52.847],[-8.562,52.825],[-8.504,52.829],[-8.511,52.802],[-8.466,52.771],[-8.443,52.787],[-8.455,52.847],[-8.418,52.875],[-8.408,52.913],[-8.338,52.915],[-8.285,52.973],[-8.317,52.985],[-8.278,53.019],[-8.268,53.056],[-8.219,53.068],[-8.174,53.112],[-8.148,53.145],[-8.124,53.16],[-8.081,53.167]]]},"properties":{"name":"Clare-South Galway","name_ga":"An Clár-Gaillimh Theas","seats":3}},{"type":"Feature","geometry":{"type":"Polygon","coordinates":[[[-8.189,52.67],[-8.229,52.665],[-8.253,52.682],[-8.306,52.694],[-8.361,52.679],[-8.407,52.69],[-8.428,52.678],[-8.465,52.704],[-8.48,52.757],[-8.509,52.746],[-8.502,52.719],[-8.533,52.704],[-8.544,52.682],[-8.59,52.67],[-8.591,52.67],[-8.593,52.67],[-8.594,52.67],[-8.595,52.671],[-8.627,52.684],[-8.628,52.684],[-8.629,52.684],[-8.63,52.684],[-8.63,52.685],[-8.633,52.685],[-8.635,52.685],[-8.637,52.686],[-8.637,52.687],[-8.636,52.687],[-8.636,52.688],[-8.64,52.687],[-8.651,52.689],[-8.653,52.689],[-8.654,52.69],[-8.655,52.69],[-8.666,52.688],[-8.667,52.688],[-8.668,52.688],[-8.668,52.687],[-8.67,52.687],[-8.672,52.687],[-8.673,52.687],[-8.689,52.678],[-8.688,52.677],[-8.689,52.677],[-8.689,52.676],[-8.69,52.676],[-8.691,52.676],[-8.692,52.677],[-8.693,52.677],[-8.693,52.676],[-8.694,52.676],[-8.697,52.675],[-8.698,52.675],[-8.705,52.674],[-8.706,52.674],[-8.709,52.671],[-8.672,52.657],[-8.672,52.656],[-8.67,52.654],[-8.669,52.654],[-8.663,52.651],[-8.662,52.651],[-8.661,52.651],[-8.66,52.651],[-8.659,52.646],[-8.658,52.646],[-8.657,52.646],[-8.657,52.647],[-8.656,52.647],[-8.652,52.643],[-8.651,52.643],[-8.65,52.643],[-8.649,52.643],[-8.648,52.643],[-8.647,52.643],[-8.646,52.643],[-8.644,52.642],[-8.643,52.642],[-8.642,52.642],[-8.642,52.643],[-8.641,52.642],[-8.64,52.642],[-8.639,52.642],[-8.638,52.642],[-8.638,52.641],[-8.637,52.641],[-8.636,52.641],[-8.635,52.641],[-8.637,52.62],[-8.672,52.613],[-8.661,52.58],[-8.682,52.562],[-8.651,52.52],[-8.593,52.506],[-8.546,52.459],[-8.544,52.429],[-8.515,52.424],[-8.461,52.437],[-8.392,52.41],[-8.355,52.423],[-8.381,52.436],[-8.405,52.465],[-8.396,52.484],[-8.36,52.511],[-8.319,52.506],[-8.286,52.522],[-8.24,52.512],[-8.214,52.595],[-8.215,52.632],[-8.194,52.648],[-8.189,52.67]]]},"properties":{"name":"East Limerick","name_ga":"Luimneach Thoir","seats":4}},{"type":"Feature","geometry":{"type":"Polygon","coordinates":[[[-8.381,52.436],[-8.355,52.423],[-8.392,52.41],[-8.461,52.437],[-8.515,52.424],[-8.544,52.429],[-8.546,52.459],[-8.593,52.506],[-8.651,52.52],[-8.682,52.562],[-8.661,52.58],[-8.672,52.613],[-8.637,52.62],[-8.635,52.641],[-8.636,52.641],[-8.637,52.641],[-8.638,52.641],[-8.638,52.642],[-8.639,52.642],[-8.64,52.642],[-8.641,52.642],[-8.642,52.643],[-8.642,52.642],[-8.643,52.642],[-8.644,52.642],[-8.646,52.643],[-8.647,52.643],[-8.648,52.643],[-8.649,52.643],[-8.65,52.643],[-8.651,52.643],[-8.652,52.643],[-8.656,52.647],[-8.657,52.647],[-8.657,52.646],[-8.658,52.646],[-8.659,52.646],[-8.66,52.651],[-8.661,52.651],[-8.662,52.651],[-8.663,52.651],[-8.669,52.654],[-8.67,52.654],[-8.672,52.656],[-8.672,52.657],[-8.709,52.671],[-8.712,52.672],[-8.719,52.673],[-8.803,52.672],[-8.833,52.68],[-8.973,52.666],[-9.017,52.65],[-9.073,52.65],[-9.124,52.633],[-9.149,52.615],[-9.229,52.608],[-9.294,52.58],[-9.345,52.59],[-9.365,52.572],[-9.338,52.562],[-9.348,52.541],[-9.306,52.522],[-9.305,52.522],[-9.297,52.496],[-9.339,52.47],[-9.326,52.443],[-9.339,52.404],[-9.303,52.389],[-9.344,52.367],[-9.298,52.334],[-9.24,52.322],[-9.217,52.298],[-9.175,52.312],[-9.14,52.333],[-9.075,52.331],[-8.986,52.311],[-8.962,52.319],[-8.883,52.332],[-8.882,52.347],[-8.829,52.371],[-8.82,52.384],[-8.777,52.387],[-8.724,52.371],[-8.674,52.384],[-8.662,52.352],[-8.624,52.344],[-8.585,52.307],[-8.565,52.306],[-8.535,52.287],[-8.505,52.28],[-8.441,52.293],[-8.386,52.295],[-8.341,52.329],[-8.312,52.322],[-8.285,52.287],[-8.251,52.296],[-8.183,52.288],[-8.169,52.292],[-8.168,52.368],[-8.193,52.364],[-8.228,52.386],[-8.232,52.411],[-8.283,52.401],[-8.314,52.436],[-8.381,52.436]]]},"properties":{"name":"West Limerick","name_ga":"Luimneach Thiar","seats":3}},{"type":"Feature","geometry":{"type":"Polygon","coordinates":[[[-8.466,52.771],[-8.511,52.802],[-8.504,52.829],[-8.562,52.825],[-8.58,52.847],[-8.633,52.864],[-8.661,52.848],[-8.719,52.863],[-8.758,52.854],[-8.787,52.865],[-8.835,52.859],[-8.88,52.889],[-8.925,52.888],[-8.983,52.908],[-9.015,52.902],[-9.047,52.92],[-9.134,52.905],[-9.192,52.947],[-9.204,52.966],[-9.185,53.005],[-9.213,53.026],[-9.24,53.016],[-9.293,53.014],[-9.326,53.039],[-9.352,53.046],[-9.359,53.07],[-9.364,53.051],[-9.409,53.019],[-9.392,53.008],[-9.428,52.986],[-9.429,52.97],[-9.474,52.943],[-9.4,52.933],[-9.361,52.944],[-9.347,52.932],[-9.39,52.897],[-9.434,52.882],[-9.432,52.837],[-9.457,52.817],[-9.49,52.807],[-9.483,52.775],[-9.511,52.745],[-9.557,52.752],[-9.607,52.744],[-9.666,52.682],[-9.803,52.618],[-9.81,52.603],[-9.913,52.576],[-9.929,52.556],[-9.878,52.558],[-9.845,52.572],[-9.812,52.565],[-9.747,52.58],[-9.741,52.587],[-9.68,52.573],[-9.635,52.599],[-9.437,52.596],[-9.408,52.592],[-9.373,52.602],[-9.345,52.59],[-9.294,52.58],[-9.229,52.608],[-9.149,52.615],[-9.124,52.633],[-9.073,52.65],[-9.017,52.65],[-8.973,52.666],[-8.833,52.68],[-8.803,52.672],[-8.719,52.673],[-8.712,52.672],[-8.709,52.671],[-8.706,52.674],[-8.705,52.674],[-8.698,52.675],[-8.697,52.675],[-8.694,52.676],[-8.693,52.676],[-8.693,52.677],[-8.692,52.677],[-8.691,52.676],[-8.69,52.676],[-8.689,52.676],[-8.689,52.677],[-8.688,52.677],[-8.689,52.678],[-8.673,52.687],[-8.672,52.687],[-8.67,52.687],[-8.668,52.687],[-8.668,52.688],[-8.667,52.688],[-8.666,52.688],[-8.655,52.69],[-8.654,52.69],[-8.653,52.689],[-8.651,52.689],[-8.64,52.687],[-8.636,52.688],[-8.636,52.687],[-8.637,52.687],[-8.637,52.686],[-8.635,52.685],[-8.633,52.685],[-8.63,52.685],[-8.63,52.684],[-8.629,52.684],[-8.628,52.684],[-8.627,52.684],[-8.595,52.671],[-8.594,52.67],[-8.593,52.67],[-8.591,52.67],[-8.59,52.67],[-8.544,52.682],[-8.533,52.704],[-8.502,52.719],[-8.509,52.746],[-8.48,52.757],[-8.466,52.771]]]},"properties":{"name":"Clare","name_ga":"An Clár","seats":3}},{"type":"Feature","geometry":{"type":"Polygon","coordinates":[[[-8.183,52.288],[-8.251,52.296],[-8.285,52.287],[-8.312,52.322],[-8.341,52.329],[-8.386,52.295],[-8.441,52.293],[-8.505,52.28],[-8.535,52.287],[-8.565,52.306],[-8.557,52.281],[-8.572,52.251],[-8.642,52.246],[-8.659,52.271],[-8.71,52.283],[-8.725,52.31],[-8.797,52.282],[-8.839,52.254],[-8.816,52.233],[-8.768,52.242],[-8.704,52.224],[-8.739,52.215],[-8.77,52.179],[-8.765,52.157],[-8.79,52.144],[-8.775,52.127],[-8.736,52.127],[-8.722,52.089],[-8.781,52.042],[-8.744,52.024],[-8.661,52.039],[-8.6,52.062],[-8.553,52.039],[-8.534,51.987],[-8.567,51.972],[-8.527,51.931],[-8.524,51.931],[-8.52,51.929],[-8.52,51.928],[-8.52,51.927],[-8.493,51.924],[-8.492,51.924],[-8.477,51.929],[-8.479,51.927],[-8.478,51.926],[-8.478,51.925],[-8.478,51.924],[-8.477,51.924],[-8.476,51.923],[-8.475,51.923],[-8.474,51.924],[-8.473,51.924],[-8.473,51.923],[-8.472,51.923],[-8.471,51.923],[-8.47,51.923],[-8.47,51.922],[-8.469,51.922],[-8.469,51.921],[-8.468,51.921],[-8.467,51.921],[-8.466,51.921],[-8.465,51.921],[-8.465,51.92],[-8.464,51.92],[-8.463,51.92],[-8.461,51.921],[-8.459,51.921],[-8.458,51.921],[-8.457,51.921],[-8.456,51.921],[-8.455,51.921],[-8.454,51.92],[-8.453,51.92],[-8.451,51.919],[-8.45,51.919],[-8.449,51.918],[-8.448,51.918],[-8.447,51.918],[-8.447,51.917],[-8.446,51.916],[-8.43,51.917],[-8.421,51.913],[-8.412,51.905],[-8.394,51.901],[-8.392,51.895],[-8.391,51.895],[-8.392,51.895],[-8.393,51.898],[-8.394,51.901],[-8.342,51.882],[-8.328,51.866],[-8.32,51.844],[-8.257,51.857],[-8.181,51.86],[-8.199,51.844],[-8.238,51.838],[-8.252,51.794],[-8.178,51.795],[-8.136,51.804],[-8.062,51.809],[-8.001,51.827],[-8.021,51.846],[-7.997,51.861],[-7.865,51.883],[-7.887,51.911],[-7.842,51.941],[-7.842,51.954],[-7.855,51.98],[-7.91,51.974],[-7.938,52.014],[-8.023,52.057],[-8.014,52.074],[-8.029,52.103],[-8.072,52.144],[-8.156,52.141],[-8.12,52.195],[-8.103,52.231],[-8.161,52.242],[-8.183,52.288]]]},"properties":{"name":"North-East Cork","name_ga":"Corcaigh Thoir Thuaidh","seats":4}},{"type":"Feature","geometry":{"type":"Polygon","coordinates":[[[-9.217,52.298],[-9.216,52.282],[-9.274,52.255],[-9.276,52.23],[-9.263,52.213],[-9.232,52.177],[-9.238,52.148],[-9.205,52.088],[-9.221,52.055],[-9.212,52.023],[-9.184,52.027],[-9.163,52.007],[-9.12,51.996],[-9.138,51.983],[-9.195,51.982],[-9.255,51.97],[-9.303,51.946],[-9.302,51.924],[-9.279,51.894],[-9.33,51.846],[-9.357,51.836],[-9.438,51.823],[-9.461,51.795],[-9.437,51.749],[-9.407,51.757],[-9.299,51.759],[-9.247,51.772],[-9.222,51.754],[-9.267,51.744],[-9.272,51.728],[-9.223,51.714],[-9.165,51.726],[-9.172,51.761],[-9.121,51.757],[-9.096,51.748],[-9.042,51.759],[-9.022,51.771],[-9.034,51.794],[-8.972,51.809],[-8.941,51.798],[-8.886,51.811],[-8.848,51.806],[-8.742,51.829],[-8.655,51.843],[-8.622,51.816],[-8.634,51.789],[-8.61,51.765],[-8.628,51.758],[-8.63,51.73],[-8.596,51.722],[-8.55,51.746],[-8.496,51.751],[-8.471,51.711],[-8.44,51.685],[-8.419,51.704],[-8.386,51.714],[-8.343,51.716],[-8.33,51.734],[-8.297,51.754],[-8.275,51.809],[-8.339,51.842],[-8.328,51.866],[-8.342,51.882],[-8.394,51.901],[-8.393,51.898],[-8.392,51.895],[-8.391,51.895],[-8.39,51.893],[-8.389,51.891],[-8.392,51.881],[-8.433,51.883],[-8.451,51.875],[-8.46,51.878],[-8.48,51.874],[-8.485,51.875],[-8.486,51.875],[-8.487,51.875],[-8.491,51.875],[-8.496,51.875],[-8.501,51.878],[-8.511,51.876],[-8.519,51.876],[-8.54,51.872],[-8.542,51.881],[-8.541,51.89],[-8.54,51.891],[-8.54,51.892],[-8.541,51.892],[-8.54,51.893],[-8.538,51.896],[-8.531,51.895],[-8.531,51.896],[-8.524,51.895],[-8.522,51.896],[-8.52,51.906],[-8.516,51.907],[-8.515,51.907],[-8.513,51.908],[-8.512,51.908],[-8.508,51.909],[-8.503,51.911],[-8.499,51.911],[-8.497,51.913],[-8.497,51.914],[-8.496,51.914],[-8.494,51.914],[-8.493,51.914],[-8.492,51.914],[-8.493,51.915],[-8.493,51.916],[-8.492,51.916],[-8.491,51.916],[-8.492,51.916],[-8.492,51.917],[-8.493,51.918],[-8.494,51.919],[-8.499,51.922],[-8.493,51.924],[-8.52,51.927],[-8.52,51.928],[-8.52,51.929],[-8.524,51.931],[-8.527,51.931],[-8.567,51.972],[-8.534,51.987],[-8.553,52.039],[-8.6,52.062],[-8.661,52.039],[-8.744,52.024],[-8.781,52.042],[-8.722,52.089],[-8.736,52.127],[-8.775,52.127],[-8.79,52.144],[-8.765,52.157],[-8.77,52.179],[-8.739,52.215],[-8.704,52.224],[-8.768,52.242],[-8.816,52.233],[-8.839,52.254],[-8.797,52.282],[-8.725,52.31],[-8.71,52.283],[-8.659,52.271],[-8.642,52.246],[-8.572,52.251],[-8.557,52.281],[-8.565,52.306],[-8.585,52.307],[-8.624,52.344],[-8.662,52.352],[-8.674,52.384],[-8.724,52.371],[-8.777,52.387],[-8.82,52.384],[-8.829,52.371],[-8.882,52.347],[-8.883,52.332],[-8.962,52.319],[-8.986,52.311],[-9.075,52.331],[-9.14,52.333],[-9.175,52.312],[-9.217,52.298]]]},"properties":{"name":"Mid-Cork","name_ga":"Corcaigh Láir","seats":4}},{"type":"Feature","geometry":{"type":"Polygon","coordinates":[[[-8.493,51.924],[-8.499,51.922],[-8.494,51.919],[-8.493,51.918],[-8.492,51.917],[-8.492,51.916],[-8.491,51.916],[-8.492,51.916],[-8.493,51.916],[-8.493,51.915],[-8.492,51.914],[-8.493,51.914],[-8.494,51.914],[-8.496,51.914],[-8.497,51.914],[-8.497,51.913],[-8.499,51.911],[-8.503,51.911],[-8.508,51.909],[-8.512,51.908],[-8.513,51.908],[-8.515,51.907],[-8.516,51.907],[-8.52,51.906],[-8.522,51.896],[-8.524,51.895],[-8.531,51.896],[-8.531,51.895],[-8.538,51.896],[-8.54,51.893],[-8.541,51.892],[-8.54,51.892],[-8.54,51.891],[-8.541,51.89],[-8.542,51.881],[-8.54,51.872],[-8.519,51.876],[-8.511,51.876],[-8.511,51.881],[-8.507,51.883],[-8.505,51.893],[-8.446,51.902],[-8.394,51.901],[-8.412,51.905],[-8.421,51.913],[-8.43,51.917],[-8.446,51.916],[-8.447,51.917],[-8.447,51.918],[-8.448,51.918],[-8.449,51.918],[-8.45,51.919],[-8.451,51.919],[-8.453,51.92],[-8.454,51.92],[-8.455,51.921],[-8.456,51.921],[-8.457,51.921],[-8.458,51.921],[-8.459,51.921],[-8.461,51.921],[-8.463,51.92],[-8.464,51.92],[-8.465,51.92],[-8.465,51.921],[-8.466,51.921],[-8.467,51.921],[-8.468,51.921],[-8.469,51.921],[-8.469,51.922],[-8.47,51.922],[-8.47,51.923],[-8.471,51.923],[-8.472,51.923],[-8.473,51.923],[-8.473,51.924],[-8.474,51.924],[-8.475,51.923],[-8.476,51.923],[-8.477,51.924],[-8.478,51.924],[-8.478,51.925],[-8.478,51.926],[-8.479,51.927],[-8.477,51.929],[-8.492,51.924],[-8.493,51.924]]]},"properties":{"name":"Cork North-West","name_ga":"Cathair Chorcaí (Thiar Thuaidh)","seats":3}},{"type":"Feature","geometry":{"type":"Polygon","coordinates":[[[-8.391,51.895],[-8.392,51.895],[-8.394,51.901],[-8.446,51.902],[-8.505,51.893],[-8.507,51.883],[-8.511,51.881],[-8.511,51.876],[-8.501,51.878],[-8.496,51.875],[-8.491,51.875],[-8.487,51.875],[-8.486,51.875],[-8.485,51.875],[-8.48,51.874],[-8.46,51.878],[-8.451,51.875],[-8.433,51.883],[-8.392,51.881],[-8.389,51.891],[-8.39,51.893],[-8.391,51.895]]]},"properties":{"name":"Cork South-East","name_ga":"Cathair Chorcaí (Thoir Theas)","seats":3}},{"type":"Feature","geometry":{"type":"MultiPolygon","coordinates":[[[[-9.461,51.795],[-9.524,51.787],[-9.623,51.786],[-9.669,51.747],[-9.708,51.744],[-9.761,51.72],[-9.792,51.693],[-9.822,51.688],[-9.858,51.703],[-9.89,51.705],[-9.923,51.691],[-9.92,51.674],[-9.961,51.668],[-9.956,51.649],[-9.969,51.62],[-9.934,51.616],[-9.926,51.639],[-9.904,51.653],[-9.88,51.649],[-9.839,51.659],[-9.814,51.655],[-9.765,51.662],[-9.734,51.688],[-9.651,51.674],[-9.569,51.706],[-9.528,51.734],[-9.483,51.715],[-9.447,51.719],[-9.46,51.68],[-9.488,51.678],[-9.521,51.66],[-9.564,51.653],[-9.61,51.637],[-9.666,51.625],[-9.785,51.58],[-9.782,51.55],[-9.69,51.58],[-9.655,51.583],[-9.631,51.6],[-9.544,51.616],[-9.583,51.59],[-9.647,51.564],[-9.645,51.553],[-9.692,51.53],[-9.751,51.523],[-9.794,51.496],[-9.82,51.49],[-9.819,51.461],[-9.786,51.457],[-9.73,51.462],[-9.698,51.495],[-9.637,51.511],[-9.621,51.492],[-9.586,51.497],[-9.542,51.513],[-9.455,51.525],[-9.437,51.553],[-9.395,51.536],[-9.428,51.513],[-9.398,51.5],[-9.381,51.47],[-9.349,51.471],[-9.294,51.496],[-9.229,51.481],[-9.216,51.498],[-9.173,51.529],[-9.136,51.525],[-9.117,51.556],[-9.083,51.546],[-9.023,51.567],[-8.976,51.56],[-8.917,51.541],[-8.867,51.592],[-8.807,51.596],[-8.759,51.574],[-8.713,51.569],[-8.699,51.579],[-8.681,51.645],[-8.652,51.636],[-8.55,51.646],[-8.524,51.677],[-8.503,51.687],[-8.477,51.676],[-8.451,51.694],[-8.471,51.711],[-8.496,51.751],[-8.55,51.746],[-8.596,51.722],[-8.63,51.73],[-8.628,51.758],[-8.61,51.765],[-8.634,51.789],[-8.622,51.816],[-8.655,51.843],[-8.742,51.829],[-8.848,51.806],[-8.886,51.811],[-8.941,51.798],[-8.972,51.809],[-9.034,51.794],[-9.022,51.771],[-9.042,51.759],[-9.096,51.748],[-9.121,51.757],[-9.172,51.761],[-9.165,51.726],[-9.223,51.714],[-9.272,51.728],[-9.267,51.744],[-9.222,51.754],[-9.247,51.772],[-9.299,51.759],[-9.407,51.757],[-9.437,51.749],[-9.461,51.795]]],[[[-9.894,51.638],[-9.919,51.618],[-9.835,51.62],[-9.837,51.645],[-9.894,51.638]]]]},"properties":{"name":"South-West Cork","name_ga":"Corcaigh Thiar Theas","seats":3}},{"type":"Feature","geometry":{"type":"MultiPolygon","coordinates":[[[[-9.263,52.213],[-9.363,52.198],[-9.397,52.205],[-9.418,52.227],[-9.438,52.208],[-9.474,52.195],[-9.515,52.194],[-9.553,52.184],[-9.567,52.197],[-9.601,52.198],[-9.606,52.218],[-9.643,52.226],[-9.666,52.216],[-9.744,52.209],[-9.76,52.217],[-9.863,52.198],[-9.944,52.165],[-9.97,52.187],[-10.019,52.197],[-10.061,52.19],[-10.083,52.204],[-10.109,52.184],[-10.242,52.179],[-10.253,52.203],[-10.236,52.216],[-10.254,52.235],[-10.263,52.266],[-10.295,52.257],[-10.306,52.24],[-10.363,52.234],[-10.384,52.179],[-10.455,52.179],[-10.47,52.135],[-10.452,52.097],[-10.373,52.108],[-10.361,52.132],[-10.326,52.115],[-10.295,52.111],[-10.215,52.123],[-10.19,52.11],[-10.16,52.121],[-10.139,52.112],[-10.051,52.137],[-9.963,52.142],[-9.865,52.16],[-9.804,52.16],[-9.813,52.132],[-9.861,52.114],[-9.893,52.111],[-9.936,52.085],[-9.936,52.074],[-9.978,52.053],[-10.031,52.037],[-10.057,52.04],[-10.105,52.025],[-10.131,52.029],[-10.208,52.002],[-10.259,51.99],[-10.28,51.952],[-10.249,51.911],[-10.351,51.885],[-10.386,51.883],[-10.389,51.841],[-10.338,51.846],[-10.34,51.784],[-10.284,51.803],[-10.245,51.844],[-10.215,51.844],[-10.172,51.824],[-10.18,51.788],[-10.199,51.778],[-10.142,51.759],[-10.1,51.756],[-10.016,51.771],[-9.95,51.801],[-9.908,51.804],[-9.9,51.815],[-9.83,51.816],[-9.83,51.826],[-9.658,51.87],[-9.652,51.845],[-9.725,51.837],[-9.746,51.821],[-9.823,51.786],[-9.813,51.769],[-9.887,51.763],[-9.931,51.74],[-9.975,51.735],[-10.005,51.718],[-9.964,51.704],[-9.973,51.685],[-10.031,51.678],[-10.054,51.669],[-10.066,51.623],[-10.126,51.613],[-10.13,51.595],[-10.049,51.602],[-10.038,51.589],[-9.969,51.62],[-9.956,51.649],[-9.961,51.668],[-9.92,51.674],[-9.923,51.691],[-9.89,51.705],[-9.858,51.703],[-9.822,51.688],[-9.792,51.693],[-9.761,51.72],[-9.708,51.744],[-9.669,51.747],[-9.623,51.786],[-9.524,51.787],[-9.461,51.795],[-9.438,51.823],[-9.357,51.836],[-9.33,51.846],[-9.279,51.894],[-9.302,51.924],[-9.303,51.946],[-9.255,51.97],[-9.195,51.982],[-9.138,51.983],[-9.12,51.996],[-9.163,52.007],[-9.184,52.027],[-9.212,52.023],[-9.221,52.055],[-9.205,52.088],[-9.238,52.148],[-9.232,52.177],[-9.263,52.213]]],[[[-10.392,51.892],[-10.382,51.887],[-10.292,51.913],[-10.296,51.928],[-10.329,51.93],[-10.423,51.899],[-10.392,51.892]]]]},"properties":{"name":"South Kerry","name_ga":"Ciarraí Theas","seats":3}},{"type":"Feature","geometry":{"type":"Polygon","coordinates":[[[-9.345,52.59],[-9.373,52.602],[-9.408,52.592],[-9.437,52.596],[-9.635,52.599],[-9.68,52.573],[-9.661,52.557],[-9.695,52.48],[-9.74,52.47],[-9.768,52.449],[-9.866,52.427],[-9.914,52.431],[-9.943,52.422],[-9.941,52.404],[-9.838,52.39],[-9.835,52.325],[-9.868,52.301],[-9.837,52.292],[-9.835,52.276],[-9.753,52.268],[-9.765,52.248],[-9.837,52.248],[-9.896,52.229],[-9.951,52.232],[-9.997,52.249],[-10.022,52.267],[-10.05,52.267],[-10.084,52.249],[-10.171,52.236],[-10.151,52.262],[-10.158,52.288],[-10.177,52.29],[-10.263,52.266],[-10.254,52.235],[-10.236,52.216],[-10.253,52.203],[-10.242,52.179],[-10.109,52.184],[-10.083,52.204],[-10.061,52.19],[-10.019,52.197],[-9.97,52.187],[-9.944,52.165],[-9.863,52.198],[-9.76,52.217],[-9.744,52.209],[-9.666,52.216],[-9.643,52.226],[-9.606,52.218],[-9.601,52.198],[-9.567,52.197],[-9.553,52.184],[-9.515,52.194],[-9.474,52.195],[-9.438,52.208],[-9.418,52.227],[-9.397,52.205],[-9.363,52.198],[-9.263,52.213],[-9.276,52.23],[-9.274,52.255],[-9.216,52.282],[-9.217,52.298],[-9.24,52.322],[-9.298,52.334],[-9.344,52.367],[-9.303,52.389],[-9.339,52.404],[-9.326,52.443],[-9.339,52.47],[-9.297,52.496],[-9.305,52.522],[-9.306,52.522],[-9.348,52.541],[-9.338,52.562],[-9.365,52.572],[-9.345,52.59]]]},"properties":{"name":"North Kerry","name_ga":"Ciarraí Thuaidh","seats":3}}]}
