{"type":"FeatureCollection","_metadata":{"description":"Dáil constituency boundaries under the 2009 boundary regime (simplified pedagogical outline)","regime_year":2009,"data_status":"real-sourced-data","source":{"catalogue":"Civgraph (civgraph.net), map layer dail-2009","geometry_url":"https://data.civgraph.net/data/maps/parliamentary/2011_Dail.fgb","provider":"CSO (via Civgraph)","arcgis_source":null,"licence":"CC BY-SA 4.0 (Civgraph digitised layers); see _static/data/dail_boundaries/NOTICE.md","retrieved":"2026-07-14"},"processing":"Reprojected to EPSG:4326 where needed; simplified with mapshaper (visvalingam weighted, 0.1% retained, keep-shapes, clean), coordinates rounded to 3 decimal places (~70-110 m). Outline only - not for legal or survey use."},"features":[{"type":"Feature","geometry":{"type":"Polygon","coordinates":[[[-8.105,52.206],[-8.105,52.207],[-8.105,52.208],[-8.106,52.208],[-8.105,52.21],[-8.106,52.211],[-8.106,52.212],[-8.106,52.213],[-8.107,52.213],[-8.107,52.214],[-8.107,52.216],[-8.103,52.231],[-8.106,52.231],[-8.107,52.231],[-8.109,52.232],[-8.11,52.232],[-8.111,52.232],[-8.112,52.232],[-8.113,52.231],[-8.114,52.231],[-8.115,52.232],[-8.116,52.232],[-8.121,52.233],[-8.127,52.234],[-8.128,52.234],[-8.129,52.234],[-8.13,52.234],[-8.133,52.235],[-8.137,52.235],[-8.137,52.236],[-8.138,52.236],[-8.139,52.237],[-8.142,52.238],[-8.143,52.238],[-8.144,52.238],[-8.152,52.239],[-8.157,52.241],[-8.158,52.241],[-8.158,52.242],[-8.158,52.241],[-8.159,52.242],[-8.16,52.242],[-8.161,52.242],[-8.161,52.243],[-8.161,52.244],[-8.161,52.245],[-8.161,52.246],[-8.161,52.247],[-8.161,52.249],[-8.161,52.253],[-8.162,52.254],[-8.162,52.255],[-8.163,52.255],[-8.163,52.256],[-8.166,52.26],[-8.163,52.266],[-8.164,52.266],[-8.165,52.266],[-8.166,52.266],[-8.167,52.266],[-8.168,52.266],[-8.169,52.266],[-8.169,52.267],[-8.169,52.268],[-8.166,52.269],[-8.164,52.274],[-8.177,52.277],[-8.179,52.282],[-8.182,52.286],[-8.182,52.287],[-8.183,52.287],[-8.183,52.288],[-8.184,52.288],[-8.185,52.288],[-8.186,52.288],[-8.188,52.288],[-8.196,52.287],[-8.201,52.29],[-8.207,52.294],[-8.209,52.295],[-8.21,52.294],[-8.211,52.294],[-8.212,52.294],[-8.213,52.294],[-8.22,52.294],[-8.229,52.296],[-8.251,52.296],[-8.285,52.287],[-8.297,52.295],[-8.299,52.302],[-8.31,52.315],[-8.312,52.322],[-8.324,52.319],[-8.326,52.32],[-8.327,52.32],[-8.328,52.32],[-8.331,52.32],[-8.333,52.32],[-8.334,52.32],[-8.333,52.32],[-8.333,52.321],[-8.332,52.322],[-8.332,52.325],[-8.333,52.325],[-8.333,52.326],[-8.333,52.327],[-8.334,52.328],[-8.341,52.329],[-8.343,52.327],[-8.344,52.327],[-8.344,52.326],[-8.345,52.326],[-8.348,52.326],[-8.352,52.322],[-8.363,52.32],[-8.364,52.309],[-8.381,52.304],[-8.385,52.301],[-8.384,52.298],[-8.385,52.297],[-8.386,52.296],[-8.386,52.295],[-8.389,52.294],[-8.39,52.294],[-8.392,52.294],[-8.396,52.294],[-8.397,52.294],[-8.398,52.294],[-8.399,52.294],[-8.402,52.294],[-8.409,52.294],[-8.41,52.294],[-8.411,52.294],[-8.416,52.294],[-8.426,52.293],[-8.441,52.293],[-8.453,52.288],[-8.49,52.284],[-8.495,52.283],[-8.504,52.281],[-8.505,52.28],[-8.535,52.287],[-8.538,52.288],[-8.54,52.289],[-8.541,52.289],[-8.542,52.289],[-8.543,52.289],[-8.543,52.29],[-8.544,52.29],[-8.547,52.292],[-8.548,52.293],[-8.548,52.294],[-8.551,52.298],[-8.555,52.303],[-8.556,52.304],[-8.556,52.305],[-8.557,52.305],[-8.558,52.307],[-8.563,52.306],[-8.565,52.306],[-8.568,52.293],[-8.557,52.281],[-8.561,52.259],[-8.559,52.254],[-8.558,52.25],[-8.558,52.249],[-8.559,52.249],[-8.56,52.249],[-8.561,52.249],[-8.563,52.248],[-8.561,52.244],[-8.56,52.244],[-8.559,52.244],[-8.558,52.244],[-8.559,52.242],[-8.558,52.242],[-8.558,52.241],[-8.559,52.241],[-8.56,52.241],[-8.564,52.241],[-8.565,52.241],[-8.566,52.241],[-8.568,52.241],[-8.573,52.243],[-8.57,52.246],[-8.572,52.251],[-8.607,52.253],[-8.62,52.242],[-8.643,52.259],[-8.645,52.259],[-8.646,52.259],[-8.647,52.259],[-8.647,52.26],[-8.648,52.26],[-8.648,52.261],[-8.649,52.261],[-8.649,52.26],[-8.651,52.261],[-8.652,52.261],[-8.652,52.262],[-8.651,52.263],[-8.65,52.263],[-8.651,52.264],[-8.652,52.264],[-8.653,52.264],[-8.654,52.264],[-8.655,52.265],[-8.654,52.266],[-8.653,52.266],[-8.653,52.267],[-8.659,52.271],[-8.66,52.271],[-8.661,52.271],[-8.662,52.27],[-8.663,52.27],[-8.664,52.27],[-8.667,52.27],[-8.668,52.27],[-8.669,52.27],[-8.669,52.268],[-8.668,52.268],[-8.668,52.267],[-8.667,52.267],[-8.669,52.262],[-8.672,52.256],[-8.673,52.255],[-8.673,52.254],[-8.674,52.254],[-8.674,52.253],[-8.674,52.252],[-8.675,52.252],[-8.676,52.251],[-8.677,52.251],[-8.677,52.25],[-8.681,52.249],[-8.686,52.242],[-8.702,52.24],[-8.711,52.241],[-8.713,52.241],[-8.714,52.241],[-8.715,52.241],[-8.716,52.241],[-8.716,52.238],[-8.717,52.237],[-8.717,52.236],[-8.718,52.236],[-8.721,52.235],[-8.718,52.229],[-8.725,52.22],[-8.739,52.215],[-8.739,52.214],[-8.74,52.214],[-8.74,52.213],[-8.741,52.213],[-8.741,52.212],[-8.736,52.208],[-8.736,52.207],[-8.736,52.206],[-8.735,52.206],[-8.734,52.206],[-8.732,52.206],[-8.734,52.204],[-8.737,52.202],[-8.77,52.179],[-8.765,52.157],[-8.765,52.156],[-8.765,52.155],[-8.766,52.155],[-8.766,52.154],[-8.767,52.154],[-8.768,52.154],[-8.77,52.154],[-8.771,52.155],[-8.772,52.155],[-8.774,52.156],[-8.775,52.156],[-8.785,52.156],[-8.79,52.144],[-8.789,52.144],[-8.788,52.144],[-8.788,52.143],[-8.786,52.143],[-8.784,52.142],[-8.782,52.138],[-8.782,52.136],[-8.783,52.136],[-8.782,52.134],[-8.78,52.133],[-8.78,52.132],[-8.779,52.132],[-8.78,52.132],[-8.779,52.132],[-8.779,52.131],[-8.779,52.13],[-8.778,52.13],[-8.776,52.129],[-8.776,52.127],[-8.736,52.127],[-8.718,52.133],[-8.678,52.119],[-8.672,52.115],[-8.671,52.115],[-8.669,52.114],[-8.668,52.114],[-8.668,52.11],[-8.655,52.101],[-8.624,52.113],[-8.613,52.108],[-8.601,52.114],[-8.602,52.117],[-8.601,52.117],[-8.601,52.118],[-8.6,52.118],[-8.599,52.119],[-8.597,52.122],[-8.597,52.123],[-8.598,52.123],[-8.599,52.124],[-8.599,52.125],[-8.598,52.128],[-8.599,52.129],[-8.599,52.13],[-8.6,52.13],[-8.6,52.131],[-8.603,52.14],[-8.594,52.143],[-8.593,52.143],[-8.592,52.143],[-8.592,52.144],[-8.589,52.145],[-8.584,52.147],[-8.544,52.15],[-8.541,52.146],[-8.539,52.145],[-8.538,52.144],[-8.533,52.143],[-8.532,52.137],[-8.539,52.13],[-8.54,52.13],[-8.541,52.13],[-8.541,52.129],[-8.542,52.128],[-8.543,52.128],[-8.544,52.128],[-8.544,52.127],[-8.545,52.127],[-8.546,52.126],[-8.546,52.125],[-8.543,52.122],[-8.545,52.115],[-8.546,52.115],[-8.547,52.114],[-8.547,52.113],[-8.548,52.113],[-8.548,52.112],[-8.547,52.11],[-8.547,52.109],[-8.547,52.108],[-8.547,52.107],[-8.546,52.107],[-8.546,52.106],[-8.545,52.106],[-8.544,52.106],[-8.543,52.106],[-8.542,52.106],[-8.541,52.106],[-8.54,52.105],[-8.539,52.105],[-8.539,52.106],[-8.535,52.106],[-8.534,52.106],[-8.534,52.105],[-8.533,52.104],[-8.533,52.103],[-8.532,52.103],[-8.532,52.102],[-8.537,52.095],[-8.524,52.086],[-8.523,52.086],[-8.522,52.087],[-8.521,52.087],[-8.52,52.087],[-8.519,52.087],[-8.517,52.088],[-8.516,52.088],[-8.513,52.089],[-8.512,52.089],[-8.508,52.09],[-8.499,52.1],[-8.498,52.101],[-8.498,52.102],[-8.497,52.102],[-8.497,52.103],[-8.497,52.104],[-8.496,52.107],[-8.431,52.108],[-8.43,52.107],[-8.429,52.106],[-8.425,52.104],[-8.424,52.104],[-8.424,52.103],[-8.423,52.103],[-8.402,52.1],[-8.381,52.106],[-8.381,52.107],[-8.381,52.108],[-8.382,52.108],[-8.382,52.109],[-8.365,52.112],[-8.364,52.11],[-8.364,52.109],[-8.365,52.109],[-8.364,52.109],[-8.364,52.108],[-8.364,52.107],[-8.364,52.106],[-8.363,52.106],[-8.362,52.106],[-8.359,52.107],[-8.357,52.108],[-8.35,52.097],[-8.349,52.097],[-8.349,52.096],[-8.346,52.094],[-8.347,52.094],[-8.347,52.093],[-8.348,52.093],[-8.349,52.093],[-8.349,52.092],[-8.348,52.092],[-8.347,52.091],[-8.346,52.091],[-8.339,52.083],[-8.334,52.081],[-8.333,52.08],[-8.332,52.08],[-8.331,52.08],[-8.329,52.078],[-8.328,52.078],[-8.327,52.078],[-8.323,52.075],[-8.328,52.066],[-8.332,52.066],[-8.332,52.065],[-8.333,52.065],[-8.331,52.057],[-8.322,52.047],[-8.304,52.049],[-8.297,52.037],[-8.301,52.035],[-8.299,52.022],[-8.294,52.019],[-8.29,52.016],[-8.289,52.016],[-8.289,52.015],[-8.288,52.015],[-8.287,52.014],[-8.29,52.011],[-8.291,52.012],[-8.292,52.012],[-8.294,52.013],[-8.298,52.012],[-8.301,52.008],[-8.3,52.006],[-8.3,52.005],[-8.301,52.004],[-8.302,52.004],[-8.303,52.004],[-8.303,52.003],[-8.304,52.002],[-8.305,52.001],[-8.305,52],[-8.306,52],[-8.308,52],[-8.316,52.001],[-8.327,51.999],[-8.364,51.995],[-8.36,51.987],[-8.361,51.986],[-8.361,51.985],[-8.362,51.985],[-8.361,51.983],[-8.359,51.981],[-8.359,51.977],[-8.347,51.965],[-8.347,51.964],[-8.347,51.963],[-8.347,51.962],[-8.348,51.962],[-8.348,51.961],[-8.347,51.961],[-8.348,51.961],[-8.348,51.96],[-8.349,51.96],[-8.349,51.959],[-8.35,51.959],[-8.351,51.959],[-8.352,51.959],[-8.351,51.957],[-8.351,51.956],[-8.35,51.956],[-8.349,51.956],[-8.349,51.955],[-8.349,51.953],[-8.35,51.952],[-8.346,51.947],[-8.346,51.946],[-8.345,51.946],[-8.345,51.945],[-8.344,51.944],[-8.343,51.943],[-8.342,51.941],[-8.332,51.933],[-8.325,51.895],[-8.339,51.88],[-8.338,51.878],[-8.337,51.878],[-8.336,51.877],[-8.334,51.875],[-8.331,51.872],[-8.33,51.871],[-8.328,51.866],[-8.326,51.866],[-8.32,51.844],[-8.257,51.857],[-8.238,51.838],[-8.252,51.794],[-8.178,51.795],[-8.13,51.806],[-8.062,51.809],[-8.001,51.827],[-8.021,51.846],[-7.964,51.869],[-7.865,51.883],[-7.887,51.911],[-7.842,51.941],[-7.842,51.954],[-7.86,51.976],[-7.91,51.974],[-7.938,52.014],[-8.023,52.057],[-8.014,52.074],[-8.029,52.103],[-8.072,52.144],[-8.156,52.141],[-8.12,52.195],[-8.124,52.201],[-8.114,52.205],[-8.108,52.206],[-8.106,52.206],[-8.105,52.206]]]},"properties":{"name":"Cork East","name_ga":null,"seats":4}},{"type":"Feature","geometry":{"type":"Polygon","coordinates":[[[-8.183,52.288],[-8.183,52.287],[-8.182,52.287],[-8.182,52.286],[-8.179,52.282],[-8.177,52.277],[-8.164,52.274],[-8.166,52.269],[-8.169,52.268],[-8.169,52.267],[-8.169,52.266],[-8.168,52.266],[-8.167,52.266],[-8.166,52.266],[-8.165,52.266],[-8.164,52.266],[-8.163,52.266],[-8.166,52.26],[-8.163,52.256],[-8.163,52.255],[-8.162,52.255],[-8.162,52.254],[-8.161,52.253],[-8.161,52.249],[-8.161,52.247],[-8.161,52.246],[-8.161,52.245],[-8.161,52.244],[-8.161,52.243],[-8.161,52.242],[-8.16,52.242],[-8.159,52.242],[-8.158,52.241],[-8.158,52.242],[-8.158,52.241],[-8.157,52.241],[-8.152,52.239],[-8.144,52.238],[-8.143,52.238],[-8.142,52.238],[-8.139,52.237],[-8.138,52.236],[-8.137,52.236],[-8.137,52.235],[-8.133,52.235],[-8.13,52.234],[-8.129,52.234],[-8.128,52.234],[-8.127,52.234],[-8.121,52.233],[-8.116,52.232],[-8.115,52.232],[-8.114,52.231],[-8.113,52.231],[-8.112,52.232],[-8.111,52.232],[-8.11,52.232],[-8.109,52.232],[-8.107,52.231],[-8.106,52.231],[-8.103,52.231],[-8.107,52.216],[-8.107,52.214],[-8.107,52.213],[-8.106,52.213],[-8.106,52.212],[-8.106,52.211],[-8.105,52.21],[-8.106,52.208],[-8.105,52.208],[-8.105,52.207],[-8.105,52.206],[-8.104,52.206],[-8.103,52.206],[-8.102,52.207],[-8.099,52.206],[-8.098,52.206],[-8.089,52.207],[-8.088,52.207],[-8.087,52.206],[-8.086,52.206],[-8.085,52.206],[-8.084,52.206],[-8.08,52.206],[-8.074,52.207],[-8.074,52.208],[-8.072,52.207],[-8.071,52.207],[-8.07,52.207],[-8.069,52.207],[-8.068,52.207],[-8.067,52.207],[-8.062,52.209],[-8.056,52.207],[-8.039,52.208],[-8.036,52.208],[-8.034,52.207],[-8.033,52.207],[-8.026,52.208],[-8.024,52.208],[-8.022,52.208],[-8.02,52.208],[-8.019,52.207],[-8.017,52.206],[-8.016,52.206],[-8.016,52.205],[-8.015,52.205],[-8.008,52.204],[-8.007,52.203],[-8.006,52.202],[-7.99,52.212],[-7.995,52.217],[-7.997,52.226],[-7.972,52.242],[-7.97,52.243],[-7.969,52.243],[-7.967,52.242],[-7.956,52.242],[-7.952,52.242],[-7.95,52.243],[-7.944,52.246],[-7.943,52.246],[-7.942,52.245],[-7.941,52.244],[-7.941,52.243],[-7.915,52.228],[-7.851,52.227],[-7.821,52.221],[-7.812,52.213],[-7.812,52.212],[-7.812,52.211],[-7.811,52.211],[-7.81,52.211],[-7.808,52.213],[-7.807,52.214],[-7.806,52.214],[-7.806,52.215],[-7.805,52.215],[-7.805,52.216],[-7.804,52.217],[-7.804,52.218],[-7.803,52.218],[-7.801,52.219],[-7.8,52.219],[-7.798,52.221],[-7.797,52.221],[-7.796,52.221],[-7.794,52.221],[-7.793,52.221],[-7.789,52.221],[-7.788,52.221],[-7.787,52.221],[-7.786,52.221],[-7.785,52.221],[-7.784,52.22],[-7.783,52.22],[-7.781,52.219],[-7.773,52.218],[-7.757,52.215],[-7.746,52.217],[-7.746,52.244],[-7.748,52.247],[-7.748,52.249],[-7.749,52.25],[-7.749,52.253],[-7.762,52.266],[-7.776,52.273],[-7.779,52.274],[-7.78,52.274],[-7.78,52.273],[-7.781,52.273],[-7.782,52.274],[-7.782,52.275],[-7.783,52.276],[-7.784,52.276],[-7.784,52.277],[-7.785,52.277],[-7.785,52.278],[-7.783,52.28],[-7.784,52.282],[-7.784,52.283],[-7.785,52.283],[-7.785,52.284],[-7.787,52.285],[-7.787,52.286],[-7.787,52.287],[-7.788,52.288],[-7.791,52.289],[-7.792,52.29],[-7.793,52.291],[-7.793,52.292],[-7.794,52.292],[-7.794,52.293],[-7.794,52.294],[-7.794,52.296],[-7.795,52.297],[-7.797,52.298],[-7.797,52.299],[-7.797,52.3],[-7.797,52.301],[-7.793,52.311],[-7.791,52.311],[-7.79,52.311],[-7.786,52.313],[-7.785,52.313],[-7.783,52.313],[-7.778,52.312],[-7.78,52.309],[-7.774,52.305],[-7.716,52.303],[-7.636,52.319],[-7.628,52.322],[-7.628,52.32],[-7.627,52.317],[-7.627,52.316],[-7.627,52.315],[-7.625,52.313],[-7.625,52.312],[-7.625,52.311],[-7.626,52.311],[-7.624,52.311],[-7.623,52.31],[-7.622,52.31],[-7.621,52.31],[-7.618,52.309],[-7.616,52.309],[-7.617,52.309],[-7.617,52.31],[-7.617,52.311],[-7.618,52.311],[-7.618,52.313],[-7.618,52.32],[-7.62,52.329],[-7.619,52.329],[-7.618,52.33],[-7.614,52.332],[-7.61,52.333],[-7.56,52.34],[-7.557,52.349],[-7.562,52.361],[-7.56,52.361],[-7.558,52.361],[-7.557,52.361],[-7.557,52.362],[-7.556,52.362],[-7.555,52.362],[-7.553,52.362],[-7.55,52.362],[-7.546,52.36],[-7.545,52.36],[-7.544,52.36],[-7.543,52.36],[-7.541,52.36],[-7.537,52.36],[-7.535,52.361],[-7.516,52.359],[-7.437,52.348],[-7.438,52.347],[-7.438,52.346],[-7.438,52.345],[-7.438,52.344],[-7.438,52.343],[-7.438,52.341],[-7.437,52.34],[-7.432,52.338],[-7.428,52.338],[-7.427,52.338],[-7.424,52.339],[-7.422,52.339],[-7.421,52.339],[-7.42,52.339],[-7.419,52.339],[-7.417,52.34],[-7.416,52.341],[-7.416,52.342],[-7.415,52.342],[-7.415,52.341],[-7.414,52.341],[-7.413,52.341],[-7.413,52.34],[-7.412,52.34],[-7.409,52.339],[-7.406,52.338],[-7.394,52.335],[-7.374,52.334],[-7.374,52.335],[-7.377,52.335],[-7.377,52.336],[-7.378,52.336],[-7.379,52.336],[-7.379,52.337],[-7.377,52.336],[-7.377,52.337],[-7.377,52.336],[-7.376,52.336],[-7.376,52.337],[-7.375,52.337],[-7.375,52.338],[-7.374,52.338],[-7.374,52.339],[-7.375,52.339],[-7.375,52.34],[-7.374,52.341],[-7.372,52.342],[-7.372,52.343],[-7.397,52.364],[-7.382,52.42],[-7.423,52.452],[-7.461,52.466],[-7.433,52.496],[-7.457,52.524],[-7.451,52.582],[-7.481,52.602],[-7.512,52.588],[-7.564,52.6],[-7.565,52.558],[-7.579,52.545],[-7.673,52.559],[-7.812,52.544],[-7.848,52.535],[-7.892,52.54],[-7.894,52.572],[-7.946,52.587],[-7.994,52.578],[-8.02,52.591],[-8.087,52.581],[-8.141,52.552],[-8.165,52.573],[-8.224,52.572],[-8.24,52.512],[-8.286,52.522],[-8.319,52.506],[-8.36,52.511],[-8.396,52.484],[-8.394,52.441],[-8.314,52.436],[-8.283,52.401],[-8.232,52.411],[-8.228,52.386],[-8.193,52.364],[-8.168,52.368],[-8.169,52.292],[-8.183,52.288]]]},"properties":{"name":"Tipperary South","name_ga":null,"seats":3}},{"type":"Feature","geometry":{"type":"Polygon","coordinates":[[[-7.842,51.954],[-7.83,51.941],[-7.721,51.939],[-7.708,51.968],[-7.614,51.981],[-7.583,51.996],[-7.587,52.051],[-7.636,52.082],[-7.588,52.1],[-7.545,52.095],[-7.5,52.103],[-7.442,52.127],[-7.37,52.139],[-7.292,52.141],[-7.218,52.132],[-7.171,52.137],[-7.131,52.169],[-7.079,52.156],[-7.108,52.134],[-7.023,52.133],[-6.965,52.175],[-6.983,52.189],[-6.966,52.241],[-6.988,52.25],[-6.984,52.269],[-6.989,52.275],[-6.991,52.275],[-6.995,52.275],[-6.998,52.275],[-7,52.276],[-7.004,52.275],[-7.005,52.275],[-7.006,52.274],[-7.008,52.274],[-7.009,52.274],[-7.012,52.273],[-7.016,52.272],[-7.021,52.271],[-7.024,52.27],[-7.026,52.269],[-7.027,52.269],[-7.027,52.268],[-7.034,52.262],[-7.036,52.259],[-7.037,52.257],[-7.038,52.256],[-7.039,52.256],[-7.04,52.256],[-7.041,52.256],[-7.043,52.256],[-7.051,52.256],[-7.052,52.256],[-7.053,52.256],[-7.054,52.257],[-7.057,52.257],[-7.074,52.256],[-7.101,52.266],[-7.133,52.269],[-7.151,52.279],[-7.153,52.28],[-7.154,52.28],[-7.155,52.28],[-7.156,52.28],[-7.158,52.28],[-7.158,52.279],[-7.163,52.278],[-7.199,52.25],[-7.219,52.243],[-7.237,52.259],[-7.247,52.263],[-7.259,52.265],[-7.262,52.266],[-7.263,52.266],[-7.265,52.267],[-7.266,52.268],[-7.266,52.269],[-7.267,52.269],[-7.268,52.271],[-7.27,52.275],[-7.271,52.275],[-7.271,52.276],[-7.272,52.278],[-7.273,52.279],[-7.276,52.283],[-7.283,52.289],[-7.301,52.304],[-7.3,52.31],[-7.3,52.311],[-7.3,52.312],[-7.3,52.313],[-7.301,52.313],[-7.301,52.314],[-7.303,52.316],[-7.316,52.323],[-7.324,52.331],[-7.325,52.331],[-7.326,52.331],[-7.334,52.332],[-7.345,52.335],[-7.355,52.336],[-7.372,52.343],[-7.372,52.342],[-7.374,52.341],[-7.375,52.34],[-7.375,52.339],[-7.374,52.339],[-7.374,52.338],[-7.375,52.338],[-7.375,52.337],[-7.376,52.337],[-7.376,52.336],[-7.377,52.336],[-7.377,52.337],[-7.377,52.336],[-7.379,52.337],[-7.379,52.336],[-7.378,52.336],[-7.377,52.336],[-7.377,52.335],[-7.374,52.335],[-7.374,52.334],[-7.394,52.335],[-7.406,52.338],[-7.409,52.339],[-7.412,52.34],[-7.413,52.34],[-7.413,52.341],[-7.414,52.341],[-7.415,52.341],[-7.415,52.342],[-7.416,52.342],[-7.416,52.341],[-7.417,52.34],[-7.419,52.339],[-7.42,52.339],[-7.421,52.339],[-7.422,52.339],[-7.424,52.339],[-7.427,52.338],[-7.428,52.338],[-7.432,52.338],[-7.437,52.34],[-7.438,52.341],[-7.438,52.343],[-7.438,52.344],[-7.438,52.345],[-7.438,52.346],[-7.438,52.347],[-7.437,52.348],[-7.516,52.359],[-7.535,52.361],[-7.537,52.36],[-7.541,52.36],[-7.543,52.36],[-7.544,52.36],[-7.545,52.36],[-7.546,52.36],[-7.55,52.362],[-7.553,52.362],[-7.555,52.362],[-7.556,52.362],[-7.557,52.362],[-7.557,52.361],[-7.558,52.361],[-7.56,52.361],[-7.562,52.361],[-7.557,52.349],[-7.56,52.34],[-7.61,52.333],[-7.614,52.332],[-7.618,52.33],[-7.619,52.329],[-7.62,52.329],[-7.618,52.32],[-7.618,52.313],[-7.618,52.311],[-7.617,52.311],[-7.617,52.31],[-7.617,52.309],[-7.616,52.309],[-7.618,52.309],[-7.621,52.31],[-7.622,52.31],[-7.623,52.31],[-7.624,52.311],[-7.626,52.311],[-7.625,52.311],[-7.625,52.312],[-7.625,52.313],[-7.627,52.315],[-7.627,52.316],[-7.627,52.317],[-7.628,52.32],[-7.628,52.322],[-7.636,52.319],[-7.716,52.303],[-7.774,52.305],[-7.78,52.309],[-7.778,52.312],[-7.783,52.313],[-7.785,52.313],[-7.786,52.313],[-7.79,52.311],[-7.791,52.311],[-7.793,52.311],[-7.797,52.301],[-7.797,52.3],[-7.797,52.299],[-7.797,52.298],[-7.795,52.297],[-7.794,52.296],[-7.794,52.294],[-7.794,52.293],[-7.794,52.292],[-7.793,52.292],[-7.793,52.291],[-7.792,52.29],[-7.791,52.289],[-7.788,52.288],[-7.787,52.287],[-7.787,52.286],[-7.787,52.285],[-7.785,52.284],[-7.785,52.283],[-7.784,52.283],[-7.784,52.282],[-7.783,52.28],[-7.785,52.278],[-7.785,52.277],[-7.784,52.277],[-7.784,52.276],[-7.783,52.276],[-7.782,52.275],[-7.782,52.274],[-7.781,52.273],[-7.78,52.273],[-7.78,52.274],[-7.779,52.274],[-7.776,52.273],[-7.762,52.266],[-7.749,52.253],[-7.749,52.25],[-7.748,52.249],[-7.748,52.247],[-7.746,52.244],[-7.746,52.217],[-7.757,52.215],[-7.773,52.218],[-7.781,52.219],[-7.783,52.22],[-7.784,52.22],[-7.785,52.221],[-7.786,52.221],[-7.787,52.221],[-7.788,52.221],[-7.789,52.221],[-7.793,52.221],[-7.794,52.221],[-7.796,52.221],[-7.797,52.221],[-7.798,52.221],[-7.8,52.219],[-7.801,52.219],[-7.803,52.218],[-7.804,52.218],[-7.804,52.217],[-7.805,52.216],[-7.805,52.215],[-7.806,52.215],[-7.806,52.214],[-7.807,52.214],[-7.808,52.213],[-7.81,52.211],[-7.811,52.211],[-7.812,52.211],[-7.812,52.212],[-7.812,52.213],[-7.821,52.221],[-7.851,52.227],[-7.915,52.228],[-7.941,52.243],[-7.941,52.244],[-7.942,52.245],[-7.943,52.246],[-7.944,52.246],[-7.95,52.243],[-7.952,52.242],[-7.956,52.242],[-7.967,52.242],[-7.969,52.243],[-7.97,52.243],[-7.972,52.242],[-7.99,52.212],[-7.99,52.209],[-7.995,52.205],[-8.006,52.202],[-8.007,52.203],[-8.008,52.204],[-8.015,52.205],[-8.016,52.205],[-8.016,52.206],[-8.017,52.206],[-8.019,52.207],[-8.02,52.208],[-8.022,52.208],[-8.024,52.208],[-8.026,52.208],[-8.033,52.207],[-8.034,52.207],[-8.036,52.208],[-8.039,52.208],[-8.056,52.207],[-8.062,52.209],[-8.067,52.207],[-8.068,52.207],[-8.069,52.207],[-8.07,52.207],[-8.071,52.207],[-8.072,52.207],[-8.074,52.208],[-8.074,52.207],[-8.08,52.206],[-8.084,52.206],[-8.085,52.206],[-8.086,52.206],[-8.087,52.206],[-8.088,52.207],[-8.089,52.207],[-8.098,52.206],[-8.099,52.206],[-8.102,52.207],[-8.103,52.206],[-8.104,52.206],[-8.105,52.206],[-8.106,52.206],[-8.108,52.206],[-8.114,52.205],[-8.124,52.201],[-8.12,52.195],[-8.156,52.141],[-8.072,52.144],[-8.029,52.103],[-8.014,52.074],[-8.023,52.057],[-7.938,52.014],[-7.91,51.974],[-7.86,51.976],[-7.842,51.954]]]},"properties":{"name":"Waterford","name_ga":null,"seats":4}},{"type":"Feature","geometry":{"type":"Polygon","coordinates":[[[-7.481,52.602],[-7.475,52.611],[-7.521,52.655],[-7.553,52.703],[-7.646,52.735],[-7.674,52.781],[-7.697,52.832],[-7.735,52.858],[-7.726,52.887],[-7.664,52.923],[-7.726,52.946],[-7.708,52.978],[-7.709,53.009],[-7.772,53.027],[-7.826,53.049],[-7.855,53.039],[-7.875,53.008],[-7.928,52.998],[-7.963,53.017],[-7.927,53.069],[-7.921,53.105],[-7.956,53.125],[-8.081,53.167],[-8.124,53.16],[-8.148,53.145],[-8.171,53.123],[-8.169,53.115],[-8.169,53.114],[-8.172,53.113],[-8.174,53.112],[-8.189,53.095],[-8.197,53.09],[-8.197,53.089],[-8.198,53.089],[-8.198,53.088],[-8.197,53.088],[-8.197,53.087],[-8.198,53.084],[-8.214,53.078],[-8.214,53.077],[-8.219,53.068],[-8.223,53.067],[-8.231,53.066],[-8.234,53.065],[-8.238,53.065],[-8.239,53.065],[-8.243,53.064],[-8.246,53.064],[-8.249,53.063],[-8.26,53.059],[-8.261,53.059],[-8.265,53.057],[-8.268,53.056],[-8.269,53.037],[-8.27,53.035],[-8.272,53.03],[-8.278,53.02],[-8.278,53.019],[-8.297,53.01],[-8.299,53.009],[-8.302,53.008],[-8.302,53.007],[-8.305,53.003],[-8.307,53],[-8.313,52.991],[-8.315,52.988],[-8.317,52.985],[-8.316,52.985],[-8.316,52.984],[-8.314,52.982],[-8.312,52.98],[-8.312,52.979],[-8.31,52.977],[-8.284,52.973],[-8.314,52.936],[-8.329,52.923],[-8.334,52.919],[-8.338,52.915],[-8.339,52.915],[-8.34,52.915],[-8.343,52.915],[-8.346,52.916],[-8.348,52.916],[-8.352,52.916],[-8.353,52.916],[-8.354,52.916],[-8.358,52.916],[-8.366,52.916],[-8.368,52.917],[-8.373,52.916],[-8.398,52.914],[-8.408,52.913],[-8.408,52.911],[-8.409,52.908],[-8.41,52.905],[-8.41,52.904],[-8.411,52.9],[-8.412,52.899],[-8.412,52.897],[-8.413,52.893],[-8.418,52.875],[-8.455,52.847],[-8.455,52.846],[-8.455,52.845],[-8.455,52.844],[-8.455,52.843],[-8.452,52.827],[-8.452,52.824],[-8.45,52.821],[-8.449,52.821],[-8.449,52.82],[-8.449,52.819],[-8.449,52.818],[-8.449,52.817],[-8.45,52.817],[-8.449,52.815],[-8.449,52.814],[-8.449,52.813],[-8.449,52.812],[-8.448,52.811],[-8.441,52.809],[-8.438,52.807],[-8.437,52.807],[-8.437,52.806],[-8.437,52.805],[-8.437,52.803],[-8.437,52.802],[-8.437,52.801],[-8.437,52.8],[-8.437,52.797],[-8.439,52.792],[-8.443,52.787],[-8.462,52.777],[-8.463,52.776],[-8.464,52.775],[-8.465,52.774],[-8.466,52.772],[-8.466,52.771],[-8.467,52.771],[-8.469,52.769],[-8.469,52.768],[-8.469,52.767],[-8.476,52.763],[-8.477,52.759],[-8.478,52.758],[-8.479,52.758],[-8.48,52.757],[-8.479,52.756],[-8.476,52.753],[-8.475,52.747],[-8.47,52.739],[-8.47,52.721],[-8.469,52.71],[-8.457,52.699],[-8.455,52.692],[-8.453,52.69],[-8.45,52.687],[-8.45,52.686],[-8.449,52.686],[-8.447,52.686],[-8.442,52.686],[-8.428,52.678],[-8.407,52.69],[-8.361,52.679],[-8.306,52.694],[-8.253,52.682],[-8.229,52.665],[-8.215,52.632],[-8.214,52.595],[-8.224,52.572],[-8.165,52.573],[-8.141,52.552],[-8.087,52.581],[-8.02,52.591],[-7.994,52.578],[-7.946,52.587],[-7.894,52.572],[-7.892,52.54],[-7.848,52.535],[-7.812,52.544],[-7.673,52.559],[-7.579,52.545],[-7.565,52.558],[-7.564,52.6],[-7.512,52.588],[-7.481,52.602]]]},"properties":{"name":"Tipperary North","name_ga":null,"seats":3}},{"type":"Feature","geometry":{"type":"Polygon","coordinates":[[[-7.674,52.781],[-7.614,52.792],[-7.617,52.809],[-7.579,52.829],[-7.557,52.814],[-7.449,52.787],[-7.399,52.796],[-7.388,52.819],[-7.345,52.839],[-7.31,52.866],[-7.259,52.849],[-7.189,52.894],[-7.14,52.869],[-7.141,52.848],[-7.099,52.827],[-7.039,52.808],[-6.965,52.809],[-6.938,52.829],[-6.939,52.88],[-6.935,52.915],[-6.98,52.978],[-7.016,52.968],[-7.088,52.999],[-7.069,53.021],[-7.045,53.073],[-7.061,53.106],[-7.096,53.141],[-7.099,53.187],[-7.036,53.19],[-7.013,53.218],[-7.055,53.243],[-7.019,53.253],[-7.032,53.28],[-6.991,53.286],[-6.978,53.308],[-6.99,53.321],[-7.02,53.33],[-7.022,53.33],[-7.023,53.33],[-7.024,53.331],[-7.025,53.331],[-7.025,53.332],[-7.025,53.333],[-7.024,53.335],[-7.025,53.335],[-7.025,53.337],[-7.025,53.338],[-7.024,53.338],[-7.023,53.339],[-7.022,53.339],[-7.022,53.34],[-7.022,53.341],[-7.023,53.341],[-7.024,53.343],[-7.026,53.345],[-7.028,53.345],[-7.028,53.346],[-7.029,53.346],[-7.032,53.348],[-7.04,53.355],[-7.042,53.357],[-7.043,53.357],[-7.044,53.357],[-7.046,53.357],[-7.048,53.357],[-7.05,53.356],[-7.051,53.355],[-7.057,53.354],[-7.058,53.354],[-7.059,53.354],[-7.06,53.354],[-7.062,53.354],[-7.062,53.355],[-7.063,53.355],[-7.068,53.357],[-7.073,53.359],[-7.075,53.36],[-7.076,53.361],[-7.077,53.361],[-7.078,53.362],[-7.079,53.362],[-7.079,53.363],[-7.08,53.363],[-7.082,53.364],[-7.083,53.365],[-7.087,53.368],[-7.088,53.368],[-7.089,53.369],[-7.089,53.37],[-7.087,53.372],[-7.086,53.374],[-7.086,53.375],[-7.086,53.376],[-7.082,53.381],[-7.081,53.382],[-7.082,53.382],[-7.083,53.382],[-7.084,53.382],[-7.087,53.382],[-7.098,53.382],[-7.192,53.423],[-7.216,53.407],[-7.268,53.398],[-7.399,53.33],[-7.472,53.333],[-7.567,53.361],[-7.567,53.378],[-7.625,53.418],[-7.662,53.408],[-7.717,53.36],[-7.772,53.347],[-7.826,53.356],[-7.883,53.349],[-7.923,53.363],[-7.942,53.343],[-7.983,53.338],[-8.056,53.274],[-8.044,53.272],[-8.03,53.264],[-8.03,53.263],[-8.029,53.263],[-8.029,53.262],[-8.029,53.261],[-8.028,53.261],[-8.029,53.258],[-8.029,53.257],[-8.028,53.257],[-8.028,53.255],[-8.028,53.254],[-8.028,53.253],[-8.027,53.253],[-8.026,53.253],[-8.025,53.253],[-8.024,53.253],[-8.021,53.252],[-8.018,53.252],[-8.015,53.252],[-8.011,53.252],[-8.009,53.251],[-7.983,53.24],[-7.981,53.239],[-7.98,53.239],[-7.979,53.238],[-7.979,53.237],[-7.977,53.236],[-7.975,53.235],[-7.974,53.235],[-7.972,53.233],[-7.971,53.233],[-7.971,53.232],[-7.971,53.231],[-7.97,53.23],[-7.967,53.226],[-7.968,53.225],[-7.968,53.224],[-7.968,53.223],[-7.97,53.221],[-7.97,53.215],[-7.974,53.21],[-7.984,53.203],[-7.984,53.201],[-7.986,53.199],[-7.987,53.198],[-7.989,53.196],[-7.993,53.193],[-8.002,53.193],[-8.003,53.193],[-8.004,53.193],[-8.009,53.194],[-8.01,53.194],[-8.011,53.194],[-8.012,53.194],[-8.021,53.195],[-8.022,53.195],[-8.023,53.196],[-8.024,53.196],[-8.025,53.196],[-8.025,53.195],[-8.028,53.195],[-8.03,53.194],[-8.037,53.195],[-8.041,53.195],[-8.044,53.194],[-8.045,53.194],[-8.049,53.194],[-8.051,53.193],[-8.054,53.191],[-8.055,53.191],[-8.056,53.191],[-8.057,53.19],[-8.058,53.19],[-8.058,53.189],[-8.059,53.189],[-8.061,53.188],[-8.062,53.188],[-8.081,53.167],[-7.956,53.125],[-7.921,53.105],[-7.927,53.069],[-7.963,53.017],[-7.928,52.998],[-7.875,53.008],[-7.855,53.039],[-7.826,53.049],[-7.772,53.027],[-7.709,53.009],[-7.708,52.978],[-7.726,52.946],[-7.664,52.923],[-7.726,52.887],[-7.735,52.858],[-7.697,52.832],[-7.674,52.781]]]},"properties":{"name":"Laois-Offaly","name_ga":null,"seats":5}},{"type":"Feature","geometry":{"type":"Polygon","coordinates":[[[-7.022,53.33],[-7.02,53.33],[-6.99,53.321],[-6.978,53.308],[-6.946,53.301],[-6.938,53.299],[-6.937,53.299],[-6.936,53.299],[-6.936,53.298],[-6.936,53.297],[-6.936,53.296],[-6.935,53.296],[-6.935,53.295],[-6.935,53.294],[-6.935,53.293],[-6.934,53.292],[-6.921,53.285],[-6.919,53.285],[-6.918,53.286],[-6.91,53.291],[-6.907,53.293],[-6.879,53.306],[-6.861,53.307],[-6.86,53.306],[-6.858,53.305],[-6.855,53.304],[-6.85,53.301],[-6.843,53.298],[-6.786,53.268],[-6.742,53.272],[-6.695,53.261],[-6.69,53.26],[-6.687,53.26],[-6.684,53.259],[-6.683,53.259],[-6.683,53.26],[-6.683,53.261],[-6.682,53.261],[-6.681,53.261],[-6.68,53.26],[-6.679,53.26],[-6.678,53.26],[-6.677,53.259],[-6.676,53.259],[-6.674,53.258],[-6.675,53.256],[-6.679,53.251],[-6.686,53.251],[-6.686,53.249],[-6.687,53.248],[-6.687,53.247],[-6.687,53.246],[-6.689,53.243],[-6.692,53.241],[-6.695,53.24],[-6.697,53.239],[-6.702,53.237],[-6.699,53.23],[-6.7,53.229],[-6.701,53.229],[-6.702,53.229],[-6.703,53.229],[-6.703,53.228],[-6.704,53.228],[-6.704,53.227],[-6.705,53.227],[-6.704,53.226],[-6.703,53.226],[-6.703,53.225],[-6.703,53.224],[-6.701,53.219],[-6.702,53.219],[-6.703,53.219],[-6.704,53.219],[-6.705,53.22],[-6.706,53.22],[-6.707,53.22],[-6.708,53.219],[-6.708,53.218],[-6.705,53.217],[-6.702,53.215],[-6.704,53.212],[-6.704,53.211],[-6.704,53.21],[-6.709,53.207],[-6.708,53.203],[-6.64,53.186],[-6.618,53.189],[-6.617,53.188],[-6.616,53.188],[-6.615,53.188],[-6.615,53.187],[-6.614,53.187],[-6.613,53.187],[-6.612,53.187],[-6.612,53.186],[-6.611,53.186],[-6.609,53.183],[-6.606,53.181],[-6.602,53.18],[-6.601,53.18],[-6.601,53.179],[-6.601,53.178],[-6.6,53.178],[-6.599,53.178],[-6.599,53.177],[-6.595,53.176],[-6.594,53.176],[-6.593,53.175],[-6.592,53.175],[-6.594,53.171],[-6.595,53.171],[-6.596,53.171],[-6.6,53.172],[-6.601,53.172],[-6.602,53.172],[-6.604,53.172],[-6.606,53.172],[-6.608,53.171],[-6.604,53.17],[-6.603,53.169],[-6.604,53.169],[-6.605,53.168],[-6.606,53.167],[-6.617,53.169],[-6.622,53.162],[-6.625,53.159],[-6.627,53.157],[-6.629,53.156],[-6.631,53.153],[-6.631,53.152],[-6.629,53.152],[-6.628,53.152],[-6.626,53.152],[-6.625,53.152],[-6.625,53.151],[-6.624,53.151],[-6.625,53.149],[-6.624,53.149],[-6.623,53.149],[-6.622,53.149],[-6.621,53.149],[-6.62,53.149],[-6.619,53.149],[-6.619,53.15],[-6.618,53.15],[-6.618,53.149],[-6.617,53.149],[-6.616,53.149],[-6.615,53.149],[-6.615,53.15],[-6.614,53.15],[-6.613,53.15],[-6.612,53.15],[-6.61,53.151],[-6.61,53.15],[-6.61,53.149],[-6.611,53.148],[-6.61,53.148],[-6.609,53.148],[-6.608,53.147],[-6.598,53.146],[-6.597,53.146],[-6.596,53.145],[-6.595,53.145],[-6.594,53.145],[-6.594,53.146],[-6.588,53.147],[-6.587,53.148],[-6.584,53.147],[-6.582,53.147],[-6.58,53.146],[-6.579,53.146],[-6.578,53.146],[-6.576,53.147],[-6.575,53.147],[-6.576,53.149],[-6.563,53.156],[-6.554,53.158],[-6.553,53.16],[-6.552,53.16],[-6.552,53.161],[-6.551,53.161],[-6.551,53.162],[-6.55,53.163],[-6.543,53.166],[-6.541,53.167],[-6.54,53.167],[-6.544,53.17],[-6.546,53.17],[-6.547,53.171],[-6.549,53.171],[-6.549,53.172],[-6.55,53.172],[-6.552,53.173],[-6.555,53.174],[-6.562,53.179],[-6.55,53.187],[-6.539,53.189],[-6.539,53.19],[-6.539,53.191],[-6.538,53.191],[-6.537,53.19],[-6.535,53.191],[-6.518,53.189],[-6.509,53.214],[-6.505,53.215],[-6.504,53.215],[-6.504,53.216],[-6.503,53.216],[-6.501,53.218],[-6.497,53.222],[-6.496,53.222],[-6.495,53.222],[-6.494,53.222],[-6.493,53.221],[-6.475,53.234],[-6.472,53.237],[-6.487,53.241],[-6.489,53.241],[-6.496,53.242],[-6.497,53.243],[-6.5,53.243],[-6.502,53.244],[-6.505,53.245],[-6.506,53.246],[-6.507,53.246],[-6.508,53.246],[-6.509,53.246],[-6.51,53.247],[-6.511,53.247],[-6.512,53.247],[-6.512,53.248],[-6.518,53.249],[-6.521,53.248],[-6.522,53.248],[-6.522,53.247],[-6.523,53.247],[-6.524,53.247],[-6.526,53.248],[-6.527,53.248],[-6.528,53.247],[-6.529,53.247],[-6.53,53.247],[-6.531,53.247],[-6.531,53.248],[-6.533,53.248],[-6.533,53.249],[-6.532,53.249],[-6.532,53.25],[-6.534,53.251],[-6.533,53.252],[-6.533,53.253],[-6.534,53.254],[-6.536,53.254],[-6.535,53.254],[-6.534,53.255],[-6.532,53.256],[-6.531,53.256],[-6.53,53.256],[-6.53,53.257],[-6.529,53.257],[-6.528,53.258],[-6.528,53.259],[-6.527,53.259],[-6.527,53.26],[-6.525,53.259],[-6.526,53.259],[-6.525,53.258],[-6.525,53.257],[-6.518,53.262],[-6.511,53.261],[-6.509,53.262],[-6.507,53.265],[-6.509,53.266],[-6.51,53.266],[-6.51,53.265],[-6.511,53.265],[-6.512,53.265],[-6.513,53.265],[-6.513,53.264],[-6.514,53.264],[-6.515,53.264],[-6.518,53.265],[-6.539,53.275],[-6.546,53.275],[-6.545,53.278],[-6.547,53.279],[-6.544,53.282],[-6.536,53.284],[-6.535,53.284],[-6.535,53.285],[-6.534,53.286],[-6.533,53.287],[-6.532,53.287],[-6.531,53.287],[-6.53,53.287],[-6.53,53.288],[-6.53,53.289],[-6.529,53.291],[-6.528,53.314],[-6.532,53.316],[-6.531,53.316],[-6.531,53.317],[-6.531,53.318],[-6.53,53.318],[-6.528,53.319],[-6.527,53.32],[-6.526,53.321],[-6.525,53.322],[-6.522,53.323],[-6.521,53.323],[-6.52,53.324],[-6.52,53.325],[-6.518,53.325],[-6.505,53.323],[-6.501,53.321],[-6.5,53.322],[-6.5,53.323],[-6.499,53.326],[-6.496,53.329],[-6.495,53.332],[-6.49,53.337],[-6.499,53.346],[-6.493,53.352],[-6.493,53.355],[-6.492,53.356],[-6.491,53.357],[-6.489,53.363],[-6.488,53.363],[-6.486,53.363],[-6.484,53.363],[-6.481,53.363],[-6.48,53.363],[-6.476,53.363],[-6.475,53.363],[-6.474,53.365],[-6.473,53.367],[-6.473,53.368],[-6.473,53.37],[-6.47,53.379],[-6.467,53.385],[-6.46,53.388],[-6.485,53.39],[-6.494,53.384],[-6.547,53.405],[-6.573,53.389],[-6.61,53.399],[-6.65,53.395],[-6.704,53.417],[-6.704,53.418],[-6.705,53.418],[-6.706,53.418],[-6.705,53.418],[-6.706,53.418],[-6.707,53.419],[-6.708,53.419],[-6.708,53.42],[-6.709,53.42],[-6.71,53.42],[-6.712,53.42],[-6.72,53.42],[-6.731,53.425],[-6.735,53.426],[-6.736,53.427],[-6.737,53.427],[-6.739,53.427],[-6.754,53.429],[-6.769,53.429],[-6.791,53.418],[-6.795,53.414],[-6.795,53.413],[-6.796,53.413],[-6.798,53.412],[-6.802,53.411],[-6.805,53.404],[-6.81,53.4],[-6.811,53.399],[-6.812,53.398],[-6.812,53.399],[-6.813,53.399],[-6.814,53.399],[-6.814,53.4],[-6.815,53.4],[-6.816,53.4],[-6.817,53.4],[-6.817,53.401],[-6.818,53.401],[-6.822,53.401],[-6.824,53.401],[-6.826,53.401],[-6.827,53.401],[-6.828,53.401],[-6.829,53.401],[-6.83,53.4],[-6.833,53.401],[-6.848,53.404],[-6.862,53.412],[-6.863,53.412],[-6.864,53.412],[-6.864,53.413],[-6.865,53.413],[-6.867,53.413],[-6.873,53.414],[-6.883,53.415],[-6.884,53.415],[-6.884,53.416],[-6.885,53.417],[-6.884,53.417],[-6.885,53.418],[-6.886,53.418],[-6.887,53.418],[-6.887,53.419],[-6.887,53.42],[-6.89,53.421],[-6.892,53.426],[-6.915,53.437],[-6.963,53.451],[-7.009,53.436],[-7.009,53.433],[-7.01,53.433],[-7.01,53.432],[-7.011,53.431],[-7.012,53.431],[-7.012,53.43],[-7.012,53.428],[-7.014,53.425],[-7.017,53.424],[-7.018,53.423],[-7.021,53.423],[-7.022,53.422],[-7.023,53.422],[-7.025,53.42],[-7.026,53.419],[-7.026,53.417],[-7.026,53.416],[-7.027,53.415],[-7.028,53.415],[-7.028,53.414],[-7.03,53.412],[-7.032,53.411],[-7.033,53.41],[-7.034,53.409],[-7.035,53.409],[-7.037,53.409],[-7.04,53.409],[-7.042,53.408],[-7.043,53.408],[-7.045,53.408],[-7.046,53.408],[-7.047,53.407],[-7.055,53.403],[-7.055,53.402],[-7.056,53.402],[-7.057,53.402],[-7.058,53.401],[-7.059,53.401],[-7.064,53.4],[-7.065,53.4],[-7.065,53.399],[-7.069,53.398],[-7.07,53.398],[-7.071,53.397],[-7.073,53.397],[-7.074,53.396],[-7.075,53.396],[-7.076,53.395],[-7.077,53.393],[-7.077,53.386],[-7.078,53.385],[-7.078,53.384],[-7.078,53.383],[-7.079,53.383],[-7.079,53.382],[-7.08,53.382],[-7.081,53.382],[-7.082,53.381],[-7.086,53.376],[-7.086,53.375],[-7.086,53.374],[-7.087,53.372],[-7.089,53.37],[-7.089,53.369],[-7.088,53.368],[-7.087,53.368],[-7.083,53.365],[-7.082,53.364],[-7.08,53.363],[-7.079,53.363],[-7.079,53.362],[-7.078,53.362],[-7.077,53.361],[-7.076,53.361],[-7.075,53.36],[-7.073,53.359],[-7.068,53.357],[-7.063,53.355],[-7.062,53.355],[-7.062,53.354],[-7.06,53.354],[-7.059,53.354],[-7.058,53.354],[-7.057,53.354],[-7.051,53.355],[-7.05,53.356],[-7.048,53.357],[-7.046,53.357],[-7.044,53.357],[-7.043,53.357],[-7.042,53.357],[-7.04,53.355],[-7.032,53.348],[-7.029,53.346],[-7.028,53.346],[-7.028,53.345],[-7.026,53.345],[-7.024,53.343],[-7.023,53.341],[-7.022,53.341],[-7.022,53.34],[-7.022,53.339],[-7.023,53.339],[-7.024,53.338],[-7.025,53.338],[-7.025,53.337],[-7.025,53.335],[-7.024,53.335],[-7.025,53.333],[-7.025,53.332],[-7.025,53.331],[-7.024,53.331],[-7.023,53.33],[-7.022,53.33]]]},"properties":{"name":"Kildare North","name_ga":null,"seats":4}},{"type":"Feature","geometry":{"type":"Polygon","coordinates":[[[-6.939,52.88],[-6.88,52.858],[-6.81,52.872],[-6.788,52.866],[-6.751,52.889],[-6.73,52.927],[-6.743,52.948],[-6.792,52.992],[-6.731,53.047],[-6.733,53.065],[-6.629,53.092],[-6.574,53.13],[-6.579,53.146],[-6.58,53.146],[-6.582,53.147],[-6.584,53.147],[-6.587,53.148],[-6.588,53.147],[-6.594,53.146],[-6.594,53.145],[-6.595,53.145],[-6.596,53.145],[-6.597,53.146],[-6.598,53.146],[-6.608,53.147],[-6.609,53.148],[-6.61,53.148],[-6.611,53.148],[-6.61,53.149],[-6.61,53.15],[-6.61,53.151],[-6.612,53.15],[-6.613,53.15],[-6.614,53.15],[-6.615,53.15],[-6.615,53.149],[-6.616,53.149],[-6.617,53.149],[-6.618,53.149],[-6.618,53.15],[-6.619,53.15],[-6.619,53.149],[-6.62,53.149],[-6.621,53.149],[-6.622,53.149],[-6.623,53.149],[-6.624,53.149],[-6.625,53.149],[-6.624,53.151],[-6.625,53.151],[-6.625,53.152],[-6.626,53.152],[-6.628,53.152],[-6.629,53.152],[-6.631,53.152],[-6.631,53.153],[-6.629,53.156],[-6.627,53.157],[-6.625,53.159],[-6.622,53.162],[-6.617,53.169],[-6.606,53.167],[-6.605,53.168],[-6.604,53.169],[-6.603,53.169],[-6.604,53.17],[-6.608,53.171],[-6.606,53.172],[-6.604,53.172],[-6.602,53.172],[-6.601,53.172],[-6.6,53.172],[-6.596,53.171],[-6.595,53.171],[-6.594,53.171],[-6.592,53.175],[-6.593,53.175],[-6.594,53.176],[-6.595,53.176],[-6.599,53.177],[-6.599,53.178],[-6.6,53.178],[-6.601,53.178],[-6.601,53.179],[-6.601,53.18],[-6.602,53.18],[-6.606,53.181],[-6.609,53.183],[-6.611,53.186],[-6.612,53.186],[-6.612,53.187],[-6.613,53.187],[-6.614,53.187],[-6.615,53.187],[-6.615,53.188],[-6.616,53.188],[-6.617,53.188],[-6.618,53.189],[-6.64,53.186],[-6.708,53.203],[-6.709,53.207],[-6.704,53.21],[-6.704,53.211],[-6.704,53.212],[-6.702,53.215],[-6.705,53.217],[-6.708,53.218],[-6.708,53.219],[-6.707,53.22],[-6.706,53.22],[-6.705,53.22],[-6.704,53.219],[-6.703,53.219],[-6.702,53.219],[-6.701,53.219],[-6.703,53.224],[-6.703,53.225],[-6.703,53.226],[-6.704,53.226],[-6.705,53.227],[-6.704,53.227],[-6.704,53.228],[-6.703,53.228],[-6.703,53.229],[-6.702,53.229],[-6.701,53.229],[-6.7,53.229],[-6.699,53.23],[-6.702,53.237],[-6.697,53.239],[-6.695,53.24],[-6.692,53.241],[-6.689,53.243],[-6.687,53.246],[-6.687,53.247],[-6.687,53.248],[-6.686,53.249],[-6.686,53.251],[-6.679,53.251],[-6.675,53.256],[-6.674,53.258],[-6.676,53.259],[-6.677,53.259],[-6.678,53.26],[-6.679,53.26],[-6.68,53.26],[-6.681,53.261],[-6.682,53.261],[-6.683,53.261],[-6.683,53.26],[-6.683,53.259],[-6.684,53.259],[-6.687,53.26],[-6.69,53.26],[-6.695,53.261],[-6.742,53.272],[-6.786,53.268],[-6.843,53.298],[-6.85,53.301],[-6.855,53.304],[-6.858,53.305],[-6.86,53.306],[-6.861,53.307],[-6.879,53.306],[-6.907,53.293],[-6.91,53.291],[-6.918,53.286],[-6.919,53.285],[-6.921,53.285],[-6.934,53.292],[-6.935,53.293],[-6.935,53.294],[-6.935,53.295],[-6.935,53.296],[-6.936,53.296],[-6.936,53.297],[-6.936,53.298],[-6.936,53.299],[-6.937,53.299],[-6.938,53.299],[-6.946,53.301],[-6.991,53.286],[-7.032,53.28],[-7.019,53.253],[-7.055,53.243],[-7.013,53.218],[-7.036,53.19],[-7.099,53.187],[-7.096,53.141],[-7.061,53.106],[-7.045,53.073],[-7.069,53.021],[-7.088,52.999],[-7.016,52.968],[-6.98,52.978],[-6.935,52.915],[-6.939,52.88]]]},"properties":{"name":"Kildare South","name_ga":null,"seats":3}},{"type":"Feature","geometry":{"type":"Polygon","coordinates":[[[-7.372,52.343],[-7.355,52.336],[-7.345,52.335],[-7.334,52.332],[-7.326,52.331],[-7.325,52.331],[-7.324,52.331],[-7.316,52.323],[-7.303,52.316],[-7.301,52.314],[-7.301,52.313],[-7.3,52.313],[-7.3,52.312],[-7.3,52.311],[-7.3,52.31],[-7.301,52.304],[-7.283,52.289],[-7.276,52.283],[-7.273,52.279],[-7.272,52.278],[-7.271,52.276],[-7.271,52.275],[-7.27,52.275],[-7.268,52.271],[-7.267,52.269],[-7.266,52.269],[-7.266,52.268],[-7.265,52.267],[-7.263,52.266],[-7.262,52.266],[-7.259,52.265],[-7.247,52.263],[-7.237,52.259],[-7.219,52.243],[-7.199,52.25],[-7.163,52.278],[-7.158,52.279],[-7.158,52.28],[-7.156,52.28],[-7.155,52.28],[-7.154,52.28],[-7.153,52.28],[-7.151,52.279],[-7.133,52.269],[-7.101,52.266],[-7.074,52.256],[-7.057,52.257],[-7.054,52.257],[-7.053,52.256],[-7.052,52.256],[-7.051,52.256],[-7.043,52.256],[-7.041,52.256],[-7.04,52.256],[-7.039,52.256],[-7.038,52.256],[-7.037,52.257],[-7.036,52.259],[-7.034,52.262],[-7.027,52.268],[-7.027,52.269],[-7.026,52.269],[-7.024,52.27],[-7.021,52.271],[-7.016,52.272],[-7.012,52.273],[-7.009,52.274],[-7.008,52.274],[-7.006,52.274],[-7.005,52.275],[-7.004,52.275],[-7,52.276],[-7,52.277],[-7.001,52.278],[-7.005,52.283],[-7.015,52.292],[-7.018,52.295],[-7.006,52.306],[-7,52.315],[-6.988,52.319],[-6.987,52.321],[-6.986,52.323],[-6.986,52.324],[-6.994,52.331],[-6.993,52.34],[-6.995,52.344],[-6.996,52.345],[-6.997,52.346],[-6.997,52.347],[-6.997,52.348],[-6.997,52.349],[-6.997,52.35],[-6.996,52.35],[-6.996,52.351],[-6.996,52.352],[-6.996,52.353],[-6.995,52.353],[-6.994,52.355],[-6.992,52.364],[-6.965,52.378],[-6.941,52.403],[-6.94,52.409],[-6.94,52.41],[-6.941,52.411],[-6.943,52.413],[-6.957,52.416],[-6.953,52.426],[-6.952,52.426],[-6.951,52.426],[-6.95,52.426],[-6.946,52.425],[-6.941,52.422],[-6.926,52.424],[-6.918,52.426],[-6.916,52.428],[-6.915,52.43],[-6.917,52.464],[-6.863,52.479],[-6.852,52.5],[-6.84,52.509],[-6.838,52.511],[-6.835,52.513],[-6.835,52.514],[-6.834,52.515],[-6.832,52.52],[-6.833,52.52],[-6.833,52.521],[-6.834,52.522],[-6.836,52.526],[-6.836,52.527],[-6.836,52.528],[-6.837,52.53],[-6.836,52.531],[-6.835,52.531],[-6.834,52.531],[-6.833,52.532],[-6.832,52.532],[-6.831,52.533],[-6.83,52.533],[-6.829,52.533],[-6.827,52.535],[-6.825,52.536],[-6.824,52.537],[-6.822,52.539],[-6.814,52.544],[-6.808,52.547],[-6.807,52.547],[-6.807,52.548],[-6.806,52.548],[-6.806,52.549],[-6.806,52.561],[-6.79,52.563],[-6.778,52.58],[-6.772,52.625],[-6.751,52.637],[-6.748,52.638],[-6.747,52.639],[-6.746,52.639],[-6.744,52.64],[-6.743,52.64],[-6.742,52.64],[-6.739,52.641],[-6.738,52.641],[-6.737,52.641],[-6.736,52.641],[-6.735,52.641],[-6.734,52.642],[-6.733,52.641],[-6.733,52.642],[-6.732,52.642],[-6.731,52.642],[-6.73,52.643],[-6.729,52.643],[-6.729,52.642],[-6.728,52.642],[-6.726,52.642],[-6.726,52.641],[-6.725,52.641],[-6.725,52.642],[-6.725,52.641],[-6.719,52.64],[-6.709,52.641],[-6.691,52.636],[-6.679,52.637],[-6.664,52.648],[-6.664,52.651],[-6.664,52.652],[-6.664,52.653],[-6.663,52.653],[-6.663,52.654],[-6.662,52.654],[-6.661,52.654],[-6.661,52.655],[-6.66,52.655],[-6.659,52.655],[-6.658,52.655],[-6.657,52.655],[-6.656,52.656],[-6.655,52.656],[-6.654,52.656],[-6.653,52.656],[-6.652,52.656],[-6.651,52.656],[-6.653,52.657],[-6.655,52.659],[-6.655,52.66],[-6.653,52.663],[-6.653,52.664],[-6.657,52.667],[-6.662,52.667],[-6.666,52.665],[-6.667,52.665],[-6.669,52.664],[-6.67,52.664],[-6.671,52.664],[-6.672,52.664],[-6.674,52.665],[-6.676,52.666],[-6.677,52.667],[-6.678,52.667],[-6.679,52.668],[-6.68,52.668],[-6.68,52.669],[-6.679,52.67],[-6.678,52.671],[-6.678,52.672],[-6.678,52.673],[-6.677,52.673],[-6.676,52.675],[-6.674,52.679],[-6.664,52.687],[-6.656,52.686],[-6.654,52.686],[-6.653,52.686],[-6.652,52.686],[-6.646,52.688],[-6.634,52.704],[-6.625,52.708],[-6.624,52.708],[-6.622,52.708],[-6.62,52.709],[-6.619,52.712],[-6.619,52.713],[-6.634,52.733],[-6.654,52.746],[-6.657,52.769],[-6.702,52.787],[-6.69,52.832],[-6.703,52.848],[-6.788,52.866],[-6.81,52.872],[-6.88,52.858],[-6.939,52.88],[-6.938,52.829],[-6.965,52.809],[-7.039,52.808],[-7.099,52.827],[-7.141,52.848],[-7.14,52.869],[-7.189,52.894],[-7.259,52.849],[-7.31,52.866],[-7.345,52.839],[-7.388,52.819],[-7.399,52.796],[-7.449,52.787],[-7.557,52.814],[-7.579,52.829],[-7.617,52.809],[-7.614,52.792],[-7.674,52.781],[-7.646,52.735],[-7.553,52.703],[-7.521,52.655],[-7.475,52.611],[-7.481,52.602],[-7.451,52.582],[-7.457,52.524],[-7.433,52.496],[-7.461,52.466],[-7.423,52.452],[-7.382,52.42],[-7.397,52.364],[-7.372,52.343]]]},"properties":{"name":"Carlow-Kilkenny","name_ga":null,"seats":5}},{"type":"Feature","geometry":{"type":"Polygon","coordinates":[[[-6.966,52.241],[-6.921,52.218],[-6.902,52.196],[-6.901,52.155],[-6.83,52.172],[-6.83,52.222],[-6.797,52.24],[-6.786,52.204],[-6.755,52.214],[-6.658,52.214],[-6.596,52.177],[-6.491,52.191],[-6.418,52.187],[-6.36,52.174],[-6.35,52.203],[-6.314,52.24],[-6.364,52.251],[-6.412,52.298],[-6.446,52.307],[-6.451,52.346],[-6.386,52.356],[-6.364,52.368],[-6.351,52.411],[-6.216,52.53],[-6.195,52.562],[-6.229,52.625],[-6.225,52.648],[-6.197,52.688],[-6.142,52.733],[-6.208,52.776],[-6.22,52.772],[-6.221,52.773],[-6.222,52.774],[-6.223,52.774],[-6.223,52.775],[-6.225,52.776],[-6.225,52.777],[-6.226,52.777],[-6.226,52.778],[-6.227,52.779],[-6.243,52.778],[-6.244,52.779],[-6.245,52.779],[-6.245,52.78],[-6.245,52.781],[-6.246,52.781],[-6.247,52.782],[-6.247,52.783],[-6.248,52.783],[-6.249,52.784],[-6.25,52.785],[-6.251,52.785],[-6.254,52.791],[-6.261,52.795],[-6.274,52.792],[-6.284,52.787],[-6.289,52.784],[-6.289,52.783],[-6.29,52.783],[-6.292,52.782],[-6.303,52.784],[-6.318,52.797],[-6.325,52.796],[-6.327,52.796],[-6.328,52.796],[-6.329,52.796],[-6.331,52.796],[-6.332,52.796],[-6.334,52.796],[-6.34,52.79],[-6.369,52.795],[-6.378,52.789],[-6.38,52.788],[-6.382,52.788],[-6.383,52.788],[-6.384,52.788],[-6.385,52.787],[-6.386,52.786],[-6.387,52.786],[-6.388,52.785],[-6.396,52.789],[-6.4,52.786],[-6.401,52.785],[-6.402,52.785],[-6.403,52.784],[-6.404,52.784],[-6.405,52.784],[-6.406,52.784],[-6.406,52.783],[-6.407,52.783],[-6.407,52.782],[-6.408,52.782],[-6.408,52.781],[-6.409,52.781],[-6.409,52.78],[-6.41,52.78],[-6.411,52.779],[-6.412,52.779],[-6.413,52.778],[-6.413,52.777],[-6.414,52.776],[-6.416,52.775],[-6.416,52.772],[-6.414,52.768],[-6.417,52.755],[-6.433,52.735],[-6.434,52.735],[-6.435,52.735],[-6.437,52.735],[-6.442,52.73],[-6.453,52.724],[-6.461,52.719],[-6.498,52.69],[-6.506,52.69],[-6.522,52.684],[-6.526,52.684],[-6.531,52.686],[-6.536,52.683],[-6.57,52.684],[-6.569,52.69],[-6.57,52.693],[-6.57,52.694],[-6.57,52.701],[-6.574,52.705],[-6.611,52.713],[-6.612,52.713],[-6.612,52.714],[-6.613,52.714],[-6.615,52.714],[-6.615,52.711],[-6.62,52.709],[-6.622,52.708],[-6.624,52.708],[-6.625,52.708],[-6.634,52.704],[-6.646,52.688],[-6.652,52.686],[-6.653,52.686],[-6.654,52.686],[-6.656,52.686],[-6.664,52.687],[-6.674,52.679],[-6.676,52.675],[-6.677,52.673],[-6.678,52.673],[-6.678,52.672],[-6.678,52.671],[-6.679,52.67],[-6.68,52.669],[-6.68,52.668],[-6.679,52.668],[-6.678,52.667],[-6.677,52.667],[-6.676,52.666],[-6.674,52.665],[-6.672,52.664],[-6.671,52.664],[-6.67,52.664],[-6.669,52.664],[-6.667,52.665],[-6.666,52.665],[-6.662,52.667],[-6.657,52.667],[-6.653,52.664],[-6.653,52.663],[-6.655,52.66],[-6.655,52.659],[-6.653,52.657],[-6.651,52.656],[-6.652,52.656],[-6.653,52.656],[-6.654,52.656],[-6.655,52.656],[-6.656,52.656],[-6.657,52.655],[-6.658,52.655],[-6.659,52.655],[-6.66,52.655],[-6.661,52.655],[-6.661,52.654],[-6.662,52.654],[-6.663,52.654],[-6.663,52.653],[-6.664,52.653],[-6.664,52.652],[-6.664,52.651],[-6.664,52.648],[-6.679,52.637],[-6.691,52.636],[-6.709,52.641],[-6.719,52.64],[-6.725,52.641],[-6.725,52.642],[-6.725,52.641],[-6.726,52.641],[-6.726,52.642],[-6.728,52.642],[-6.729,52.642],[-6.729,52.643],[-6.73,52.643],[-6.731,52.642],[-6.732,52.642],[-6.733,52.642],[-6.733,52.641],[-6.734,52.642],[-6.735,52.641],[-6.736,52.641],[-6.737,52.641],[-6.738,52.641],[-6.739,52.641],[-6.742,52.64],[-6.743,52.64],[-6.744,52.64],[-6.746,52.639],[-6.747,52.639],[-6.748,52.638],[-6.751,52.637],[-6.772,52.625],[-6.778,52.58],[-6.79,52.563],[-6.806,52.561],[-6.806,52.549],[-6.806,52.548],[-6.807,52.548],[-6.807,52.547],[-6.808,52.547],[-6.814,52.544],[-6.822,52.539],[-6.824,52.537],[-6.825,52.536],[-6.827,52.535],[-6.829,52.533],[-6.83,52.533],[-6.831,52.533],[-6.832,52.532],[-6.833,52.532],[-6.834,52.531],[-6.835,52.531],[-6.836,52.531],[-6.837,52.53],[-6.836,52.528],[-6.836,52.527],[-6.836,52.526],[-6.834,52.522],[-6.833,52.521],[-6.833,52.52],[-6.832,52.52],[-6.834,52.515],[-6.835,52.514],[-6.835,52.513],[-6.838,52.511],[-6.84,52.509],[-6.852,52.5],[-6.863,52.479],[-6.917,52.464],[-6.915,52.43],[-6.916,52.428],[-6.918,52.426],[-6.926,52.424],[-6.941,52.422],[-6.946,52.425],[-6.95,52.426],[-6.951,52.426],[-6.952,52.426],[-6.953,52.426],[-6.957,52.416],[-6.943,52.413],[-6.941,52.411],[-6.94,52.41],[-6.94,52.409],[-6.941,52.403],[-6.965,52.378],[-6.992,52.364],[-6.994,52.355],[-6.995,52.353],[-6.996,52.353],[-6.996,52.352],[-6.996,52.351],[-6.996,52.35],[-6.997,52.35],[-6.997,52.349],[-6.997,52.348],[-6.997,52.347],[-6.997,52.346],[-6.996,52.345],[-6.995,52.344],[-6.993,52.34],[-6.994,52.331],[-6.986,52.324],[-6.986,52.323],[-6.987,52.321],[-6.988,52.319],[-7,52.315],[-7.006,52.306],[-7.018,52.295],[-7.015,52.292],[-7.005,52.283],[-7.001,52.278],[-7,52.277],[-7,52.276],[-6.998,52.275],[-6.995,52.275],[-6.991,52.275],[-6.989,52.275],[-6.984,52.269],[-6.988,52.25],[-6.966,52.241]]]},"properties":{"name":"Wexford","name_ga":null,"seats":5}},{"type":"Feature","geometry":{"type":"Polygon","coordinates":[[[-6.579,53.146],[-6.574,53.13],[-6.629,53.092],[-6.733,53.065],[-6.731,53.047],[-6.792,52.992],[-6.743,52.948],[-6.73,52.927],[-6.751,52.889],[-6.788,52.866],[-6.703,52.848],[-6.69,52.832],[-6.702,52.787],[-6.657,52.769],[-6.654,52.746],[-6.634,52.733],[-6.619,52.713],[-6.619,52.712],[-6.62,52.709],[-6.615,52.711],[-6.615,52.714],[-6.613,52.714],[-6.612,52.714],[-6.612,52.713],[-6.611,52.713],[-6.574,52.705],[-6.57,52.701],[-6.57,52.694],[-6.57,52.693],[-6.569,52.69],[-6.57,52.684],[-6.536,52.683],[-6.531,52.686],[-6.526,52.684],[-6.522,52.684],[-6.506,52.69],[-6.498,52.69],[-6.461,52.719],[-6.453,52.724],[-6.442,52.73],[-6.437,52.735],[-6.435,52.735],[-6.434,52.735],[-6.433,52.735],[-6.417,52.755],[-6.414,52.768],[-6.416,52.772],[-6.416,52.775],[-6.414,52.776],[-6.413,52.777],[-6.413,52.778],[-6.412,52.779],[-6.411,52.779],[-6.41,52.78],[-6.409,52.78],[-6.409,52.781],[-6.408,52.781],[-6.408,52.782],[-6.407,52.782],[-6.407,52.783],[-6.406,52.783],[-6.406,52.784],[-6.405,52.784],[-6.404,52.784],[-6.403,52.784],[-6.402,52.785],[-6.401,52.785],[-6.4,52.786],[-6.396,52.789],[-6.388,52.785],[-6.387,52.786],[-6.386,52.786],[-6.385,52.787],[-6.384,52.788],[-6.383,52.788],[-6.382,52.788],[-6.38,52.788],[-6.378,52.789],[-6.369,52.795],[-6.34,52.79],[-6.334,52.796],[-6.332,52.796],[-6.331,52.796],[-6.329,52.796],[-6.328,52.796],[-6.327,52.796],[-6.325,52.796],[-6.318,52.797],[-6.303,52.784],[-6.292,52.782],[-6.29,52.783],[-6.289,52.783],[-6.289,52.784],[-6.284,52.787],[-6.274,52.792],[-6.261,52.795],[-6.254,52.791],[-6.251,52.785],[-6.25,52.785],[-6.249,52.784],[-6.248,52.783],[-6.247,52.783],[-6.247,52.782],[-6.246,52.781],[-6.245,52.781],[-6.245,52.78],[-6.245,52.779],[-6.244,52.779],[-6.243,52.778],[-6.227,52.779],[-6.226,52.778],[-6.226,52.777],[-6.225,52.777],[-6.225,52.776],[-6.223,52.775],[-6.223,52.774],[-6.222,52.774],[-6.221,52.773],[-6.22,52.772],[-6.218,52.773],[-6.217,52.774],[-6.213,52.777],[-6.208,52.776],[-6.168,52.766],[-6.11,52.835],[-6.065,52.869],[-6.021,52.925],[-6.008,52.972],[-6.048,52.993],[-6.048,53.033],[-6.034,53.07],[-6.042,53.12],[-6.07,53.154],[-6.08,53.192],[-6.094,53.198],[-6.096,53.201],[-6.103,53.211],[-6.104,53.211],[-6.106,53.211],[-6.11,53.21],[-6.111,53.21],[-6.111,53.209],[-6.112,53.209],[-6.113,53.209],[-6.114,53.208],[-6.115,53.208],[-6.115,53.209],[-6.117,53.211],[-6.119,53.208],[-6.126,53.208],[-6.129,53.201],[-6.132,53.2],[-6.133,53.199],[-6.134,53.199],[-6.135,53.199],[-6.136,53.199],[-6.137,53.199],[-6.138,53.2],[-6.141,53.202],[-6.147,53.203],[-6.15,53.203],[-6.151,53.203],[-6.152,53.203],[-6.158,53.202],[-6.16,53.203],[-6.161,53.202],[-6.162,53.203],[-6.163,53.203],[-6.164,53.203],[-6.164,53.204],[-6.165,53.205],[-6.166,53.205],[-6.166,53.206],[-6.167,53.206],[-6.167,53.207],[-6.169,53.208],[-6.17,53.208],[-6.171,53.209],[-6.172,53.209],[-6.173,53.209],[-6.175,53.213],[-6.177,53.215],[-6.178,53.216],[-6.179,53.216],[-6.182,53.221],[-6.24,53.202],[-6.298,53.224],[-6.332,53.178],[-6.375,53.192],[-6.368,53.214],[-6.41,53.216],[-6.442,53.231],[-6.475,53.234],[-6.493,53.221],[-6.494,53.222],[-6.495,53.222],[-6.496,53.222],[-6.497,53.222],[-6.501,53.218],[-6.503,53.216],[-6.504,53.216],[-6.504,53.215],[-6.505,53.215],[-6.509,53.214],[-6.518,53.189],[-6.535,53.191],[-6.537,53.19],[-6.538,53.191],[-6.539,53.191],[-6.539,53.19],[-6.539,53.189],[-6.55,53.187],[-6.562,53.179],[-6.555,53.174],[-6.552,53.173],[-6.55,53.172],[-6.549,53.172],[-6.549,53.171],[-6.547,53.171],[-6.546,53.17],[-6.544,53.17],[-6.54,53.167],[-6.541,53.167],[-6.543,53.166],[-6.55,53.163],[-6.551,53.162],[-6.551,53.161],[-6.552,53.161],[-6.552,53.16],[-6.553,53.16],[-6.554,53.158],[-6.563,53.156],[-6.576,53.149],[-6.575,53.147],[-6.576,53.147],[-6.578,53.146],[-6.579,53.146]]]},"properties":{"name":"Wicklow","name_ga":null,"seats":5}},{"type":"Feature","geometry":{"type":"Polygon","coordinates":[[[-6.298,53.224],[-6.297,53.261],[-6.326,53.29],[-6.292,53.299],[-6.35,53.305],[-6.368,53.318],[-6.428,53.295],[-6.428,53.257],[-6.442,53.231],[-6.41,53.216],[-6.368,53.214],[-6.375,53.192],[-6.332,53.178],[-6.298,53.224]]]},"properties":{"name":"Dublin South-West","name_ga":null,"seats":4}},{"type":"Feature","geometry":{"type":"Polygon","coordinates":[[[-6.475,53.234],[-6.442,53.231],[-6.428,53.257],[-6.428,53.295],[-6.368,53.318],[-6.386,53.337],[-6.356,53.354],[-6.433,53.368],[-6.458,53.356],[-6.475,53.363],[-6.476,53.363],[-6.48,53.363],[-6.481,53.363],[-6.484,53.363],[-6.486,53.363],[-6.488,53.363],[-6.489,53.363],[-6.491,53.357],[-6.492,53.356],[-6.493,53.355],[-6.493,53.352],[-6.499,53.346],[-6.49,53.337],[-6.495,53.332],[-6.496,53.329],[-6.499,53.326],[-6.5,53.323],[-6.5,53.322],[-6.501,53.321],[-6.505,53.323],[-6.518,53.325],[-6.52,53.325],[-6.52,53.324],[-6.521,53.323],[-6.522,53.323],[-6.525,53.322],[-6.526,53.321],[-6.527,53.32],[-6.528,53.319],[-6.53,53.318],[-6.531,53.318],[-6.531,53.317],[-6.531,53.316],[-6.532,53.316],[-6.528,53.314],[-6.529,53.291],[-6.53,53.289],[-6.53,53.288],[-6.53,53.287],[-6.531,53.287],[-6.532,53.287],[-6.533,53.287],[-6.534,53.286],[-6.535,53.285],[-6.535,53.284],[-6.536,53.284],[-6.544,53.282],[-6.547,53.279],[-6.545,53.278],[-6.546,53.275],[-6.539,53.275],[-6.518,53.265],[-6.515,53.264],[-6.514,53.264],[-6.513,53.264],[-6.513,53.265],[-6.512,53.265],[-6.511,53.265],[-6.51,53.265],[-6.51,53.266],[-6.509,53.266],[-6.507,53.265],[-6.509,53.262],[-6.511,53.261],[-6.518,53.262],[-6.525,53.257],[-6.525,53.258],[-6.526,53.259],[-6.525,53.259],[-6.527,53.26],[-6.527,53.259],[-6.528,53.259],[-6.528,53.258],[-6.529,53.257],[-6.53,53.257],[-6.53,53.256],[-6.531,53.256],[-6.532,53.256],[-6.534,53.255],[-6.535,53.254],[-6.536,53.254],[-6.534,53.254],[-6.533,53.253],[-6.533,53.252],[-6.534,53.251],[-6.532,53.25],[-6.532,53.249],[-6.533,53.249],[-6.533,53.248],[-6.531,53.248],[-6.531,53.247],[-6.53,53.247],[-6.529,53.247],[-6.528,53.247],[-6.527,53.248],[-6.526,53.248],[-6.524,53.247],[-6.523,53.247],[-6.522,53.247],[-6.522,53.248],[-6.521,53.248],[-6.518,53.249],[-6.512,53.248],[-6.512,53.247],[-6.511,53.247],[-6.51,53.247],[-6.509,53.246],[-6.508,53.246],[-6.507,53.246],[-6.506,53.246],[-6.505,53.245],[-6.502,53.244],[-6.5,53.243],[-6.497,53.243],[-6.496,53.242],[-6.489,53.241],[-6.487,53.241],[-6.472,53.237],[-6.475,53.234]]]},"properties":{"name":"Dublin Mid-West","name_ga":null,"seats":4}},{"type":"Feature","geometry":{"type":"Polygon","coordinates":[[[-6.292,53.299],[-6.283,53.305],[-6.272,53.345],[-6.351,53.355],[-6.356,53.354],[-6.386,53.337],[-6.368,53.318],[-6.35,53.305],[-6.292,53.299]]]},"properties":{"name":"Dublin South-Central","name_ga":null,"seats":5}},{"type":"Feature","geometry":{"type":"Polygon","coordinates":[[[-6.232,53.403],[-6.232,53.404],[-6.231,53.405],[-6.229,53.406],[-6.229,53.407],[-6.228,53.407],[-6.227,53.409],[-6.226,53.41],[-6.227,53.41],[-6.228,53.41],[-6.228,53.411],[-6.229,53.411],[-6.23,53.411],[-6.231,53.411],[-6.232,53.41],[-6.235,53.41],[-6.239,53.41],[-6.245,53.41],[-6.261,53.409],[-6.293,53.408],[-6.333,53.378],[-6.25,53.376],[-6.232,53.403]]]},"properties":{"name":"Dublin North-West","name_ga":null,"seats":3}},{"type":"Feature","geometry":{"type":"Polygon","coordinates":[[[-6.239,53.41],[-6.239,53.411],[-6.239,53.412],[-6.239,53.413],[-6.239,53.415],[-6.239,53.417],[-6.236,53.419],[-6.234,53.42],[-6.233,53.421],[-6.232,53.421],[-6.232,53.422],[-6.231,53.422],[-6.23,53.426],[-6.23,53.427],[-6.23,53.431],[-6.23,53.432],[-6.23,53.433],[-6.229,53.433],[-6.229,53.434],[-6.228,53.435],[-6.228,53.437],[-6.228,53.448],[-6.226,53.45],[-6.225,53.451],[-6.223,53.455],[-6.223,53.456],[-6.223,53.457],[-6.225,53.456],[-6.229,53.457],[-6.248,53.459],[-6.262,53.458],[-6.268,53.458],[-6.269,53.458],[-6.27,53.457],[-6.271,53.457],[-6.272,53.457],[-6.272,53.458],[-6.272,53.462],[-6.272,53.463],[-6.272,53.465],[-6.272,53.466],[-6.272,53.467],[-6.273,53.468],[-6.278,53.474],[-6.276,53.5],[-6.278,53.503],[-6.279,53.504],[-6.28,53.504],[-6.281,53.504],[-6.285,53.504],[-6.287,53.503],[-6.288,53.503],[-6.291,53.503],[-6.294,53.503],[-6.294,53.507],[-6.294,53.51],[-6.293,53.51],[-6.294,53.51],[-6.295,53.51],[-6.296,53.511],[-6.297,53.511],[-6.299,53.511],[-6.302,53.512],[-6.301,53.511],[-6.301,53.51],[-6.302,53.508],[-6.303,53.504],[-6.303,53.503],[-6.304,53.503],[-6.304,53.502],[-6.305,53.502],[-6.307,53.502],[-6.309,53.502],[-6.329,53.492],[-6.33,53.49],[-6.331,53.49],[-6.331,53.489],[-6.331,53.486],[-6.332,53.486],[-6.332,53.485],[-6.333,53.485],[-6.333,53.484],[-6.335,53.483],[-6.336,53.483],[-6.337,53.483],[-6.337,53.482],[-6.338,53.478],[-6.355,53.462],[-6.355,53.447],[-6.387,53.438],[-6.397,53.438],[-6.405,53.44],[-6.407,53.441],[-6.41,53.441],[-6.411,53.441],[-6.411,53.44],[-6.412,53.44],[-6.412,53.439],[-6.413,53.439],[-6.413,53.438],[-6.416,53.435],[-6.415,53.431],[-6.421,53.424],[-6.441,53.406],[-6.44,53.403],[-6.441,53.402],[-6.44,53.401],[-6.441,53.401],[-6.44,53.401],[-6.44,53.4],[-6.441,53.4],[-6.443,53.4],[-6.444,53.4],[-6.445,53.397],[-6.447,53.395],[-6.447,53.394],[-6.45,53.394],[-6.451,53.393],[-6.451,53.392],[-6.451,53.391],[-6.452,53.391],[-6.452,53.392],[-6.453,53.392],[-6.454,53.392],[-6.46,53.388],[-6.467,53.385],[-6.47,53.379],[-6.473,53.37],[-6.473,53.368],[-6.473,53.367],[-6.474,53.365],[-6.475,53.363],[-6.458,53.356],[-6.433,53.368],[-6.356,53.354],[-6.351,53.355],[-6.333,53.378],[-6.293,53.408],[-6.261,53.409],[-6.245,53.41],[-6.239,53.41]]]},"properties":{"name":"Dublin West","name_ga":null,"seats":4}},{"type":"Feature","geometry":{"type":"Polygon","coordinates":[[[-6.25,53.376],[-6.234,53.358],[-6.165,53.352],[-6.146,53.367],[-6.182,53.388],[-6.203,53.396],[-6.207,53.397],[-6.209,53.397],[-6.21,53.397],[-6.217,53.397],[-6.218,53.398],[-6.219,53.398],[-6.22,53.398],[-6.221,53.398],[-6.221,53.399],[-6.222,53.399],[-6.223,53.399],[-6.224,53.399],[-6.228,53.401],[-6.229,53.401],[-6.229,53.402],[-6.23,53.402],[-6.231,53.402],[-6.232,53.402],[-6.232,53.403],[-6.25,53.376]]]},"properties":{"name":"Dublin North-Central","name_ga":null,"seats":3}},{"type":"Feature","geometry":{"type":"Polygon","coordinates":[[[-6.283,53.305],[-6.218,53.31],[-6.227,53.346],[-6.272,53.345],[-6.283,53.305]]]},"properties":{"name":"Dublin South-East","name_ga":null,"seats":4}},{"type":"Feature","geometry":{"type":"Polygon","coordinates":[[[-6.272,53.345],[-6.227,53.346],[-6.234,53.358],[-6.25,53.376],[-6.333,53.378],[-6.351,53.355],[-6.272,53.345]]]},"properties":{"name":"Dublin Central","name_ga":null,"seats":4}},{"type":"Feature","geometry":{"type":"Polygon","coordinates":[[[-6.182,53.221],[-6.19,53.234],[-6.171,53.233],[-6.157,53.236],[-6.156,53.238],[-6.155,53.238],[-6.155,53.239],[-6.154,53.239],[-6.149,53.239],[-6.139,53.24],[-6.147,53.26],[-6.193,53.282],[-6.195,53.289],[-6.196,53.29],[-6.2,53.293],[-6.201,53.293],[-6.202,53.294],[-6.203,53.295],[-6.204,53.295],[-6.204,53.296],[-6.204,53.297],[-6.206,53.3],[-6.209,53.304],[-6.218,53.31],[-6.283,53.305],[-6.292,53.299],[-6.326,53.29],[-6.297,53.261],[-6.298,53.224],[-6.24,53.202],[-6.182,53.221]]]},"properties":{"name":"Dublin South","name_ga":null,"seats":5}},{"type":"Feature","geometry":{"type":"Polygon","coordinates":[[[-6.103,53.211],[-6.103,53.212],[-6.104,53.216],[-6.108,53.228],[-6.108,53.232],[-6.112,53.241],[-6.111,53.259],[-6.105,53.285],[-6.198,53.312],[-6.209,53.304],[-6.206,53.3],[-6.204,53.297],[-6.204,53.296],[-6.204,53.295],[-6.203,53.295],[-6.202,53.294],[-6.201,53.293],[-6.2,53.293],[-6.196,53.29],[-6.195,53.289],[-6.193,53.282],[-6.147,53.26],[-6.139,53.24],[-6.149,53.239],[-6.154,53.239],[-6.155,53.239],[-6.155,53.238],[-6.156,53.238],[-6.157,53.236],[-6.171,53.233],[-6.19,53.234],[-6.182,53.221],[-6.179,53.216],[-6.178,53.216],[-6.177,53.215],[-6.175,53.213],[-6.173,53.209],[-6.172,53.209],[-6.171,53.209],[-6.17,53.208],[-6.169,53.208],[-6.167,53.207],[-6.167,53.206],[-6.166,53.206],[-6.166,53.205],[-6.165,53.205],[-6.164,53.204],[-6.164,53.203],[-6.163,53.203],[-6.162,53.203],[-6.161,53.202],[-6.16,53.203],[-6.158,53.202],[-6.152,53.203],[-6.151,53.203],[-6.15,53.203],[-6.147,53.203],[-6.141,53.202],[-6.138,53.2],[-6.137,53.199],[-6.136,53.199],[-6.135,53.199],[-6.134,53.199],[-6.133,53.199],[-6.132,53.2],[-6.129,53.201],[-6.126,53.208],[-6.119,53.208],[-6.117,53.211],[-6.115,53.209],[-6.115,53.208],[-6.114,53.208],[-6.113,53.209],[-6.112,53.209],[-6.111,53.209],[-6.111,53.21],[-6.11,53.21],[-6.106,53.211],[-6.104,53.211],[-6.103,53.211]]]},"properties":{"name":"Dún Laoghaire","name_ga":null,"seats":4}},{"type":"Feature","geometry":{"type":"Polygon","coordinates":[[[-6.239,53.41],[-6.235,53.41],[-6.232,53.41],[-6.231,53.411],[-6.23,53.411],[-6.229,53.411],[-6.228,53.411],[-6.228,53.41],[-6.227,53.41],[-6.226,53.41],[-6.227,53.409],[-6.228,53.407],[-6.229,53.407],[-6.229,53.406],[-6.231,53.405],[-6.232,53.404],[-6.232,53.403],[-6.232,53.402],[-6.231,53.402],[-6.23,53.402],[-6.229,53.402],[-6.229,53.401],[-6.228,53.401],[-6.224,53.399],[-6.223,53.399],[-6.222,53.399],[-6.221,53.399],[-6.221,53.398],[-6.22,53.398],[-6.219,53.398],[-6.218,53.398],[-6.217,53.397],[-6.21,53.397],[-6.209,53.397],[-6.207,53.397],[-6.203,53.396],[-6.182,53.388],[-6.146,53.367],[-6.102,53.377],[-6.059,53.364],[-6.045,53.385],[-6.113,53.403],[-6.122,53.44],[-6.161,53.424],[-6.207,53.425],[-6.213,53.428],[-6.22,53.429],[-6.226,53.432],[-6.228,53.433],[-6.229,53.433],[-6.23,53.433],[-6.23,53.432],[-6.23,53.431],[-6.23,53.427],[-6.23,53.426],[-6.231,53.422],[-6.232,53.422],[-6.232,53.421],[-6.233,53.421],[-6.234,53.42],[-6.236,53.419],[-6.239,53.417],[-6.239,53.415],[-6.239,53.413],[-6.239,53.412],[-6.239,53.411],[-6.239,53.41]]]},"properties":{"name":"Dublin North-East","name_ga":null,"seats":3}},{"type":"Feature","geometry":{"type":"Polygon","coordinates":[[[-6.229,53.433],[-6.228,53.433],[-6.226,53.432],[-6.22,53.429],[-6.213,53.428],[-6.207,53.425],[-6.161,53.424],[-6.122,53.44],[-6.143,53.462],[-6.096,53.489],[-6.084,53.517],[-6.084,53.56],[-6.105,53.582],[-6.155,53.591],[-6.188,53.626],[-6.215,53.633],[-6.257,53.632],[-6.272,53.597],[-6.335,53.573],[-6.369,53.589],[-6.414,53.573],[-6.433,53.544],[-6.367,53.506],[-6.329,53.492],[-6.309,53.502],[-6.307,53.502],[-6.305,53.502],[-6.304,53.502],[-6.304,53.503],[-6.303,53.503],[-6.303,53.504],[-6.302,53.508],[-6.301,53.51],[-6.301,53.511],[-6.302,53.512],[-6.299,53.511],[-6.297,53.511],[-6.296,53.511],[-6.295,53.51],[-6.294,53.51],[-6.293,53.51],[-6.294,53.51],[-6.294,53.507],[-6.294,53.503],[-6.291,53.503],[-6.288,53.503],[-6.287,53.503],[-6.285,53.504],[-6.281,53.504],[-6.28,53.504],[-6.279,53.504],[-6.278,53.503],[-6.276,53.5],[-6.278,53.474],[-6.273,53.468],[-6.272,53.467],[-6.272,53.466],[-6.272,53.465],[-6.272,53.463],[-6.272,53.462],[-6.272,53.458],[-6.272,53.457],[-6.271,53.457],[-6.27,53.457],[-6.269,53.458],[-6.268,53.458],[-6.262,53.458],[-6.248,53.459],[-6.229,53.457],[-6.225,53.456],[-6.223,53.457],[-6.223,53.456],[-6.223,53.455],[-6.225,53.451],[-6.226,53.45],[-6.228,53.448],[-6.228,53.437],[-6.228,53.435],[-6.229,53.434],[-6.229,53.433]]]},"properties":{"name":"Dublin North","name_ga":null,"seats":4}},{"type":"Feature","geometry":{"type":"Polygon","coordinates":[[[-6.695,53.902],[-6.684,53.9],[-6.683,53.899],[-6.683,53.898],[-6.682,53.898],[-6.682,53.896],[-6.681,53.895],[-6.68,53.894],[-6.679,53.893],[-6.673,53.892],[-6.671,53.892],[-6.67,53.892],[-6.669,53.892],[-6.668,53.892],[-6.667,53.892],[-6.665,53.892],[-6.664,53.891],[-6.664,53.89],[-6.663,53.89],[-6.662,53.889],[-6.662,53.888],[-6.661,53.888],[-6.66,53.888],[-6.659,53.886],[-6.658,53.885],[-6.657,53.884],[-6.652,53.886],[-6.646,53.884],[-6.645,53.884],[-6.644,53.883],[-6.637,53.88],[-6.626,53.88],[-6.622,53.878],[-6.622,53.877],[-6.621,53.876],[-6.621,53.875],[-6.602,53.863],[-6.603,53.863],[-6.603,53.862],[-6.6,53.859],[-6.599,53.858],[-6.598,53.858],[-6.597,53.858],[-6.597,53.857],[-6.596,53.855],[-6.595,53.854],[-6.595,53.853],[-6.594,53.851],[-6.593,53.85],[-6.593,53.849],[-6.594,53.849],[-6.594,53.848],[-6.595,53.848],[-6.595,53.846],[-6.595,53.845],[-6.594,53.845],[-6.593,53.842],[-6.595,53.842],[-6.596,53.841],[-6.597,53.841],[-6.599,53.84],[-6.582,53.828],[-6.582,53.827],[-6.583,53.826],[-6.582,53.825],[-6.579,53.82],[-6.58,53.818],[-6.58,53.811],[-6.578,53.809],[-6.58,53.808],[-6.58,53.807],[-6.58,53.806],[-6.579,53.806],[-6.577,53.806],[-6.58,53.804],[-6.579,53.804],[-6.579,53.803],[-6.58,53.803],[-6.579,53.803],[-6.579,53.802],[-6.578,53.802],[-6.577,53.802],[-6.575,53.799],[-6.574,53.799],[-6.574,53.798],[-6.573,53.798],[-6.572,53.798],[-6.572,53.797],[-6.571,53.797],[-6.57,53.797],[-6.569,53.797],[-6.569,53.798],[-6.569,53.797],[-6.568,53.797],[-6.568,53.798],[-6.568,53.797],[-6.567,53.797],[-6.566,53.797],[-6.565,53.798],[-6.564,53.797],[-6.563,53.797],[-6.562,53.797],[-6.561,53.797],[-6.56,53.797],[-6.559,53.797],[-6.554,53.798],[-6.553,53.798],[-6.552,53.797],[-6.554,53.795],[-6.553,53.794],[-6.553,53.793],[-6.552,53.791],[-6.552,53.79],[-6.552,53.789],[-6.552,53.787],[-6.551,53.787],[-6.551,53.786],[-6.549,53.784],[-6.548,53.778],[-6.543,53.779],[-6.542,53.779],[-6.541,53.778],[-6.54,53.778],[-6.539,53.779],[-6.538,53.779],[-6.538,53.78],[-6.537,53.78],[-6.515,53.767],[-6.514,53.767],[-6.513,53.767],[-6.509,53.767],[-6.504,53.768],[-6.479,53.77],[-6.473,53.77],[-6.47,53.77],[-6.469,53.77],[-6.467,53.77],[-6.456,53.767],[-6.447,53.758],[-6.458,53.752],[-6.46,53.748],[-6.461,53.747],[-6.462,53.747],[-6.463,53.746],[-6.464,53.745],[-6.464,53.744],[-6.465,53.744],[-6.466,53.743],[-6.467,53.743],[-6.467,53.742],[-6.467,53.741],[-6.468,53.74],[-6.469,53.74],[-6.469,53.739],[-6.47,53.739],[-6.471,53.739],[-6.472,53.739],[-6.473,53.738],[-6.473,53.737],[-6.474,53.737],[-6.474,53.738],[-6.475,53.738],[-6.475,53.737],[-6.474,53.737],[-6.473,53.737],[-6.474,53.736],[-6.474,53.735],[-6.475,53.735],[-6.476,53.734],[-6.477,53.734],[-6.478,53.734],[-6.478,53.733],[-6.479,53.733],[-6.479,53.732],[-6.482,53.73],[-6.483,53.731],[-6.483,53.73],[-6.484,53.73],[-6.483,53.729],[-6.483,53.728],[-6.483,53.727],[-6.479,53.726],[-6.478,53.725],[-6.478,53.724],[-6.479,53.723],[-6.477,53.722],[-6.476,53.723],[-6.474,53.722],[-6.473,53.722],[-6.472,53.721],[-6.471,53.722],[-6.469,53.721],[-6.463,53.713],[-6.454,53.715],[-6.452,53.715],[-6.451,53.715],[-6.451,53.714],[-6.447,53.715],[-6.445,53.716],[-6.444,53.716],[-6.443,53.716],[-6.44,53.715],[-6.435,53.716],[-6.421,53.713],[-6.426,53.706],[-6.429,53.703],[-6.431,53.701],[-6.431,53.7],[-6.421,53.696],[-6.42,53.696],[-6.419,53.695],[-6.418,53.695],[-6.417,53.695],[-6.416,53.695],[-6.415,53.695],[-6.414,53.694],[-6.411,53.695],[-6.41,53.695],[-6.409,53.695],[-6.408,53.695],[-6.407,53.694],[-6.406,53.693],[-6.406,53.691],[-6.405,53.691],[-6.405,53.69],[-6.406,53.69],[-6.407,53.69],[-6.408,53.689],[-6.408,53.688],[-6.407,53.687],[-6.392,53.678],[-6.382,53.678],[-6.373,53.676],[-6.373,53.675],[-6.372,53.674],[-6.372,53.673],[-6.371,53.67],[-6.372,53.67],[-6.372,53.669],[-6.373,53.669],[-6.371,53.668],[-6.371,53.667],[-6.37,53.667],[-6.367,53.662],[-6.332,53.655],[-6.327,53.631],[-6.32,53.631],[-6.319,53.631],[-6.318,53.631],[-6.318,53.63],[-6.317,53.63],[-6.296,53.628],[-6.295,53.628],[-6.294,53.628],[-6.293,53.628],[-6.292,53.629],[-6.291,53.629],[-6.29,53.629],[-6.289,53.629],[-6.288,53.63],[-6.287,53.63],[-6.288,53.631],[-6.289,53.632],[-6.29,53.633],[-6.289,53.633],[-6.288,53.634],[-6.289,53.634],[-6.29,53.634],[-6.291,53.634],[-6.291,53.635],[-6.292,53.635],[-6.293,53.637],[-6.289,53.648],[-6.283,53.651],[-6.283,53.652],[-6.281,53.652],[-6.28,53.652],[-6.28,53.653],[-6.28,53.654],[-6.279,53.654],[-6.279,53.653],[-6.278,53.652],[-6.278,53.651],[-6.273,53.643],[-6.244,53.644],[-6.231,53.639],[-6.229,53.64],[-6.226,53.641],[-6.225,53.641],[-6.225,53.642],[-6.224,53.642],[-6.223,53.642],[-6.223,53.643],[-6.222,53.643],[-6.222,53.644],[-6.221,53.644],[-6.219,53.645],[-6.218,53.645],[-6.231,53.664],[-6.252,53.733],[-6.238,53.784],[-6.26,53.806],[-6.25,53.851],[-6.306,53.879],[-6.331,53.876],[-6.369,53.904],[-6.377,53.957],[-6.366,53.98],[-6.297,54.009],[-6.25,53.988],[-6.164,53.977],[-6.11,53.996],[-6.129,54.031],[-6.152,54.028],[-6.246,54.077],[-6.278,54.109],[-6.368,54.111],[-6.367,54.07],[-6.433,54.061],[-6.476,54.069],[-6.516,54.053],[-6.587,54.058],[-6.595,54.045],[-6.551,54.003],[-6.588,53.97],[-6.619,53.984],[-6.66,53.942],[-6.63,53.927],[-6.683,53.913],[-6.695,53.902]]]},"properties":{"name":"Louth","name_ga":null,"seats":5}},{"type":"Feature","geometry":{"type":"Polygon","coordinates":[[[-6.46,53.388],[-6.454,53.392],[-6.453,53.392],[-6.452,53.392],[-6.452,53.391],[-6.451,53.391],[-6.451,53.392],[-6.451,53.393],[-6.45,53.394],[-6.447,53.394],[-6.447,53.395],[-6.445,53.397],[-6.444,53.4],[-6.443,53.4],[-6.441,53.4],[-6.44,53.4],[-6.44,53.401],[-6.441,53.401],[-6.44,53.401],[-6.441,53.402],[-6.44,53.403],[-6.441,53.406],[-6.421,53.424],[-6.415,53.431],[-6.416,53.435],[-6.413,53.438],[-6.413,53.439],[-6.412,53.439],[-6.412,53.44],[-6.411,53.44],[-6.411,53.441],[-6.41,53.441],[-6.407,53.441],[-6.405,53.44],[-6.397,53.438],[-6.387,53.438],[-6.355,53.447],[-6.355,53.462],[-6.338,53.478],[-6.337,53.482],[-6.337,53.483],[-6.336,53.483],[-6.335,53.483],[-6.333,53.484],[-6.333,53.485],[-6.332,53.485],[-6.332,53.486],[-6.331,53.486],[-6.331,53.489],[-6.331,53.49],[-6.33,53.49],[-6.329,53.492],[-6.367,53.506],[-6.433,53.544],[-6.414,53.573],[-6.369,53.589],[-6.335,53.573],[-6.272,53.597],[-6.257,53.632],[-6.215,53.633],[-6.218,53.645],[-6.219,53.645],[-6.221,53.644],[-6.222,53.644],[-6.222,53.643],[-6.223,53.643],[-6.223,53.642],[-6.224,53.642],[-6.225,53.642],[-6.225,53.641],[-6.226,53.641],[-6.229,53.64],[-6.231,53.639],[-6.244,53.644],[-6.273,53.643],[-6.278,53.651],[-6.278,53.652],[-6.279,53.653],[-6.279,53.654],[-6.28,53.654],[-6.28,53.653],[-6.28,53.652],[-6.281,53.652],[-6.283,53.652],[-6.283,53.651],[-6.289,53.648],[-6.293,53.637],[-6.292,53.635],[-6.291,53.635],[-6.291,53.634],[-6.29,53.634],[-6.289,53.634],[-6.288,53.634],[-6.289,53.633],[-6.29,53.633],[-6.289,53.632],[-6.288,53.631],[-6.287,53.63],[-6.288,53.63],[-6.289,53.629],[-6.29,53.629],[-6.291,53.629],[-6.292,53.629],[-6.293,53.628],[-6.294,53.628],[-6.295,53.628],[-6.296,53.628],[-6.317,53.63],[-6.318,53.63],[-6.318,53.631],[-6.319,53.631],[-6.32,53.631],[-6.327,53.631],[-6.332,53.655],[-6.367,53.662],[-6.37,53.667],[-6.371,53.667],[-6.371,53.668],[-6.373,53.669],[-6.372,53.669],[-6.372,53.67],[-6.371,53.67],[-6.372,53.673],[-6.372,53.674],[-6.373,53.675],[-6.373,53.676],[-6.382,53.678],[-6.392,53.678],[-6.407,53.687],[-6.408,53.688],[-6.408,53.689],[-6.407,53.69],[-6.406,53.69],[-6.405,53.69],[-6.405,53.691],[-6.406,53.691],[-6.406,53.693],[-6.407,53.694],[-6.408,53.695],[-6.409,53.695],[-6.41,53.695],[-6.411,53.695],[-6.414,53.694],[-6.415,53.695],[-6.416,53.695],[-6.417,53.695],[-6.418,53.695],[-6.419,53.695],[-6.42,53.696],[-6.421,53.696],[-6.431,53.7],[-6.431,53.701],[-6.429,53.703],[-6.426,53.706],[-6.421,53.713],[-6.435,53.716],[-6.44,53.715],[-6.443,53.716],[-6.444,53.716],[-6.445,53.716],[-6.447,53.715],[-6.451,53.714],[-6.451,53.715],[-6.452,53.715],[-6.454,53.715],[-6.463,53.713],[-6.469,53.721],[-6.471,53.722],[-6.472,53.721],[-6.473,53.722],[-6.474,53.722],[-6.476,53.723],[-6.477,53.722],[-6.479,53.723],[-6.478,53.724],[-6.478,53.725],[-6.479,53.726],[-6.483,53.727],[-6.483,53.728],[-6.483,53.729],[-6.484,53.73],[-6.483,53.73],[-6.483,53.731],[-6.482,53.73],[-6.479,53.732],[-6.479,53.733],[-6.478,53.733],[-6.478,53.734],[-6.477,53.734],[-6.476,53.734],[-6.475,53.735],[-6.474,53.735],[-6.474,53.736],[-6.473,53.737],[-6.474,53.737],[-6.475,53.737],[-6.475,53.738],[-6.474,53.738],[-6.474,53.737],[-6.473,53.737],[-6.473,53.738],[-6.472,53.739],[-6.471,53.739],[-6.47,53.739],[-6.469,53.739],[-6.469,53.74],[-6.468,53.74],[-6.467,53.741],[-6.467,53.742],[-6.467,53.743],[-6.466,53.743],[-6.465,53.744],[-6.464,53.744],[-6.464,53.745],[-6.463,53.746],[-6.462,53.747],[-6.461,53.747],[-6.46,53.748],[-6.458,53.752],[-6.447,53.758],[-6.456,53.767],[-6.467,53.77],[-6.469,53.77],[-6.47,53.77],[-6.473,53.77],[-6.479,53.77],[-6.504,53.768],[-6.509,53.767],[-6.513,53.767],[-6.514,53.767],[-6.515,53.767],[-6.537,53.78],[-6.538,53.78],[-6.538,53.779],[-6.539,53.779],[-6.54,53.778],[-6.541,53.778],[-6.542,53.779],[-6.543,53.779],[-6.548,53.778],[-6.549,53.784],[-6.551,53.786],[-6.551,53.787],[-6.552,53.787],[-6.552,53.789],[-6.552,53.79],[-6.552,53.791],[-6.553,53.793],[-6.553,53.794],[-6.554,53.795],[-6.552,53.797],[-6.553,53.798],[-6.554,53.798],[-6.559,53.797],[-6.56,53.797],[-6.561,53.797],[-6.562,53.797],[-6.563,53.797],[-6.564,53.797],[-6.565,53.798],[-6.566,53.797],[-6.567,53.797],[-6.568,53.797],[-6.568,53.798],[-6.568,53.797],[-6.569,53.797],[-6.569,53.798],[-6.569,53.797],[-6.57,53.797],[-6.571,53.797],[-6.572,53.797],[-6.572,53.798],[-6.573,53.798],[-6.574,53.798],[-6.574,53.799],[-6.575,53.799],[-6.577,53.802],[-6.578,53.802],[-6.579,53.802],[-6.579,53.803],[-6.58,53.803],[-6.579,53.803],[-6.579,53.804],[-6.58,53.804],[-6.577,53.806],[-6.579,53.806],[-6.58,53.806],[-6.58,53.807],[-6.58,53.808],[-6.578,53.809],[-6.58,53.811],[-6.58,53.818],[-6.579,53.82],[-6.582,53.825],[-6.583,53.826],[-6.582,53.827],[-6.582,53.828],[-6.599,53.84],[-6.597,53.841],[-6.596,53.841],[-6.595,53.842],[-6.593,53.842],[-6.594,53.845],[-6.595,53.845],[-6.595,53.846],[-6.595,53.848],[-6.594,53.848],[-6.594,53.849],[-6.593,53.849],[-6.593,53.85],[-6.594,53.851],[-6.595,53.853],[-6.595,53.854],[-6.596,53.855],[-6.597,53.857],[-6.597,53.858],[-6.598,53.858],[-6.599,53.858],[-6.6,53.859],[-6.603,53.862],[-6.603,53.863],[-6.602,53.863],[-6.621,53.875],[-6.621,53.876],[-6.622,53.877],[-6.622,53.878],[-6.626,53.88],[-6.637,53.88],[-6.644,53.883],[-6.645,53.884],[-6.646,53.884],[-6.652,53.886],[-6.657,53.884],[-6.658,53.885],[-6.659,53.886],[-6.66,53.888],[-6.661,53.888],[-6.662,53.888],[-6.662,53.889],[-6.663,53.89],[-6.664,53.89],[-6.664,53.891],[-6.665,53.892],[-6.667,53.892],[-6.668,53.892],[-6.669,53.892],[-6.67,53.892],[-6.671,53.892],[-6.673,53.892],[-6.679,53.893],[-6.68,53.894],[-6.681,53.895],[-6.682,53.896],[-6.682,53.898],[-6.683,53.898],[-6.683,53.899],[-6.684,53.9],[-6.695,53.902],[-6.715,53.904],[-6.716,53.906],[-6.72,53.907],[-6.723,53.909],[-6.725,53.91],[-6.726,53.91],[-6.727,53.911],[-6.728,53.911],[-6.728,53.912],[-6.729,53.917],[-6.736,53.916],[-6.736,53.915],[-6.737,53.915],[-6.737,53.914],[-6.738,53.914],[-6.738,53.913],[-6.739,53.913],[-6.741,53.913],[-6.742,53.913],[-6.744,53.912],[-6.745,53.912],[-6.755,53.914],[-6.756,53.915],[-6.756,53.916],[-6.757,53.916],[-6.759,53.916],[-6.76,53.917],[-6.761,53.917],[-6.761,53.918],[-6.762,53.918],[-6.762,53.917],[-6.762,53.916],[-6.763,53.915],[-6.762,53.915],[-6.762,53.914],[-6.763,53.914],[-6.767,53.913],[-6.768,53.913],[-6.768,53.912],[-6.768,53.911],[-6.769,53.911],[-6.77,53.911],[-6.771,53.911],[-6.772,53.912],[-6.773,53.912],[-6.777,53.914],[-6.778,53.915],[-6.779,53.916],[-6.78,53.916],[-6.78,53.915],[-6.781,53.914],[-6.782,53.913],[-6.782,53.912],[-6.782,53.91],[-6.79,53.9],[-6.789,53.899],[-6.787,53.9],[-6.786,53.899],[-6.783,53.898],[-6.784,53.898],[-6.784,53.897],[-6.785,53.897],[-6.785,53.896],[-6.788,53.893],[-6.786,53.892],[-6.786,53.891],[-6.786,53.89],[-6.785,53.89],[-6.787,53.89],[-6.787,53.889],[-6.788,53.889],[-6.788,53.89],[-6.789,53.889],[-6.79,53.888],[-6.791,53.888],[-6.792,53.888],[-6.792,53.887],[-6.793,53.887],[-6.794,53.887],[-6.795,53.887],[-6.797,53.887],[-6.799,53.888],[-6.798,53.888],[-6.798,53.889],[-6.797,53.889],[-6.797,53.89],[-6.798,53.89],[-6.799,53.89],[-6.8,53.89],[-6.8,53.891],[-6.801,53.891],[-6.802,53.891],[-6.804,53.891],[-6.805,53.891],[-6.806,53.892],[-6.807,53.892],[-6.808,53.892],[-6.808,53.891],[-6.809,53.891],[-6.81,53.89],[-6.811,53.89],[-6.812,53.89],[-6.813,53.89],[-6.813,53.891],[-6.815,53.891],[-6.815,53.892],[-6.813,53.892],[-6.811,53.895],[-6.81,53.895],[-6.809,53.896],[-6.811,53.897],[-6.812,53.897],[-6.814,53.897],[-6.816,53.898],[-6.826,53.895],[-6.835,53.895],[-6.836,53.895],[-6.837,53.894],[-6.837,53.893],[-6.837,53.892],[-6.839,53.892],[-6.84,53.892],[-6.84,53.891],[-6.841,53.891],[-6.842,53.891],[-6.842,53.89],[-6.843,53.89],[-6.845,53.889],[-6.846,53.889],[-6.846,53.886],[-6.844,53.885],[-6.843,53.885],[-6.842,53.885],[-6.842,53.884],[-6.841,53.884],[-6.841,53.883],[-6.84,53.882],[-6.841,53.882],[-6.842,53.881],[-6.843,53.881],[-6.843,53.88],[-6.845,53.879],[-6.862,53.876],[-6.863,53.876],[-6.864,53.876],[-6.865,53.876],[-6.866,53.876],[-6.867,53.877],[-6.87,53.878],[-6.871,53.878],[-6.872,53.878],[-6.873,53.878],[-6.874,53.878],[-6.875,53.878],[-6.876,53.878],[-6.877,53.878],[-6.881,53.878],[-6.882,53.879],[-6.883,53.879],[-6.883,53.88],[-6.884,53.88],[-6.885,53.881],[-6.886,53.881],[-6.887,53.881],[-6.894,53.881],[-6.895,53.881],[-6.896,53.881],[-6.972,53.858],[-6.918,53.817],[-6.917,53.816],[-6.918,53.813],[-6.917,53.813],[-6.917,53.812],[-6.916,53.812],[-6.915,53.812],[-6.915,53.811],[-6.913,53.81],[-6.913,53.809],[-6.914,53.807],[-6.915,53.807],[-6.917,53.807],[-6.922,53.801],[-6.934,53.803],[-6.937,53.801],[-6.938,53.8],[-6.94,53.799],[-6.94,53.798],[-6.939,53.797],[-6.939,53.796],[-6.939,53.795],[-6.942,53.793],[-6.941,53.793],[-6.941,53.792],[-6.94,53.792],[-6.94,53.791],[-6.942,53.789],[-6.941,53.789],[-6.94,53.788],[-6.939,53.788],[-6.938,53.787],[-6.934,53.786],[-6.93,53.786],[-6.929,53.785],[-6.932,53.784],[-6.933,53.783],[-6.934,53.783],[-6.935,53.783],[-6.935,53.782],[-6.936,53.782],[-6.937,53.782],[-6.939,53.782],[-6.94,53.781],[-6.939,53.78],[-6.939,53.779],[-6.938,53.779],[-6.938,53.778],[-6.936,53.775],[-6.937,53.772],[-6.938,53.771],[-6.928,53.762],[-6.923,53.759],[-6.922,53.757],[-6.921,53.757],[-6.92,53.756],[-6.92,53.755],[-6.917,53.754],[-6.912,53.752],[-6.904,53.753],[-6.901,53.75],[-6.901,53.748],[-6.902,53.747],[-6.901,53.747],[-6.9,53.747],[-6.901,53.746],[-6.901,53.745],[-6.902,53.744],[-6.901,53.744],[-6.899,53.744],[-6.9,53.741],[-6.902,53.741],[-6.907,53.74],[-6.91,53.74],[-6.916,53.741],[-6.923,53.737],[-6.924,53.734],[-6.923,53.734],[-6.923,53.733],[-6.922,53.733],[-6.922,53.732],[-6.921,53.732],[-6.92,53.732],[-6.92,53.731],[-6.919,53.731],[-6.919,53.73],[-6.92,53.73],[-6.919,53.729],[-6.918,53.727],[-6.918,53.726],[-6.918,53.725],[-6.913,53.72],[-6.913,53.718],[-6.912,53.715],[-6.912,53.711],[-6.911,53.71],[-6.91,53.71],[-6.909,53.71],[-6.908,53.71],[-6.908,53.711],[-6.907,53.711],[-6.906,53.712],[-6.905,53.712],[-6.889,53.704],[-6.882,53.705],[-6.88,53.704],[-6.879,53.704],[-6.878,53.704],[-6.876,53.703],[-6.875,53.703],[-6.875,53.702],[-6.874,53.702],[-6.873,53.702],[-6.872,53.702],[-6.864,53.705],[-6.84,53.723],[-6.835,53.723],[-6.833,53.722],[-6.832,53.722],[-6.831,53.722],[-6.83,53.722],[-6.83,53.723],[-6.83,53.724],[-6.828,53.726],[-6.828,53.727],[-6.828,53.728],[-6.828,53.729],[-6.827,53.729],[-6.826,53.729],[-6.825,53.729],[-6.823,53.729],[-6.822,53.729],[-6.821,53.729],[-6.827,53.732],[-6.832,53.732],[-6.833,53.733],[-6.833,53.735],[-6.835,53.736],[-6.837,53.737],[-6.836,53.741],[-6.84,53.743],[-6.843,53.746],[-6.843,53.747],[-6.84,53.748],[-6.839,53.748],[-6.838,53.748],[-6.837,53.748],[-6.836,53.748],[-6.835,53.747],[-6.821,53.745],[-6.812,53.747],[-6.811,53.747],[-6.811,53.746],[-6.809,53.746],[-6.807,53.744],[-6.806,53.744],[-6.804,53.744],[-6.801,53.744],[-6.8,53.744],[-6.799,53.744],[-6.798,53.744],[-6.798,53.745],[-6.797,53.745],[-6.796,53.745],[-6.795,53.745],[-6.794,53.745],[-6.793,53.745],[-6.792,53.745],[-6.791,53.745],[-6.78,53.75],[-6.779,53.75],[-6.778,53.749],[-6.778,53.744],[-6.778,53.743],[-6.779,53.743],[-6.779,53.742],[-6.779,53.74],[-6.765,53.726],[-6.763,53.719],[-6.762,53.719],[-6.761,53.718],[-6.76,53.718],[-6.759,53.717],[-6.758,53.717],[-6.756,53.714],[-6.77,53.704],[-6.768,53.701],[-6.767,53.701],[-6.766,53.7],[-6.765,53.699],[-6.767,53.699],[-6.77,53.699],[-6.77,53.698],[-6.769,53.698],[-6.768,53.698],[-6.766,53.697],[-6.742,53.688],[-6.73,53.672],[-6.723,53.674],[-6.714,53.676],[-6.713,53.676],[-6.712,53.676],[-6.711,53.676],[-6.713,53.68],[-6.711,53.681],[-6.709,53.682],[-6.709,53.683],[-6.709,53.684],[-6.708,53.685],[-6.708,53.684],[-6.708,53.685],[-6.707,53.685],[-6.706,53.686],[-6.706,53.687],[-6.705,53.687],[-6.705,53.688],[-6.705,53.689],[-6.654,53.701],[-6.647,53.7],[-6.644,53.7],[-6.644,53.699],[-6.643,53.699],[-6.639,53.699],[-6.632,53.691],[-6.621,53.687],[-6.619,53.686],[-6.618,53.686],[-6.618,53.687],[-6.616,53.687],[-6.615,53.687],[-6.615,53.686],[-6.614,53.686],[-6.614,53.685],[-6.611,53.684],[-6.61,53.684],[-6.601,53.666],[-6.602,53.666],[-6.603,53.665],[-6.604,53.665],[-6.605,53.665],[-6.608,53.667],[-6.608,53.666],[-6.609,53.666],[-6.61,53.665],[-6.611,53.664],[-6.611,53.665],[-6.612,53.665],[-6.613,53.665],[-6.614,53.665],[-6.615,53.665],[-6.616,53.665],[-6.617,53.665],[-6.619,53.665],[-6.621,53.665],[-6.623,53.662],[-6.626,53.661],[-6.627,53.661],[-6.628,53.661],[-6.628,53.66],[-6.627,53.66],[-6.623,53.657],[-6.624,53.655],[-6.622,53.653],[-6.621,53.653],[-6.62,53.652],[-6.618,53.651],[-6.614,53.645],[-6.619,53.639],[-6.622,53.64],[-6.622,53.638],[-6.623,53.637],[-6.626,53.636],[-6.627,53.636],[-6.628,53.632],[-6.627,53.631],[-6.627,53.63],[-6.626,53.63],[-6.625,53.629],[-6.625,53.628],[-6.624,53.625],[-6.626,53.622],[-6.626,53.62],[-6.628,53.618],[-6.629,53.618],[-6.63,53.618],[-6.632,53.618],[-6.637,53.618],[-6.644,53.615],[-6.643,53.615],[-6.644,53.613],[-6.644,53.612],[-6.643,53.61],[-6.643,53.609],[-6.644,53.609],[-6.645,53.608],[-6.646,53.608],[-6.647,53.607],[-6.648,53.606],[-6.664,53.6],[-6.691,53.595],[-6.69,53.591],[-6.689,53.589],[-6.689,53.588],[-6.688,53.588],[-6.688,53.587],[-6.666,53.576],[-6.633,53.574],[-6.644,53.528],[-6.625,53.515],[-6.625,53.51],[-6.627,53.505],[-6.628,53.504],[-6.628,53.503],[-6.629,53.504],[-6.63,53.504],[-6.631,53.504],[-6.634,53.504],[-6.635,53.504],[-6.636,53.504],[-6.637,53.505],[-6.639,53.505],[-6.64,53.505],[-6.642,53.501],[-6.649,53.5],[-6.654,53.498],[-6.656,53.499],[-6.657,53.499],[-6.658,53.498],[-6.659,53.499],[-6.667,53.502],[-6.668,53.502],[-6.669,53.502],[-6.673,53.501],[-6.676,53.505],[-6.677,53.505],[-6.678,53.505],[-6.679,53.505],[-6.68,53.506],[-6.69,53.503],[-6.689,53.497],[-6.69,53.497],[-6.691,53.497],[-6.692,53.497],[-6.693,53.497],[-6.692,53.495],[-6.692,53.491],[-6.699,53.483],[-6.68,53.451],[-6.68,53.45],[-6.68,53.449],[-6.681,53.449],[-6.681,53.448],[-6.682,53.447],[-6.681,53.446],[-6.681,53.444],[-6.681,53.443],[-6.682,53.441],[-6.689,53.431],[-6.696,53.43],[-6.697,53.426],[-6.698,53.424],[-6.699,53.424],[-6.699,53.423],[-6.7,53.423],[-6.7,53.422],[-6.701,53.422],[-6.702,53.422],[-6.702,53.421],[-6.702,53.42],[-6.702,53.419],[-6.703,53.419],[-6.703,53.418],[-6.704,53.417],[-6.65,53.395],[-6.61,53.399],[-6.573,53.389],[-6.547,53.405],[-6.494,53.384],[-6.485,53.39],[-6.46,53.388]]]},"properties":{"name":"Meath East","name_ga":null,"seats":3}},{"type":"Feature","geometry":{"type":"Polygon","coordinates":[[[-7.081,53.382],[-7.08,53.382],[-7.079,53.382],[-7.079,53.383],[-7.078,53.383],[-7.078,53.384],[-7.078,53.385],[-7.077,53.386],[-7.077,53.393],[-7.076,53.395],[-7.075,53.396],[-7.074,53.396],[-7.073,53.397],[-7.071,53.397],[-7.07,53.398],[-7.069,53.398],[-7.065,53.399],[-7.065,53.4],[-7.064,53.4],[-7.059,53.401],[-7.058,53.401],[-7.057,53.402],[-7.056,53.402],[-7.055,53.402],[-7.055,53.403],[-7.047,53.407],[-7.046,53.408],[-7.045,53.408],[-7.043,53.408],[-7.042,53.408],[-7.04,53.409],[-7.037,53.409],[-7.035,53.409],[-7.034,53.409],[-7.033,53.41],[-7.032,53.411],[-7.03,53.412],[-7.028,53.414],[-7.028,53.415],[-7.027,53.415],[-7.026,53.416],[-7.026,53.417],[-7.026,53.419],[-7.025,53.42],[-7.023,53.422],[-7.022,53.422],[-7.021,53.423],[-7.018,53.423],[-7.017,53.424],[-7.014,53.425],[-7.012,53.428],[-7.012,53.43],[-7.012,53.431],[-7.011,53.431],[-7.01,53.432],[-7.01,53.433],[-7.009,53.433],[-7.009,53.436],[-6.963,53.451],[-6.915,53.437],[-6.892,53.426],[-6.89,53.421],[-6.887,53.42],[-6.887,53.419],[-6.887,53.418],[-6.886,53.418],[-6.885,53.418],[-6.884,53.417],[-6.885,53.417],[-6.884,53.416],[-6.884,53.415],[-6.883,53.415],[-6.873,53.414],[-6.867,53.413],[-6.865,53.413],[-6.864,53.413],[-6.864,53.412],[-6.863,53.412],[-6.862,53.412],[-6.848,53.404],[-6.833,53.401],[-6.83,53.4],[-6.829,53.401],[-6.828,53.401],[-6.827,53.401],[-6.826,53.401],[-6.824,53.401],[-6.822,53.401],[-6.818,53.401],[-6.817,53.401],[-6.817,53.4],[-6.816,53.4],[-6.815,53.4],[-6.814,53.4],[-6.814,53.399],[-6.813,53.399],[-6.812,53.399],[-6.812,53.398],[-6.811,53.399],[-6.81,53.4],[-6.805,53.404],[-6.802,53.411],[-6.798,53.412],[-6.796,53.413],[-6.795,53.413],[-6.795,53.414],[-6.791,53.418],[-6.769,53.429],[-6.754,53.429],[-6.739,53.427],[-6.737,53.427],[-6.736,53.427],[-6.735,53.426],[-6.731,53.425],[-6.72,53.42],[-6.712,53.42],[-6.71,53.42],[-6.709,53.42],[-6.708,53.42],[-6.708,53.419],[-6.707,53.419],[-6.706,53.418],[-6.705,53.418],[-6.706,53.418],[-6.705,53.418],[-6.704,53.418],[-6.704,53.417],[-6.703,53.418],[-6.703,53.419],[-6.702,53.419],[-6.702,53.42],[-6.702,53.421],[-6.702,53.422],[-6.701,53.422],[-6.7,53.422],[-6.7,53.423],[-6.699,53.423],[-6.699,53.424],[-6.698,53.424],[-6.697,53.426],[-6.696,53.43],[-6.689,53.431],[-6.682,53.441],[-6.681,53.443],[-6.681,53.444],[-6.681,53.446],[-6.682,53.447],[-6.681,53.448],[-6.681,53.449],[-6.68,53.449],[-6.68,53.45],[-6.68,53.451],[-6.699,53.483],[-6.692,53.491],[-6.692,53.495],[-6.693,53.497],[-6.692,53.497],[-6.691,53.497],[-6.69,53.497],[-6.689,53.497],[-6.69,53.503],[-6.68,53.506],[-6.679,53.505],[-6.678,53.505],[-6.677,53.505],[-6.676,53.505],[-6.673,53.501],[-6.669,53.502],[-6.668,53.502],[-6.667,53.502],[-6.659,53.499],[-6.658,53.498],[-6.657,53.499],[-6.656,53.499],[-6.654,53.498],[-6.649,53.5],[-6.642,53.501],[-6.64,53.505],[-6.639,53.505],[-6.637,53.505],[-6.636,53.504],[-6.635,53.504],[-6.634,53.504],[-6.631,53.504],[-6.63,53.504],[-6.629,53.504],[-6.628,53.503],[-6.628,53.504],[-6.627,53.505],[-6.625,53.51],[-6.625,53.515],[-6.644,53.528],[-6.633,53.574],[-6.666,53.576],[-6.688,53.587],[-6.688,53.588],[-6.689,53.588],[-6.689,53.589],[-6.69,53.591],[-6.691,53.595],[-6.664,53.6],[-6.648,53.606],[-6.647,53.607],[-6.646,53.608],[-6.645,53.608],[-6.644,53.609],[-6.643,53.609],[-6.643,53.61],[-6.644,53.612],[-6.644,53.613],[-6.643,53.615],[-6.644,53.615],[-6.637,53.618],[-6.632,53.618],[-6.63,53.618],[-6.629,53.618],[-6.628,53.618],[-6.626,53.62],[-6.626,53.622],[-6.624,53.625],[-6.625,53.628],[-6.625,53.629],[-6.626,53.63],[-6.627,53.63],[-6.627,53.631],[-6.628,53.632],[-6.627,53.636],[-6.626,53.636],[-6.623,53.637],[-6.622,53.638],[-6.622,53.64],[-6.619,53.639],[-6.614,53.645],[-6.618,53.651],[-6.62,53.652],[-6.621,53.653],[-6.622,53.653],[-6.624,53.655],[-6.623,53.657],[-6.627,53.66],[-6.628,53.66],[-6.628,53.661],[-6.627,53.661],[-6.626,53.661],[-6.623,53.662],[-6.621,53.665],[-6.619,53.665],[-6.617,53.665],[-6.616,53.665],[-6.615,53.665],[-6.614,53.665],[-6.613,53.665],[-6.612,53.665],[-6.611,53.665],[-6.611,53.664],[-6.61,53.665],[-6.609,53.666],[-6.608,53.666],[-6.608,53.667],[-6.605,53.665],[-6.604,53.665],[-6.603,53.665],[-6.602,53.666],[-6.601,53.666],[-6.61,53.684],[-6.611,53.684],[-6.614,53.685],[-6.614,53.686],[-6.615,53.686],[-6.615,53.687],[-6.616,53.687],[-6.618,53.687],[-6.618,53.686],[-6.619,53.686],[-6.621,53.687],[-6.632,53.691],[-6.639,53.699],[-6.643,53.699],[-6.644,53.699],[-6.644,53.7],[-6.647,53.7],[-6.654,53.701],[-6.705,53.689],[-6.705,53.688],[-6.705,53.687],[-6.706,53.687],[-6.706,53.686],[-6.707,53.685],[-6.708,53.685],[-6.708,53.684],[-6.708,53.685],[-6.709,53.684],[-6.709,53.683],[-6.709,53.682],[-6.711,53.681],[-6.713,53.68],[-6.711,53.676],[-6.712,53.676],[-6.713,53.676],[-6.714,53.676],[-6.723,53.674],[-6.73,53.672],[-6.742,53.688],[-6.766,53.697],[-6.768,53.698],[-6.769,53.698],[-6.77,53.698],[-6.77,53.699],[-6.767,53.699],[-6.765,53.699],[-6.766,53.7],[-6.767,53.701],[-6.768,53.701],[-6.77,53.704],[-6.756,53.714],[-6.758,53.717],[-6.759,53.717],[-6.76,53.718],[-6.761,53.718],[-6.762,53.719],[-6.763,53.719],[-6.765,53.726],[-6.779,53.74],[-6.779,53.742],[-6.779,53.743],[-6.778,53.743],[-6.778,53.744],[-6.778,53.749],[-6.779,53.75],[-6.78,53.75],[-6.791,53.745],[-6.792,53.745],[-6.793,53.745],[-6.794,53.745],[-6.795,53.745],[-6.796,53.745],[-6.797,53.745],[-6.798,53.745],[-6.798,53.744],[-6.799,53.744],[-6.8,53.744],[-6.801,53.744],[-6.804,53.744],[-6.806,53.744],[-6.807,53.744],[-6.809,53.746],[-6.811,53.746],[-6.811,53.747],[-6.812,53.747],[-6.821,53.745],[-6.835,53.747],[-6.836,53.748],[-6.837,53.748],[-6.838,53.748],[-6.839,53.748],[-6.84,53.748],[-6.843,53.747],[-6.843,53.746],[-6.84,53.743],[-6.836,53.741],[-6.837,53.737],[-6.835,53.736],[-6.833,53.735],[-6.833,53.733],[-6.832,53.732],[-6.827,53.732],[-6.821,53.729],[-6.822,53.729],[-6.823,53.729],[-6.825,53.729],[-6.826,53.729],[-6.827,53.729],[-6.828,53.729],[-6.828,53.728],[-6.828,53.727],[-6.828,53.726],[-6.83,53.724],[-6.83,53.723],[-6.83,53.722],[-6.831,53.722],[-6.832,53.722],[-6.833,53.722],[-6.835,53.723],[-6.84,53.723],[-6.864,53.705],[-6.872,53.702],[-6.873,53.702],[-6.874,53.702],[-6.875,53.702],[-6.875,53.703],[-6.876,53.703],[-6.878,53.704],[-6.879,53.704],[-6.88,53.704],[-6.882,53.705],[-6.889,53.704],[-6.905,53.712],[-6.906,53.712],[-6.907,53.711],[-6.908,53.711],[-6.908,53.71],[-6.909,53.71],[-6.91,53.71],[-6.911,53.71],[-6.912,53.711],[-6.912,53.715],[-6.913,53.718],[-6.913,53.72],[-6.918,53.725],[-6.918,53.726],[-6.918,53.727],[-6.919,53.729],[-6.92,53.73],[-6.919,53.73],[-6.919,53.731],[-6.92,53.731],[-6.92,53.732],[-6.921,53.732],[-6.922,53.732],[-6.922,53.733],[-6.923,53.733],[-6.923,53.734],[-6.924,53.734],[-6.923,53.737],[-6.916,53.741],[-6.91,53.74],[-6.907,53.74],[-6.902,53.741],[-6.9,53.741],[-6.899,53.744],[-6.901,53.744],[-6.902,53.744],[-6.901,53.745],[-6.901,53.746],[-6.9,53.747],[-6.901,53.747],[-6.902,53.747],[-6.901,53.748],[-6.901,53.75],[-6.904,53.753],[-6.912,53.752],[-6.917,53.754],[-6.92,53.755],[-6.92,53.756],[-6.921,53.757],[-6.922,53.757],[-6.923,53.759],[-6.928,53.762],[-6.938,53.771],[-6.937,53.772],[-6.936,53.775],[-6.938,53.778],[-6.938,53.779],[-6.939,53.779],[-6.939,53.78],[-6.94,53.781],[-6.941,53.781],[-6.945,53.782],[-6.946,53.781],[-6.951,53.782],[-7.004,53.766],[-7.105,53.777],[-7.141,53.799],[-7.194,53.795],[-7.229,53.772],[-7.278,53.782],[-7.308,53.813],[-7.344,53.799],[-7.292,53.778],[-7.271,53.745],[-7.308,53.732],[-7.312,53.674],[-7.356,53.651],[-7.294,53.609],[-7.215,53.605],[-7.115,53.551],[-7.099,53.515],[-7.062,53.487],[-7.063,53.469],[-7.123,53.446],[-7.186,53.434],[-7.192,53.423],[-7.098,53.382],[-7.087,53.382],[-7.084,53.382],[-7.083,53.382],[-7.082,53.382],[-7.081,53.382]]]},"properties":{"name":"Meath West","name_ga":null,"seats":3}},{"type":"Feature","geometry":{"type":"Polygon","coordinates":[[[-7.445,54.937],[-7.405,54.942],[-7.391,55.022],[-7.345,55.051],[-7.322,55.045],[-7.258,55.067],[-7.201,55.121],[-7.157,55.15],[-7.05,55.187],[-6.95,55.211],[-6.923,55.236],[-6.957,55.254],[-7.063,55.272],[-7.156,55.297],[-7.179,55.34],[-7.291,55.369],[-7.332,55.368],[-7.354,55.332],[-7.258,55.286],[-7.29,55.275],[-7.316,55.304],[-7.375,55.316],[-7.384,55.293],[-7.45,55.289],[-7.509,55.265],[-7.518,55.239],[-7.555,55.198],[-7.516,55.183],[-7.459,55.119],[-7.479,55.09],[-7.533,55.072],[-7.517,55.025],[-7.597,54.993],[-7.634,54.997],[-7.559,55.035],[-7.597,55.062],[-7.584,55.082],[-7.533,55.094],[-7.522,55.136],[-7.615,55.192],[-7.607,55.217],[-7.627,55.269],[-7.659,55.277],[-7.702,55.248],[-7.755,55.247],[-7.794,55.221],[-7.867,55.227],[-7.874,55.205],[-7.825,55.177],[-7.854,55.129],[-7.835,55.112],[-8.001,55.024],[-8.102,54.956],[-8.083,54.934],[-8.019,54.898],[-7.934,54.932],[-7.898,54.93],[-7.875,54.902],[-7.829,54.884],[-7.753,54.9],[-7.723,54.891],[-7.679,54.897],[-7.654,54.885],[-7.573,54.906],[-7.583,54.938],[-7.525,54.95],[-7.445,54.937]]]},"properties":{"name":"Donegal North-East","name_ga":null,"seats":3}},{"type":"Feature","geometry":{"type":"MultiPolygon","coordinates":[[[[-7.854,55.129],[-7.854,55.164],[-7.946,55.181],[-7.942,55.212],[-7.975,55.224],[-8.016,55.214],[-8.027,55.173],[-8.119,55.16],[-8.123,55.145],[-8.273,55.155],[-8.313,55.114],[-8.315,55.075],[-8.343,55.047],[-8.395,55.044],[-8.408,55.014],[-8.452,54.999],[-8.414,54.959],[-8.443,54.905],[-8.388,54.888],[-8.386,54.852],[-8.447,54.839],[-8.502,54.845],[-8.527,54.812],[-8.473,54.79],[-8.537,54.765],[-8.594,54.778],[-8.665,54.769],[-8.75,54.728],[-8.75,54.708],[-8.806,54.698],[-8.773,54.657],[-8.692,54.642],[-8.676,54.62],[-8.623,54.623],[-8.562,54.616],[-8.487,54.635],[-8.464,54.606],[-8.432,54.63],[-8.272,54.635],[-8.272,54.607],[-8.187,54.64],[-8.115,54.62],[-8.163,54.604],[-8.221,54.568],[-8.21,54.549],[-8.265,54.528],[-8.242,54.507],[-8.288,54.478],[-8.322,54.473],[-8.271,54.46],[-8.221,54.473],[-8.177,54.465],[-8.115,54.469],[-8.086,54.488],[-8.043,54.489],[-8.04,54.509],[-8.006,54.546],[-7.938,54.533],[-7.87,54.535],[-7.76,54.594],[-7.698,54.61],[-7.892,54.656],[-7.914,54.676],[-7.855,54.727],[-7.746,54.704],[-7.735,54.717],[-7.637,54.751],[-7.578,54.742],[-7.548,54.755],[-7.542,54.799],[-7.484,54.824],[-7.442,54.875],[-7.452,54.9],[-7.445,54.937],[-7.525,54.95],[-7.583,54.938],[-7.573,54.906],[-7.654,54.885],[-7.679,54.897],[-7.723,54.891],[-7.753,54.9],[-7.829,54.884],[-7.875,54.902],[-7.898,54.93],[-7.934,54.932],[-8.019,54.898],[-8.083,54.934],[-8.102,54.956],[-8.001,55.024],[-7.835,55.112],[-7.854,55.129]]],[[[-8.542,55.022],[-8.567,54.976],[-8.488,54.973],[-8.503,55.007],[-8.542,55.022]]]]},"properties":{"name":"Donegal South-West","name_ga":null,"seats":3}},{"type":"Feature","geometry":{"type":"Polygon","coordinates":[[[-6.595,54.045],[-6.625,54.037],[-6.65,54.061],[-6.645,54.099],[-6.661,54.123],[-6.632,54.147],[-6.636,54.171],[-6.665,54.193],[-6.707,54.2],[-6.746,54.189],[-6.801,54.213],[-6.827,54.26],[-6.876,54.278],[-6.852,54.292],[-6.877,54.347],[-6.911,54.375],[-6.982,54.41],[-7.029,54.421],[-7.152,54.336],[-7.212,54.3],[-7.173,54.286],[-7.15,54.258],[-7.147,54.225],[-7.185,54.225],[-7.248,54.204],[-7.263,54.137],[-7.31,54.167],[-7.339,54.147],[-7.335,54.117],[-7.442,54.154],[-7.481,54.122],[-7.528,54.136],[-7.546,54.127],[-7.61,54.144],[-7.625,54.165],[-7.692,54.204],[-7.804,54.207],[-7.862,54.219],[-7.861,54.261],[-7.888,54.301],[-7.902,54.301],[-7.916,54.297],[-7.919,54.303],[-7.926,54.305],[-7.93,54.303],[-7.939,54.304],[-7.943,54.304],[-7.947,54.304],[-7.951,54.3],[-7.953,54.299],[-7.953,54.298],[-7.954,54.297],[-7.968,54.287],[-7.971,54.286],[-7.971,54.285],[-7.972,54.285],[-7.972,54.284],[-7.973,54.284],[-7.973,54.283],[-7.973,54.282],[-7.973,54.281],[-7.974,54.281],[-7.975,54.28],[-7.974,54.28],[-7.975,54.279],[-7.974,54.279],[-7.974,54.278],[-7.975,54.278],[-7.974,54.277],[-7.974,54.276],[-7.975,54.275],[-7.974,54.275],[-7.974,54.274],[-7.991,54.258],[-7.994,54.256],[-7.995,54.256],[-7.996,54.255],[-7.997,54.255],[-7.998,54.254],[-7.999,54.254],[-8,54.253],[-8.002,54.251],[-8.004,54.249],[-8.01,54.248],[-8.041,54.254],[-8.046,54.249],[-8.049,54.246],[-8.05,54.244],[-8.051,54.244],[-8.052,54.244],[-8.053,54.243],[-8.054,54.242],[-8.055,54.241],[-8.058,54.236],[-8.052,54.233],[-8.05,54.232],[-8.049,54.231],[-8.049,54.23],[-8.049,54.229],[-8.044,54.222],[-8.034,54.216],[-8.047,54.202],[-8.05,54.198],[-8.051,54.198],[-8.051,54.196],[-8.051,54.195],[-8.05,54.195],[-8.049,54.195],[-8.048,54.195],[-8.047,54.195],[-8.047,54.193],[-8.047,54.192],[-8.048,54.192],[-8.048,54.191],[-8.049,54.19],[-8.048,54.187],[-8.046,54.186],[-8.045,54.186],[-8.042,54.183],[-8.028,54.19],[-8.006,54.192],[-8,54.186],[-8,54.185],[-7.999,54.185],[-7.998,54.185],[-7.997,54.185],[-7.997,54.184],[-7.995,54.183],[-7.994,54.183],[-7.993,54.183],[-7.993,54.182],[-7.992,54.182],[-7.992,54.183],[-7.992,54.182],[-7.991,54.182],[-7.992,54.182],[-7.991,54.181],[-7.989,54.18],[-7.987,54.18],[-7.987,54.179],[-7.986,54.179],[-7.985,54.179],[-7.984,54.179],[-7.983,54.179],[-7.982,54.179],[-7.978,54.178],[-7.976,54.179],[-7.969,54.177],[-7.953,54.179],[-7.926,54.167],[-7.917,54.161],[-7.913,54.156],[-7.912,54.155],[-7.912,54.154],[-7.911,54.154],[-7.905,54.154],[-7.904,54.152],[-7.903,54.151],[-7.901,54.148],[-7.899,54.147],[-7.896,54.145],[-7.893,54.144],[-7.892,54.144],[-7.892,54.143],[-7.891,54.143],[-7.89,54.142],[-7.889,54.142],[-7.888,54.142],[-7.889,54.141],[-7.89,54.14],[-7.89,54.139],[-7.892,54.137],[-7.876,54.124],[-7.861,54.123],[-7.852,54.119],[-7.852,54.118],[-7.851,54.118],[-7.851,54.117],[-7.852,54.117],[-7.853,54.116],[-7.854,54.116],[-7.854,54.115],[-7.855,54.115],[-7.856,54.114],[-7.857,54.114],[-7.858,54.114],[-7.858,54.113],[-7.859,54.113],[-7.857,54.112],[-7.851,54.11],[-7.847,54.107],[-7.822,54.096],[-7.756,54.106],[-7.737,54.083],[-7.709,54.084],[-7.658,54.056],[-7.64,54.023],[-7.601,54.013],[-7.585,53.981],[-7.61,53.938],[-7.558,53.904],[-7.585,53.857],[-7.477,53.854],[-7.456,53.802],[-7.378,53.785],[-7.344,53.799],[-7.308,53.813],[-7.278,53.782],[-7.229,53.772],[-7.194,53.795],[-7.141,53.799],[-7.105,53.777],[-7.004,53.766],[-6.951,53.782],[-6.946,53.781],[-6.945,53.782],[-6.941,53.781],[-6.94,53.781],[-6.939,53.782],[-6.937,53.782],[-6.936,53.782],[-6.935,53.782],[-6.935,53.783],[-6.934,53.783],[-6.933,53.783],[-6.932,53.784],[-6.929,53.785],[-6.93,53.786],[-6.934,53.786],[-6.938,53.787],[-6.939,53.788],[-6.94,53.788],[-6.941,53.789],[-6.942,53.789],[-6.94,53.791],[-6.94,53.792],[-6.941,53.792],[-6.941,53.793],[-6.942,53.793],[-6.939,53.795],[-6.939,53.796],[-6.939,53.797],[-6.94,53.798],[-6.94,53.799],[-6.938,53.8],[-6.937,53.801],[-6.934,53.803],[-6.922,53.801],[-6.917,53.807],[-6.915,53.807],[-6.914,53.807],[-6.913,53.809],[-6.913,53.81],[-6.915,53.811],[-6.915,53.812],[-6.916,53.812],[-6.917,53.812],[-6.917,53.813],[-6.918,53.813],[-6.917,53.816],[-6.918,53.817],[-6.972,53.858],[-6.896,53.881],[-6.895,53.881],[-6.894,53.881],[-6.887,53.881],[-6.886,53.881],[-6.885,53.881],[-6.884,53.88],[-6.883,53.88],[-6.883,53.879],[-6.882,53.879],[-6.881,53.878],[-6.877,53.878],[-6.876,53.878],[-6.875,53.878],[-6.874,53.878],[-6.873,53.878],[-6.872,53.878],[-6.871,53.878],[-6.87,53.878],[-6.867,53.877],[-6.866,53.876],[-6.865,53.876],[-6.864,53.876],[-6.863,53.876],[-6.862,53.876],[-6.845,53.879],[-6.843,53.88],[-6.843,53.881],[-6.842,53.881],[-6.841,53.882],[-6.84,53.882],[-6.841,53.883],[-6.841,53.884],[-6.842,53.884],[-6.842,53.885],[-6.843,53.885],[-6.844,53.885],[-6.846,53.886],[-6.846,53.889],[-6.845,53.889],[-6.843,53.89],[-6.842,53.89],[-6.842,53.891],[-6.841,53.891],[-6.84,53.891],[-6.84,53.892],[-6.839,53.892],[-6.837,53.892],[-6.837,53.893],[-6.837,53.894],[-6.836,53.895],[-6.835,53.895],[-6.826,53.895],[-6.816,53.898],[-6.814,53.897],[-6.812,53.897],[-6.811,53.897],[-6.809,53.896],[-6.81,53.895],[-6.811,53.895],[-6.813,53.892],[-6.815,53.892],[-6.815,53.891],[-6.813,53.891],[-6.813,53.89],[-6.812,53.89],[-6.811,53.89],[-6.81,53.89],[-6.809,53.891],[-6.808,53.891],[-6.808,53.892],[-6.807,53.892],[-6.806,53.892],[-6.805,53.891],[-6.804,53.891],[-6.802,53.891],[-6.801,53.891],[-6.8,53.891],[-6.8,53.89],[-6.799,53.89],[-6.798,53.89],[-6.797,53.89],[-6.797,53.889],[-6.798,53.889],[-6.798,53.888],[-6.799,53.888],[-6.797,53.887],[-6.795,53.887],[-6.794,53.887],[-6.793,53.887],[-6.792,53.887],[-6.792,53.888],[-6.791,53.888],[-6.79,53.888],[-6.789,53.889],[-6.788,53.89],[-6.788,53.889],[-6.787,53.889],[-6.787,53.89],[-6.785,53.89],[-6.786,53.89],[-6.786,53.891],[-6.786,53.892],[-6.788,53.893],[-6.785,53.896],[-6.785,53.897],[-6.784,53.897],[-6.784,53.898],[-6.783,53.898],[-6.786,53.899],[-6.787,53.9],[-6.789,53.899],[-6.79,53.9],[-6.782,53.91],[-6.782,53.912],[-6.782,53.913],[-6.781,53.914],[-6.78,53.915],[-6.78,53.916],[-6.779,53.916],[-6.778,53.915],[-6.777,53.914],[-6.773,53.912],[-6.772,53.912],[-6.771,53.911],[-6.77,53.911],[-6.769,53.911],[-6.768,53.911],[-6.768,53.912],[-6.768,53.913],[-6.767,53.913],[-6.763,53.914],[-6.762,53.914],[-6.762,53.915],[-6.763,53.915],[-6.762,53.916],[-6.762,53.917],[-6.762,53.918],[-6.761,53.918],[-6.761,53.917],[-6.76,53.917],[-6.759,53.916],[-6.757,53.916],[-6.756,53.916],[-6.756,53.915],[-6.755,53.914],[-6.745,53.912],[-6.744,53.912],[-6.742,53.913],[-6.741,53.913],[-6.739,53.913],[-6.738,53.913],[-6.738,53.914],[-6.737,53.914],[-6.737,53.915],[-6.736,53.915],[-6.736,53.916],[-6.729,53.917],[-6.728,53.912],[-6.728,53.911],[-6.727,53.911],[-6.726,53.91],[-6.725,53.91],[-6.723,53.909],[-6.72,53.907],[-6.716,53.906],[-6.715,53.904],[-6.695,53.902],[-6.683,53.913],[-6.63,53.927],[-6.66,53.942],[-6.619,53.984],[-6.588,53.97],[-6.551,54.003],[-6.595,54.045]]]},"properties":{"name":"Cavan-Monaghan","name_ga":null,"seats":5}},{"type":"Feature","geometry":{"type":"Polygon","coordinates":[[[-7.192,53.423],[-7.186,53.434],[-7.123,53.446],[-7.063,53.469],[-7.062,53.487],[-7.099,53.515],[-7.115,53.551],[-7.215,53.605],[-7.294,53.609],[-7.356,53.651],[-7.312,53.674],[-7.308,53.732],[-7.271,53.745],[-7.292,53.778],[-7.344,53.799],[-7.378,53.785],[-7.456,53.802],[-7.477,53.854],[-7.585,53.857],[-7.558,53.904],[-7.61,53.938],[-7.647,53.941],[-7.693,53.916],[-7.738,53.876],[-7.777,53.868],[-7.788,53.816],[-7.829,53.811],[-7.865,53.825],[-7.918,53.819],[-7.909,53.794],[-7.876,53.777],[-7.89,53.758],[-7.988,53.698],[-7.984,53.68],[-8.035,53.643],[-8.036,53.608],[-7.981,53.552],[-7.955,53.481],[-7.967,53.45],[-7.914,53.379],[-7.923,53.363],[-7.883,53.349],[-7.826,53.356],[-7.772,53.347],[-7.717,53.36],[-7.662,53.408],[-7.625,53.418],[-7.567,53.378],[-7.567,53.361],[-7.472,53.333],[-7.399,53.33],[-7.268,53.398],[-7.216,53.407],[-7.192,53.423]]]},"properties":{"name":"Longford-Westmeath","name_ga":null,"seats":4}},{"type":"Feature","geometry":{"type":"Polygon","coordinates":[[[-7.859,54.113],[-7.86,54.113],[-7.861,54.113],[-7.862,54.112],[-7.866,54.11],[-7.863,54.109],[-7.864,54.108],[-7.865,54.107],[-7.866,54.107],[-7.867,54.107],[-7.869,54.105],[-7.866,54.098],[-7.867,54.098],[-7.868,54.098],[-7.868,54.097],[-7.869,54.097],[-7.869,54.096],[-7.87,54.096],[-7.87,54.095],[-7.87,54.094],[-7.87,54.093],[-7.87,54.092],[-7.87,54.091],[-7.87,54.09],[-7.871,54.089],[-7.872,54.089],[-7.912,54.08],[-7.91,54.072],[-7.92,54.056],[-7.918,54.053],[-7.924,54.053],[-7.927,54.05],[-7.927,54.049],[-7.926,54.049],[-7.925,54.048],[-7.924,54.048],[-7.923,54.048],[-7.921,54.048],[-7.917,54.046],[-7.919,54.032],[-7.924,54.028],[-7.929,54.026],[-7.928,54.026],[-7.926,54.024],[-7.93,54.019],[-7.933,54.017],[-7.933,54.015],[-7.932,54.014],[-7.933,54.014],[-7.933,54.013],[-7.934,54.013],[-7.938,54.012],[-7.944,54.014],[-7.965,54.019],[-7.966,54.014],[-7.986,54.004],[-7.986,54.002],[-7.987,54.001],[-7.988,54.001],[-7.989,54.001],[-7.99,54.001],[-7.991,54.001],[-7.991,54],[-7.992,54],[-7.993,54],[-7.993,53.999],[-7.994,53.999],[-7.995,53.998],[-7.998,53.995],[-8.002,53.988],[-8.07,53.989],[-8.091,54.034],[-8.092,54.034],[-8.091,54.034],[-8.091,54.035],[-8.09,54.036],[-8.089,54.036],[-8.089,54.037],[-8.088,54.038],[-8.086,54.041],[-8.086,54.042],[-8.085,54.042],[-8.085,54.043],[-8.075,54.052],[-8.061,54.058],[-8.059,54.062],[-8.059,54.063],[-8.058,54.063],[-8.057,54.064],[-8.057,54.065],[-8.056,54.065],[-8.055,54.066],[-8.055,54.067],[-8.05,54.069],[-8.048,54.072],[-8.05,54.074],[-8.054,54.076],[-8.057,54.078],[-8.056,54.082],[-8.055,54.093],[-8.054,54.098],[-8.053,54.105],[-8.062,54.105],[-8.063,54.105],[-8.064,54.105],[-8.067,54.105],[-8.07,54.105],[-8.071,54.105],[-8.072,54.105],[-8.106,54.109],[-8.106,54.11],[-8.109,54.111],[-8.11,54.113],[-8.148,54.124],[-8.154,54.116],[-8.155,54.115],[-8.156,54.115],[-8.156,54.114],[-8.157,54.114],[-8.158,54.114],[-8.159,54.114],[-8.159,54.113],[-8.16,54.113],[-8.161,54.113],[-8.161,54.112],[-8.162,54.112],[-8.163,54.111],[-8.167,54.101],[-8.167,54.1],[-8.169,54.098],[-8.17,54.097],[-8.171,54.096],[-8.177,54.088],[-8.194,54.088],[-8.201,54.086],[-8.203,54.086],[-8.203,54.085],[-8.204,54.085],[-8.205,54.085],[-8.206,54.085],[-8.207,54.085],[-8.209,54.086],[-8.211,54.084],[-8.213,54.085],[-8.214,54.085],[-8.215,54.084],[-8.216,54.084],[-8.217,54.084],[-8.217,54.085],[-8.217,54.084],[-8.218,54.084],[-8.219,54.084],[-8.22,54.084],[-8.22,54.083],[-8.216,54.078],[-8.219,54.078],[-8.219,54.077],[-8.22,54.077],[-8.215,54.068],[-8.216,54.068],[-8.216,54.067],[-8.217,54.067],[-8.219,54.062],[-8.255,54.05],[-8.295,54.045],[-8.296,54.043],[-8.299,54.041],[-8.301,54.039],[-8.302,54.038],[-8.303,54.038],[-8.307,54.03],[-8.315,54.005],[-8.366,54.005],[-8.371,54.005],[-8.372,54.004],[-8.373,54.004],[-8.374,54.004],[-8.375,54.004],[-8.376,54],[-8.394,54],[-8.398,54],[-8.4,53.998],[-8.401,53.997],[-8.388,53.99],[-8.388,53.989],[-8.388,53.988],[-8.385,53.986],[-8.386,53.982],[-8.387,53.982],[-8.388,53.982],[-8.389,53.981],[-8.39,53.981],[-8.39,53.98],[-8.39,53.979],[-8.387,53.978],[-8.387,53.976],[-8.387,53.975],[-8.387,53.974],[-8.387,53.973],[-8.385,53.973],[-8.383,53.972],[-8.382,53.972],[-8.383,53.971],[-8.385,53.97],[-8.387,53.969],[-8.388,53.969],[-8.389,53.969],[-8.392,53.965],[-8.41,53.967],[-8.414,53.967],[-8.415,53.966],[-8.416,53.965],[-8.417,53.965],[-8.425,53.965],[-8.425,53.964],[-8.423,53.962],[-8.422,53.962],[-8.421,53.962],[-8.42,53.962],[-8.415,53.961],[-8.414,53.961],[-8.411,53.961],[-8.41,53.96],[-8.404,53.96],[-8.406,53.957],[-8.361,53.948],[-8.336,53.926],[-8.352,53.927],[-8.356,53.927],[-8.366,53.927],[-8.431,53.927],[-8.433,53.928],[-8.434,53.928],[-8.434,53.929],[-8.435,53.929],[-8.436,53.928],[-8.437,53.928],[-8.438,53.928],[-8.438,53.927],[-8.439,53.927],[-8.439,53.926],[-8.444,53.927],[-8.448,53.926],[-8.477,53.921],[-8.488,53.921],[-8.502,53.926],[-8.509,53.925],[-8.519,53.927],[-8.551,53.953],[-8.568,53.952],[-8.573,53.954],[-8.574,53.954],[-8.575,53.954],[-8.578,53.954],[-8.58,53.954],[-8.581,53.954],[-8.583,53.954],[-8.585,53.954],[-8.586,53.954],[-8.586,53.955],[-8.593,53.956],[-8.597,53.955],[-8.597,53.954],[-8.598,53.953],[-8.597,53.953],[-8.598,53.952],[-8.599,53.95],[-8.608,53.955],[-8.609,53.955],[-8.609,53.956],[-8.61,53.956],[-8.613,53.957],[-8.616,53.957],[-8.627,53.961],[-8.641,53.963],[-8.664,53.971],[-8.665,53.973],[-8.666,53.974],[-8.666,53.975],[-8.667,53.975],[-8.673,53.972],[-8.674,53.971],[-8.675,53.971],[-8.676,53.97],[-8.678,53.97],[-8.683,53.969],[-8.683,53.967],[-8.684,53.967],[-8.685,53.967],[-8.685,53.966],[-8.685,53.965],[-8.686,53.965],[-8.685,53.965],[-8.686,53.965],[-8.686,53.964],[-8.688,53.964],[-8.691,53.963],[-8.683,53.955],[-8.676,53.95],[-8.668,53.95],[-8.672,53.947],[-8.679,53.944],[-8.687,53.925],[-8.686,53.925],[-8.684,53.924],[-8.683,53.924],[-8.682,53.924],[-8.682,53.923],[-8.681,53.923],[-8.683,53.921],[-8.684,53.92],[-8.685,53.919],[-8.685,53.918],[-8.684,53.918],[-8.683,53.918],[-8.678,53.916],[-8.668,53.912],[-8.668,53.911],[-8.668,53.91],[-8.667,53.91],[-8.667,53.909],[-8.666,53.909],[-8.665,53.908],[-8.663,53.907],[-8.662,53.906],[-8.661,53.906],[-8.66,53.906],[-8.657,53.904],[-8.654,53.904],[-8.653,53.904],[-8.652,53.904],[-8.651,53.904],[-8.651,53.903],[-8.65,53.903],[-8.648,53.903],[-8.648,53.902],[-8.647,53.902],[-8.645,53.902],[-8.644,53.902],[-8.643,53.902],[-8.642,53.901],[-8.639,53.902],[-8.639,53.901],[-8.638,53.901],[-8.636,53.9],[-8.633,53.899],[-8.637,53.889],[-8.626,53.886],[-8.629,53.881],[-8.637,53.877],[-8.638,53.873],[-8.638,53.872],[-8.637,53.872],[-8.635,53.871],[-8.635,53.869],[-8.636,53.869],[-8.636,53.868],[-8.637,53.868],[-8.638,53.867],[-8.639,53.867],[-8.644,53.867],[-8.645,53.867],[-8.645,53.866],[-8.646,53.866],[-8.647,53.866],[-8.648,53.866],[-8.648,53.865],[-8.66,53.87],[-8.663,53.871],[-8.665,53.872],[-8.666,53.872],[-8.667,53.873],[-8.668,53.873],[-8.672,53.876],[-8.673,53.876],[-8.674,53.876],[-8.678,53.877],[-8.704,53.874],[-8.702,53.869],[-8.702,53.868],[-8.701,53.868],[-8.701,53.867],[-8.701,53.866],[-8.701,53.865],[-8.7,53.865],[-8.7,53.864],[-8.699,53.864],[-8.699,53.863],[-8.695,53.861],[-8.695,53.852],[-8.721,53.848],[-8.722,53.848],[-8.723,53.848],[-8.723,53.847],[-8.724,53.847],[-8.721,53.844],[-8.718,53.843],[-8.717,53.843],[-8.717,53.84],[-8.717,53.839],[-8.715,53.838],[-8.717,53.835],[-8.714,53.835],[-8.713,53.834],[-8.712,53.834],[-8.712,53.833],[-8.712,53.832],[-8.711,53.832],[-8.712,53.832],[-8.712,53.831],[-8.714,53.829],[-8.718,53.827],[-8.72,53.827],[-8.721,53.827],[-8.722,53.827],[-8.722,53.826],[-8.723,53.825],[-8.723,53.824],[-8.72,53.822],[-8.719,53.822],[-8.719,53.821],[-8.718,53.821],[-8.716,53.82],[-8.715,53.819],[-8.716,53.818],[-8.716,53.817],[-8.72,53.816],[-8.72,53.815],[-8.723,53.815],[-8.725,53.814],[-8.726,53.814],[-8.727,53.814],[-8.728,53.815],[-8.729,53.815],[-8.73,53.815],[-8.73,53.814],[-8.736,53.812],[-8.738,53.811],[-8.739,53.811],[-8.739,53.81],[-8.739,53.809],[-8.737,53.809],[-8.736,53.808],[-8.735,53.808],[-8.734,53.807],[-8.733,53.807],[-8.733,53.806],[-8.708,53.802],[-8.705,53.797],[-8.704,53.797],[-8.7,53.796],[-8.694,53.798],[-8.68,53.78],[-8.668,53.776],[-8.684,53.766],[-8.683,53.764],[-8.682,53.764],[-8.681,53.764],[-8.681,53.763],[-8.681,53.762],[-8.681,53.761],[-8.68,53.76],[-8.681,53.759],[-8.681,53.758],[-8.682,53.758],[-8.682,53.757],[-8.681,53.757],[-8.681,53.756],[-8.68,53.756],[-8.68,53.753],[-8.681,53.752],[-8.682,53.752],[-8.682,53.751],[-8.683,53.751],[-8.683,53.75],[-8.684,53.75],[-8.684,53.749],[-8.685,53.749],[-8.685,53.748],[-8.684,53.746],[-8.687,53.745],[-8.688,53.745],[-8.689,53.745],[-8.695,53.74],[-8.695,53.739],[-8.695,53.738],[-8.696,53.738],[-8.696,53.736],[-8.697,53.736],[-8.697,53.735],[-8.698,53.735],[-8.699,53.734],[-8.7,53.734],[-8.701,53.734],[-8.7,53.734],[-8.7,53.733],[-8.699,53.733],[-8.699,53.732],[-8.697,53.731],[-8.694,53.727],[-8.695,53.726],[-8.693,53.724],[-8.709,53.724],[-8.71,53.724],[-8.712,53.724],[-8.714,53.725],[-8.715,53.724],[-8.715,53.723],[-8.715,53.722],[-8.714,53.717],[-8.714,53.716],[-8.714,53.715],[-8.714,53.714],[-8.713,53.714],[-8.712,53.714],[-8.712,53.713],[-8.713,53.713],[-8.713,53.712],[-8.729,53.707],[-8.744,53.703],[-8.75,53.701],[-8.755,53.701],[-8.76,53.697],[-8.757,53.693],[-8.759,53.691],[-8.773,53.69],[-8.773,53.689],[-8.774,53.689],[-8.775,53.689],[-8.775,53.688],[-8.776,53.688],[-8.778,53.689],[-8.779,53.689],[-8.779,53.69],[-8.78,53.69],[-8.78,53.691],[-8.781,53.691],[-8.782,53.691],[-8.782,53.692],[-8.783,53.692],[-8.784,53.692],[-8.785,53.692],[-8.792,53.696],[-8.823,53.665],[-8.801,53.657],[-8.749,53.662],[-8.723,53.665],[-8.714,53.666],[-8.702,53.669],[-8.698,53.67],[-8.697,53.67],[-8.696,53.671],[-8.694,53.671],[-8.656,53.677],[-8.641,53.686],[-8.641,53.689],[-8.641,53.69],[-8.642,53.69],[-8.643,53.691],[-8.643,53.692],[-8.644,53.693],[-8.645,53.693],[-8.645,53.694],[-8.644,53.694],[-8.64,53.698],[-8.634,53.701],[-8.635,53.704],[-8.604,53.71],[-8.581,53.709],[-8.582,53.71],[-8.583,53.713],[-8.583,53.714],[-8.581,53.714],[-8.574,53.719],[-8.551,53.719],[-8.52,53.712],[-8.488,53.716],[-8.487,53.716],[-8.485,53.716],[-8.484,53.716],[-8.483,53.716],[-8.47,53.715],[-8.461,53.713],[-8.453,53.708],[-8.453,53.706],[-8.449,53.705],[-8.448,53.705],[-8.447,53.705],[-8.445,53.702],[-8.449,53.698],[-8.447,53.688],[-8.428,53.67],[-8.393,53.64],[-8.381,53.618],[-8.381,53.617],[-8.38,53.617],[-8.379,53.617],[-8.379,53.616],[-8.38,53.616],[-8.38,53.613],[-8.38,53.611],[-8.381,53.611],[-8.382,53.611],[-8.383,53.61],[-8.384,53.607],[-8.383,53.604],[-8.379,53.599],[-8.368,53.601],[-8.367,53.601],[-8.366,53.601],[-8.365,53.601],[-8.364,53.6],[-8.361,53.598],[-8.354,53.599],[-8.308,53.578],[-8.283,53.565],[-8.288,53.562],[-8.297,53.566],[-8.304,53.564],[-8.305,53.561],[-8.3,53.556],[-8.299,53.556],[-8.298,53.556],[-8.297,53.555],[-8.296,53.554],[-8.298,53.552],[-8.298,53.551],[-8.299,53.551],[-8.299,53.55],[-8.298,53.548],[-8.292,53.545],[-8.297,53.543],[-8.297,53.542],[-8.296,53.542],[-8.29,53.54],[-8.287,53.539],[-8.286,53.539],[-8.286,53.538],[-8.285,53.538],[-8.285,53.537],[-8.287,53.536],[-8.288,53.536],[-8.289,53.536],[-8.289,53.535],[-8.29,53.535],[-8.291,53.535],[-8.294,53.531],[-8.277,53.524],[-8.291,53.518],[-8.29,53.516],[-8.291,53.515],[-8.292,53.515],[-8.293,53.509],[-8.275,53.494],[-8.275,53.481],[-8.287,53.473],[-8.287,53.472],[-8.286,53.471],[-8.263,53.456],[-8.238,53.445],[-8.239,53.443],[-8.239,53.442],[-8.239,53.441],[-8.24,53.439],[-8.263,53.43],[-8.263,53.429],[-8.262,53.429],[-8.261,53.429],[-8.259,53.427],[-8.259,53.426],[-8.259,53.425],[-8.259,53.422],[-8.257,53.42],[-8.258,53.416],[-8.257,53.414],[-8.254,53.412],[-8.225,53.397],[-8.227,53.391],[-8.23,53.386],[-8.231,53.386],[-8.231,53.385],[-8.232,53.385],[-8.233,53.385],[-8.233,53.384],[-8.234,53.384],[-8.235,53.383],[-8.236,53.383],[-8.234,53.382],[-8.235,53.382],[-8.235,53.381],[-8.236,53.381],[-8.236,53.38],[-8.237,53.38],[-8.237,53.381],[-8.238,53.381],[-8.238,53.38],[-8.239,53.38],[-8.239,53.379],[-8.241,53.378],[-8.242,53.377],[-8.243,53.376],[-8.246,53.374],[-8.237,53.358],[-8.227,53.356],[-8.23,53.352],[-8.23,53.351],[-8.231,53.351],[-8.231,53.35],[-8.232,53.35],[-8.222,53.348],[-8.221,53.348],[-8.22,53.347],[-8.219,53.347],[-8.216,53.347],[-8.214,53.344],[-8.213,53.344],[-8.212,53.344],[-8.212,53.345],[-8.21,53.345],[-8.209,53.345],[-8.206,53.348],[-8.204,53.348],[-8.203,53.348],[-8.202,53.348],[-8.201,53.348],[-8.2,53.348],[-8.2,53.347],[-8.199,53.347],[-8.199,53.346],[-8.198,53.344],[-8.198,53.342],[-8.197,53.342],[-8.197,53.341],[-8.194,53.336],[-8.193,53.336],[-8.188,53.336],[-8.189,53.327],[-8.189,53.326],[-8.188,53.325],[-8.187,53.322],[-8.19,53.313],[-8.194,53.31],[-8.195,53.309],[-8.195,53.308],[-8.19,53.307],[-8.187,53.304],[-8.188,53.303],[-8.188,53.302],[-8.188,53.301],[-8.187,53.301],[-8.186,53.301],[-8.185,53.301],[-8.184,53.301],[-8.183,53.3],[-8.18,53.291],[-8.174,53.288],[-8.056,53.274],[-7.983,53.338],[-7.942,53.343],[-7.923,53.363],[-7.914,53.379],[-7.967,53.45],[-7.955,53.481],[-7.981,53.552],[-8.036,53.608],[-8.035,53.643],[-7.984,53.68],[-7.988,53.698],[-7.89,53.758],[-7.876,53.777],[-7.909,53.794],[-7.918,53.819],[-7.865,53.825],[-7.829,53.811],[-7.788,53.816],[-7.777,53.868],[-7.738,53.876],[-7.693,53.916],[-7.647,53.941],[-7.61,53.938],[-7.585,53.981],[-7.601,54.013],[-7.64,54.023],[-7.658,54.056],[-7.709,54.084],[-7.737,54.083],[-7.756,54.106],[-7.822,54.096],[-7.847,54.107],[-7.851,54.11],[-7.857,54.112],[-7.859,54.113]]]},"properties":{"name":"Roscommon-South Leitrim","name_ga":null,"seats":3}},{"type":"Feature","geometry":{"type":"MultiPolygon","coordinates":[[[[-8.585,53.954],[-8.586,53.957],[-8.589,53.961],[-8.59,53.965],[-8.594,53.967],[-8.583,54.013],[-8.647,54.033],[-8.738,53.995],[-8.783,53.966],[-8.845,53.972],[-8.889,54.007],[-8.942,54.01],[-8.969,54.027],[-9.012,54.024],[-9.015,54.052],[-8.965,54.073],[-8.96,54.102],[-8.917,54.118],[-8.937,54.143],[-9.025,54.162],[-9.057,54.146],[-9.132,54.162],[-9.157,54.196],[-9.182,54.208],[-9.214,54.252],[-9.207,54.277],[-9.256,54.274],[-9.264,54.31],[-9.335,54.321],[-9.39,54.308],[-9.517,54.309],[-9.627,54.325],[-9.66,54.314],[-9.802,54.342],[-9.859,54.323],[-9.856,54.274],[-9.879,54.257],[-9.876,54.218],[-9.915,54.227],[-9.892,54.254],[-9.958,54.271],[-9.997,54.306],[-10.025,54.284],[-10.07,54.277],[-10.095,54.236],[-10.056,54.228],[-10.064,54.209],[-10.118,54.146],[-10.131,54.109],[-10.094,54.088],[-10.064,54.097],[-10.087,54.127],[-10.063,54.171],[-10.013,54.191],[-10,54.224],[-9.956,54.197],[-9.955,54.149],[-9.938,54.112],[-9.976,54.096],[-9.969,54.062],[-9.893,54.072],[-9.906,54.043],[-9.878,54.008],[-9.848,53.995],[-9.852,53.958],[-9.906,53.952],[-9.929,53.913],[-9.93,53.87],[-9.905,53.862],[-9.82,53.876],[-9.771,53.9],[-9.689,53.9],[-9.663,53.893],[-9.586,53.897],[-9.571,53.889],[-9.617,53.811],[-9.554,53.797],[-9.594,53.782],[-9.668,53.789],[-9.74,53.774],[-9.77,53.782],[-9.826,53.77],[-9.901,53.764],[-9.894,53.738],[-9.918,53.691],[-9.908,53.652],[-9.88,53.634],[-9.784,53.603],[-9.697,53.605],[-9.67,53.613],[-9.652,53.602],[-9.565,53.613],[-9.543,53.581],[-9.481,53.562],[-9.361,53.574],[-9.289,53.54],[-9.279,53.515],[-9.236,53.499],[-9.237,53.48],[-9.182,53.472],[-9.137,53.477],[-9.094,53.515],[-9.039,53.536],[-9.025,53.551],[-9.044,53.576],[-9.007,53.584],[-8.98,53.605],[-8.971,53.655],[-8.843,53.653],[-8.823,53.665],[-8.792,53.696],[-8.785,53.692],[-8.784,53.692],[-8.783,53.692],[-8.782,53.692],[-8.782,53.691],[-8.781,53.691],[-8.78,53.691],[-8.78,53.69],[-8.779,53.69],[-8.779,53.689],[-8.778,53.689],[-8.776,53.688],[-8.775,53.688],[-8.775,53.689],[-8.774,53.689],[-8.773,53.689],[-8.773,53.69],[-8.759,53.691],[-8.757,53.693],[-8.76,53.697],[-8.755,53.701],[-8.75,53.701],[-8.744,53.703],[-8.729,53.707],[-8.713,53.712],[-8.713,53.713],[-8.712,53.713],[-8.712,53.714],[-8.713,53.714],[-8.714,53.714],[-8.714,53.715],[-8.714,53.716],[-8.714,53.717],[-8.715,53.722],[-8.715,53.723],[-8.715,53.724],[-8.714,53.725],[-8.712,53.724],[-8.71,53.724],[-8.709,53.724],[-8.693,53.724],[-8.695,53.726],[-8.694,53.727],[-8.697,53.731],[-8.699,53.732],[-8.699,53.733],[-8.7,53.733],[-8.7,53.734],[-8.701,53.734],[-8.7,53.734],[-8.699,53.734],[-8.698,53.735],[-8.697,53.735],[-8.697,53.736],[-8.696,53.736],[-8.696,53.738],[-8.695,53.738],[-8.695,53.739],[-8.695,53.74],[-8.689,53.745],[-8.688,53.745],[-8.687,53.745],[-8.684,53.746],[-8.685,53.748],[-8.685,53.749],[-8.684,53.749],[-8.684,53.75],[-8.683,53.75],[-8.683,53.751],[-8.682,53.751],[-8.682,53.752],[-8.681,53.752],[-8.68,53.753],[-8.68,53.756],[-8.681,53.756],[-8.681,53.757],[-8.682,53.757],[-8.682,53.758],[-8.681,53.758],[-8.681,53.759],[-8.68,53.76],[-8.681,53.761],[-8.681,53.762],[-8.681,53.763],[-8.681,53.764],[-8.682,53.764],[-8.683,53.764],[-8.684,53.766],[-8.668,53.776],[-8.68,53.78],[-8.694,53.798],[-8.7,53.796],[-8.704,53.797],[-8.705,53.797],[-8.708,53.802],[-8.733,53.806],[-8.733,53.807],[-8.734,53.807],[-8.735,53.808],[-8.736,53.808],[-8.737,53.809],[-8.739,53.809],[-8.739,53.81],[-8.739,53.811],[-8.738,53.811],[-8.736,53.812],[-8.73,53.814],[-8.73,53.815],[-8.729,53.815],[-8.728,53.815],[-8.727,53.814],[-8.726,53.814],[-8.725,53.814],[-8.723,53.815],[-8.72,53.815],[-8.72,53.816],[-8.716,53.817],[-8.716,53.818],[-8.715,53.819],[-8.716,53.82],[-8.718,53.821],[-8.719,53.821],[-8.719,53.822],[-8.72,53.822],[-8.723,53.824],[-8.723,53.825],[-8.722,53.826],[-8.722,53.827],[-8.721,53.827],[-8.72,53.827],[-8.718,53.827],[-8.714,53.829],[-8.712,53.831],[-8.712,53.832],[-8.711,53.832],[-8.712,53.832],[-8.712,53.833],[-8.712,53.834],[-8.713,53.834],[-8.714,53.835],[-8.717,53.835],[-8.715,53.838],[-8.717,53.839],[-8.717,53.84],[-8.717,53.843],[-8.718,53.843],[-8.721,53.844],[-8.724,53.847],[-8.723,53.847],[-8.723,53.848],[-8.722,53.848],[-8.721,53.848],[-8.695,53.852],[-8.695,53.861],[-8.699,53.863],[-8.699,53.864],[-8.7,53.864],[-8.7,53.865],[-8.701,53.865],[-8.701,53.866],[-8.701,53.867],[-8.701,53.868],[-8.702,53.868],[-8.702,53.869],[-8.704,53.874],[-8.678,53.877],[-8.674,53.876],[-8.673,53.876],[-8.672,53.876],[-8.668,53.873],[-8.667,53.873],[-8.666,53.872],[-8.665,53.872],[-8.663,53.871],[-8.66,53.87],[-8.648,53.865],[-8.648,53.866],[-8.647,53.866],[-8.646,53.866],[-8.645,53.866],[-8.645,53.867],[-8.644,53.867],[-8.639,53.867],[-8.638,53.867],[-8.637,53.868],[-8.636,53.868],[-8.636,53.869],[-8.635,53.869],[-8.635,53.871],[-8.637,53.872],[-8.638,53.872],[-8.638,53.873],[-8.637,53.877],[-8.629,53.881],[-8.626,53.886],[-8.637,53.889],[-8.633,53.899],[-8.636,53.9],[-8.638,53.901],[-8.639,53.901],[-8.639,53.902],[-8.642,53.901],[-8.643,53.902],[-8.644,53.902],[-8.645,53.902],[-8.647,53.902],[-8.648,53.902],[-8.648,53.903],[-8.65,53.903],[-8.651,53.903],[-8.651,53.904],[-8.652,53.904],[-8.653,53.904],[-8.654,53.904],[-8.657,53.904],[-8.66,53.906],[-8.661,53.906],[-8.662,53.906],[-8.663,53.907],[-8.665,53.908],[-8.666,53.909],[-8.667,53.909],[-8.667,53.91],[-8.668,53.91],[-8.668,53.911],[-8.668,53.912],[-8.678,53.916],[-8.683,53.918],[-8.684,53.918],[-8.685,53.918],[-8.685,53.919],[-8.684,53.92],[-8.683,53.921],[-8.681,53.923],[-8.682,53.923],[-8.682,53.924],[-8.683,53.924],[-8.684,53.924],[-8.686,53.925],[-8.687,53.925],[-8.679,53.944],[-8.672,53.947],[-8.668,53.95],[-8.676,53.95],[-8.683,53.955],[-8.691,53.963],[-8.688,53.964],[-8.686,53.964],[-8.686,53.965],[-8.685,53.965],[-8.686,53.965],[-8.685,53.965],[-8.685,53.966],[-8.685,53.967],[-8.684,53.967],[-8.683,53.967],[-8.683,53.969],[-8.678,53.97],[-8.676,53.97],[-8.675,53.971],[-8.674,53.971],[-8.673,53.972],[-8.667,53.975],[-8.666,53.975],[-8.666,53.974],[-8.665,53.973],[-8.664,53.971],[-8.641,53.963],[-8.627,53.961],[-8.616,53.957],[-8.613,53.957],[-8.61,53.956],[-8.609,53.956],[-8.609,53.955],[-8.608,53.955],[-8.599,53.95],[-8.598,53.952],[-8.597,53.953],[-8.598,53.953],[-8.597,53.954],[-8.597,53.955],[-8.593,53.956],[-8.586,53.955],[-8.586,53.954],[-8.585,53.954]]],[[[-9.974,54.03],[-9.988,54.012],[-10.064,54.025],[-10.133,53.999],[-10.185,54.002],[-10.213,53.98],[-10.118,53.962],[-10.068,53.972],[-10.045,53.957],[-10.052,53.915],[-10.016,53.912],[-9.963,53.874],[-9.937,53.899],[-9.927,53.954],[-9.955,53.973],[-9.93,53.998],[-9.974,54.03]]],[[[-9.978,53.828],[-10.041,53.79],[-9.951,53.798],[-9.978,53.828]]]]},"properties":{"name":"Mayo","name_ga":null,"seats":5}},{"type":"Feature","geometry":{"type":"Polygon","coordinates":[[[-8.322,54.473],[-8.476,54.452],[-8.487,54.421],[-8.532,54.402],[-8.672,54.36],[-8.645,54.333],[-8.555,54.342],[-8.572,54.305],[-8.527,54.303],[-8.517,54.276],[-8.584,54.276],[-8.616,54.26],[-8.558,54.23],[-8.57,54.217],[-8.628,54.238],[-8.645,54.261],[-8.682,54.273],[-8.725,54.263],[-8.785,54.271],[-8.826,54.253],[-8.95,54.293],[-9.055,54.294],[-9.054,54.274],[-9.095,54.215],[-9.133,54.207],[-9.132,54.162],[-9.057,54.146],[-9.025,54.162],[-8.937,54.143],[-8.917,54.118],[-8.96,54.102],[-8.965,54.073],[-9.015,54.052],[-9.012,54.024],[-8.969,54.027],[-8.942,54.01],[-8.889,54.007],[-8.845,53.972],[-8.783,53.966],[-8.738,53.995],[-8.647,54.033],[-8.583,54.013],[-8.594,53.967],[-8.59,53.965],[-8.589,53.961],[-8.586,53.957],[-8.585,53.954],[-8.583,53.954],[-8.581,53.954],[-8.58,53.954],[-8.578,53.954],[-8.575,53.954],[-8.574,53.954],[-8.573,53.954],[-8.568,53.952],[-8.551,53.953],[-8.537,53.958],[-8.522,53.944],[-8.523,53.934],[-8.519,53.927],[-8.502,53.926],[-8.488,53.921],[-8.477,53.921],[-8.448,53.926],[-8.444,53.927],[-8.439,53.926],[-8.439,53.927],[-8.438,53.927],[-8.438,53.928],[-8.437,53.928],[-8.436,53.928],[-8.435,53.929],[-8.434,53.929],[-8.434,53.928],[-8.433,53.928],[-8.431,53.927],[-8.366,53.927],[-8.356,53.927],[-8.352,53.927],[-8.336,53.926],[-8.361,53.948],[-8.406,53.957],[-8.404,53.96],[-8.41,53.96],[-8.411,53.961],[-8.414,53.961],[-8.415,53.961],[-8.42,53.962],[-8.421,53.962],[-8.422,53.962],[-8.423,53.962],[-8.425,53.964],[-8.425,53.965],[-8.417,53.965],[-8.416,53.965],[-8.415,53.966],[-8.414,53.967],[-8.41,53.967],[-8.392,53.965],[-8.389,53.969],[-8.388,53.969],[-8.387,53.969],[-8.385,53.97],[-8.383,53.971],[-8.382,53.972],[-8.383,53.972],[-8.385,53.973],[-8.387,53.973],[-8.387,53.974],[-8.387,53.975],[-8.387,53.976],[-8.387,53.978],[-8.39,53.979],[-8.39,53.98],[-8.39,53.981],[-8.389,53.981],[-8.388,53.982],[-8.387,53.982],[-8.386,53.982],[-8.385,53.986],[-8.388,53.988],[-8.388,53.989],[-8.388,53.99],[-8.401,53.997],[-8.4,53.998],[-8.398,54],[-8.394,54],[-8.376,54],[-8.375,54.004],[-8.374,54.004],[-8.373,54.004],[-8.372,54.004],[-8.371,54.005],[-8.366,54.005],[-8.315,54.005],[-8.307,54.03],[-8.303,54.038],[-8.302,54.038],[-8.301,54.039],[-8.299,54.041],[-8.296,54.043],[-8.295,54.045],[-8.255,54.05],[-8.219,54.062],[-8.217,54.067],[-8.216,54.067],[-8.216,54.068],[-8.215,54.068],[-8.22,54.077],[-8.219,54.077],[-8.219,54.078],[-8.216,54.078],[-8.22,54.083],[-8.22,54.084],[-8.219,54.084],[-8.218,54.084],[-8.217,54.084],[-8.217,54.085],[-8.217,54.084],[-8.216,54.084],[-8.215,54.084],[-8.214,54.085],[-8.213,54.085],[-8.211,54.084],[-8.209,54.086],[-8.207,54.085],[-8.206,54.085],[-8.205,54.085],[-8.204,54.085],[-8.203,54.085],[-8.203,54.086],[-8.201,54.086],[-8.194,54.088],[-8.177,54.088],[-8.171,54.096],[-8.17,54.097],[-8.169,54.098],[-8.167,54.1],[-8.167,54.101],[-8.163,54.111],[-8.162,54.112],[-8.161,54.112],[-8.161,54.113],[-8.16,54.113],[-8.159,54.113],[-8.159,54.114],[-8.158,54.114],[-8.157,54.114],[-8.156,54.114],[-8.156,54.115],[-8.155,54.115],[-8.154,54.116],[-8.148,54.124],[-8.11,54.113],[-8.109,54.111],[-8.106,54.11],[-8.106,54.109],[-8.072,54.105],[-8.071,54.105],[-8.07,54.105],[-8.067,54.105],[-8.064,54.105],[-8.063,54.105],[-8.062,54.105],[-8.053,54.105],[-8.054,54.098],[-8.055,54.093],[-8.056,54.082],[-8.057,54.078],[-8.054,54.076],[-8.05,54.074],[-8.048,54.072],[-8.05,54.069],[-8.055,54.067],[-8.055,54.066],[-8.056,54.065],[-8.057,54.065],[-8.057,54.064],[-8.058,54.063],[-8.059,54.063],[-8.059,54.062],[-8.061,54.058],[-8.075,54.052],[-8.085,54.043],[-8.085,54.042],[-8.086,54.042],[-8.086,54.041],[-8.088,54.038],[-8.089,54.037],[-8.089,54.036],[-8.09,54.036],[-8.091,54.035],[-8.091,54.034],[-8.092,54.034],[-8.091,54.034],[-8.07,53.989],[-8.002,53.988],[-7.998,53.995],[-7.995,53.998],[-7.994,53.999],[-7.993,53.999],[-7.993,54],[-7.992,54],[-7.991,54],[-7.991,54.001],[-7.99,54.001],[-7.989,54.001],[-7.988,54.001],[-7.987,54.001],[-7.986,54.002],[-7.986,54.004],[-7.966,54.014],[-7.965,54.019],[-7.944,54.014],[-7.938,54.012],[-7.934,54.013],[-7.933,54.013],[-7.933,54.014],[-7.932,54.014],[-7.933,54.015],[-7.933,54.017],[-7.93,54.019],[-7.926,54.024],[-7.928,54.026],[-7.929,54.026],[-7.924,54.028],[-7.919,54.032],[-7.917,54.046],[-7.921,54.048],[-7.923,54.048],[-7.924,54.048],[-7.925,54.048],[-7.926,54.049],[-7.927,54.049],[-7.927,54.05],[-7.924,54.053],[-7.918,54.053],[-7.92,54.056],[-7.91,54.072],[-7.912,54.08],[-7.872,54.089],[-7.871,54.089],[-7.87,54.09],[-7.87,54.091],[-7.87,54.092],[-7.87,54.093],[-7.87,54.094],[-7.87,54.095],[-7.87,54.096],[-7.869,54.096],[-7.869,54.097],[-7.868,54.097],[-7.868,54.098],[-7.867,54.098],[-7.866,54.098],[-7.869,54.105],[-7.867,54.107],[-7.866,54.107],[-7.865,54.107],[-7.864,54.108],[-7.863,54.109],[-7.866,54.11],[-7.862,54.112],[-7.861,54.113],[-7.86,54.113],[-7.859,54.113],[-7.858,54.113],[-7.858,54.114],[-7.857,54.114],[-7.856,54.114],[-7.855,54.115],[-7.854,54.115],[-7.854,54.116],[-7.853,54.116],[-7.852,54.117],[-7.851,54.117],[-7.851,54.118],[-7.852,54.118],[-7.852,54.119],[-7.861,54.123],[-7.876,54.124],[-7.892,54.137],[-7.89,54.139],[-7.89,54.14],[-7.889,54.141],[-7.888,54.142],[-7.889,54.142],[-7.89,54.142],[-7.891,54.143],[-7.892,54.143],[-7.892,54.144],[-7.893,54.144],[-7.896,54.145],[-7.899,54.147],[-7.901,54.148],[-7.903,54.151],[-7.904,54.152],[-7.905,54.154],[-7.911,54.154],[-7.912,54.154],[-7.912,54.155],[-7.913,54.156],[-7.917,54.161],[-7.926,54.167],[-7.953,54.179],[-7.969,54.177],[-7.976,54.179],[-7.978,54.178],[-7.982,54.179],[-7.983,54.179],[-7.984,54.179],[-7.985,54.179],[-7.986,54.179],[-7.987,54.179],[-7.987,54.18],[-7.989,54.18],[-7.991,54.181],[-7.992,54.182],[-7.991,54.182],[-7.992,54.182],[-7.992,54.183],[-7.992,54.182],[-7.993,54.182],[-7.993,54.183],[-7.994,54.183],[-7.995,54.183],[-7.997,54.184],[-7.997,54.185],[-7.998,54.185],[-7.999,54.185],[-8,54.185],[-8,54.186],[-8.006,54.192],[-8.028,54.19],[-8.042,54.183],[-8.045,54.186],[-8.046,54.186],[-8.048,54.187],[-8.049,54.19],[-8.048,54.191],[-8.048,54.192],[-8.047,54.192],[-8.047,54.193],[-8.047,54.195],[-8.048,54.195],[-8.049,54.195],[-8.05,54.195],[-8.051,54.195],[-8.051,54.196],[-8.051,54.198],[-8.05,54.198],[-8.047,54.202],[-8.034,54.216],[-8.044,54.222],[-8.049,54.229],[-8.049,54.23],[-8.049,54.231],[-8.05,54.232],[-8.052,54.233],[-8.058,54.236],[-8.055,54.241],[-8.054,54.242],[-8.053,54.243],[-8.052,54.244],[-8.051,54.244],[-8.05,54.244],[-8.049,54.246],[-8.046,54.249],[-8.041,54.254],[-8.01,54.248],[-8.004,54.249],[-8.002,54.251],[-8,54.253],[-7.999,54.254],[-7.998,54.254],[-7.997,54.255],[-7.996,54.255],[-7.995,54.256],[-7.994,54.256],[-7.991,54.258],[-7.974,54.274],[-7.974,54.275],[-7.975,54.275],[-7.974,54.276],[-7.974,54.277],[-7.975,54.278],[-7.974,54.278],[-7.974,54.279],[-7.975,54.279],[-7.974,54.28],[-7.975,54.28],[-7.974,54.281],[-7.973,54.281],[-7.973,54.282],[-7.973,54.283],[-7.973,54.284],[-7.972,54.284],[-7.972,54.285],[-7.971,54.285],[-7.971,54.286],[-7.968,54.287],[-7.954,54.297],[-7.953,54.298],[-7.953,54.299],[-7.951,54.3],[-7.949,54.302],[-7.946,54.304],[-7.999,54.347],[-8.057,54.366],[-8.097,54.406],[-8.154,54.437],[-8.177,54.465],[-8.221,54.473],[-8.271,54.46],[-8.322,54.473]]]},"properties":{"name":"Sligo-North Leitrim","name_ga":null,"seats":3}},{"type":"Feature","geometry":{"type":"MultiPolygon","coordinates":[[[[-9.67,53.613],[-9.704,53.595],[-9.789,53.594],[-9.872,53.625],[-9.911,53.601],[-9.968,53.601],[-9.997,53.611],[-10.049,53.609],[-10.02,53.578],[-9.963,53.571],[-9.988,53.548],[-10.014,53.567],[-10.129,53.576],[-10.158,53.557],[-10.1,53.48],[-10.058,53.457],[-10.065,53.442],[-10.133,53.451],[-10.184,53.413],[-10.105,53.41],[-10.052,53.415],[-10.037,53.391],[-9.989,53.379],[-9.935,53.379],[-9.903,53.422],[-9.866,53.389],[-9.829,53.416],[-9.792,53.394],[-9.817,53.378],[-9.889,53.369],[-9.906,53.324],[-9.882,53.312],[-9.839,53.321],[-9.774,53.3],[-9.74,53.306],[-9.697,53.36],[-9.63,53.381],[-9.647,53.343],[-9.609,53.334],[-9.598,53.36],[-9.552,53.342],[-9.62,53.327],[-9.598,53.28],[-9.63,53.25],[-9.614,53.232],[-9.578,53.247],[-9.51,53.222],[-9.456,53.232],[-9.34,53.238],[-9.224,53.25],[-9.163,53.246],[-9.039,53.27],[-8.979,53.255],[-8.989,53.219],[-8.967,53.21],[-8.912,53.214],[-8.893,53.211],[-8.873,53.213],[-8.848,53.242],[-8.794,53.256],[-8.832,53.289],[-8.75,53.342],[-8.746,53.377],[-8.838,53.406],[-8.887,53.387],[-8.997,53.408],[-9.019,53.418],[-9.102,53.403],[-9.122,53.423],[-9.185,53.425],[-9.214,53.444],[-9.26,53.45],[-9.237,53.48],[-9.236,53.499],[-9.279,53.515],[-9.289,53.54],[-9.361,53.574],[-9.481,53.562],[-9.543,53.581],[-9.565,53.613],[-9.652,53.602],[-9.67,53.613]]],[[[-9.807,53.152],[-9.796,53.133],[-9.691,53.108],[-9.665,53.119],[-9.703,53.142],[-9.807,53.152]]],[[[-9.66,53.284],[-9.724,53.263],[-9.7,53.225],[-9.643,53.239],[-9.66,53.284]]]]},"properties":{"name":"Galway West","name_ga":null,"seats":5}},{"type":"Feature","geometry":{"type":"Polygon","coordinates":[[[-8.081,53.167],[-8.062,53.188],[-8.061,53.188],[-8.059,53.189],[-8.058,53.189],[-8.058,53.19],[-8.057,53.19],[-8.056,53.191],[-8.055,53.191],[-8.054,53.191],[-8.051,53.193],[-8.049,53.194],[-8.045,53.194],[-8.044,53.194],[-8.041,53.195],[-8.037,53.195],[-8.03,53.194],[-8.028,53.195],[-8.025,53.195],[-8.025,53.196],[-8.024,53.196],[-8.023,53.196],[-8.022,53.195],[-8.021,53.195],[-8.012,53.194],[-8.011,53.194],[-8.01,53.194],[-8.009,53.194],[-8.004,53.193],[-8.003,53.193],[-8.002,53.193],[-7.993,53.193],[-7.989,53.196],[-7.987,53.198],[-7.986,53.199],[-7.984,53.201],[-7.984,53.203],[-7.974,53.21],[-7.97,53.215],[-7.97,53.221],[-7.968,53.223],[-7.968,53.224],[-7.968,53.225],[-7.967,53.226],[-7.97,53.23],[-7.971,53.231],[-7.971,53.232],[-7.971,53.233],[-7.972,53.233],[-7.974,53.235],[-7.975,53.235],[-7.977,53.236],[-7.979,53.237],[-7.979,53.238],[-7.98,53.239],[-7.981,53.239],[-7.983,53.24],[-8.009,53.251],[-8.011,53.252],[-8.015,53.252],[-8.018,53.252],[-8.021,53.252],[-8.024,53.253],[-8.025,53.253],[-8.026,53.253],[-8.027,53.253],[-8.028,53.253],[-8.028,53.254],[-8.028,53.255],[-8.028,53.257],[-8.029,53.257],[-8.029,53.258],[-8.028,53.261],[-8.029,53.261],[-8.029,53.262],[-8.029,53.263],[-8.03,53.263],[-8.03,53.264],[-8.044,53.272],[-8.056,53.274],[-8.174,53.288],[-8.18,53.291],[-8.183,53.3],[-8.184,53.301],[-8.185,53.301],[-8.186,53.301],[-8.187,53.301],[-8.188,53.301],[-8.188,53.302],[-8.188,53.303],[-8.187,53.304],[-8.19,53.307],[-8.195,53.308],[-8.195,53.309],[-8.194,53.31],[-8.19,53.313],[-8.187,53.322],[-8.188,53.325],[-8.189,53.326],[-8.189,53.327],[-8.188,53.336],[-8.193,53.336],[-8.194,53.336],[-8.197,53.341],[-8.197,53.342],[-8.198,53.342],[-8.198,53.344],[-8.199,53.346],[-8.199,53.347],[-8.2,53.347],[-8.2,53.348],[-8.201,53.348],[-8.202,53.348],[-8.203,53.348],[-8.204,53.348],[-8.206,53.348],[-8.209,53.345],[-8.21,53.345],[-8.212,53.345],[-8.212,53.344],[-8.213,53.344],[-8.214,53.344],[-8.216,53.347],[-8.219,53.347],[-8.22,53.347],[-8.221,53.348],[-8.222,53.348],[-8.232,53.35],[-8.231,53.35],[-8.231,53.351],[-8.23,53.351],[-8.23,53.352],[-8.227,53.356],[-8.237,53.358],[-8.246,53.374],[-8.243,53.376],[-8.242,53.377],[-8.241,53.378],[-8.239,53.379],[-8.239,53.38],[-8.238,53.38],[-8.238,53.381],[-8.237,53.381],[-8.237,53.38],[-8.236,53.38],[-8.236,53.381],[-8.235,53.381],[-8.235,53.382],[-8.234,53.382],[-8.236,53.383],[-8.235,53.383],[-8.234,53.384],[-8.233,53.384],[-8.233,53.385],[-8.232,53.385],[-8.231,53.385],[-8.231,53.386],[-8.23,53.386],[-8.227,53.391],[-8.225,53.397],[-8.254,53.412],[-8.257,53.414],[-8.258,53.416],[-8.257,53.42],[-8.259,53.422],[-8.259,53.425],[-8.259,53.426],[-8.259,53.427],[-8.261,53.429],[-8.262,53.429],[-8.263,53.429],[-8.263,53.43],[-8.24,53.439],[-8.239,53.441],[-8.239,53.442],[-8.239,53.443],[-8.238,53.445],[-8.263,53.456],[-8.286,53.471],[-8.287,53.472],[-8.287,53.473],[-8.275,53.481],[-8.275,53.494],[-8.293,53.509],[-8.292,53.515],[-8.291,53.515],[-8.29,53.516],[-8.291,53.518],[-8.277,53.524],[-8.294,53.531],[-8.291,53.535],[-8.29,53.535],[-8.289,53.535],[-8.289,53.536],[-8.288,53.536],[-8.287,53.536],[-8.285,53.537],[-8.285,53.538],[-8.286,53.538],[-8.286,53.539],[-8.287,53.539],[-8.29,53.54],[-8.296,53.542],[-8.297,53.542],[-8.297,53.543],[-8.292,53.545],[-8.298,53.548],[-8.299,53.55],[-8.299,53.551],[-8.298,53.551],[-8.298,53.552],[-8.296,53.554],[-8.297,53.555],[-8.298,53.556],[-8.299,53.556],[-8.3,53.556],[-8.305,53.561],[-8.304,53.564],[-8.297,53.566],[-8.288,53.562],[-8.283,53.565],[-8.308,53.578],[-8.354,53.599],[-8.361,53.598],[-8.364,53.6],[-8.365,53.601],[-8.366,53.601],[-8.367,53.601],[-8.368,53.601],[-8.379,53.599],[-8.383,53.604],[-8.384,53.607],[-8.383,53.61],[-8.382,53.611],[-8.381,53.611],[-8.38,53.611],[-8.38,53.613],[-8.38,53.616],[-8.379,53.616],[-8.379,53.617],[-8.38,53.617],[-8.381,53.617],[-8.381,53.618],[-8.393,53.64],[-8.428,53.67],[-8.447,53.688],[-8.449,53.698],[-8.445,53.702],[-8.447,53.705],[-8.448,53.705],[-8.449,53.705],[-8.453,53.706],[-8.453,53.708],[-8.461,53.713],[-8.47,53.715],[-8.483,53.716],[-8.484,53.716],[-8.485,53.716],[-8.487,53.716],[-8.488,53.716],[-8.52,53.712],[-8.551,53.719],[-8.574,53.719],[-8.581,53.714],[-8.583,53.714],[-8.583,53.713],[-8.582,53.71],[-8.581,53.709],[-8.604,53.71],[-8.635,53.704],[-8.634,53.701],[-8.64,53.698],[-8.644,53.694],[-8.645,53.694],[-8.645,53.693],[-8.644,53.693],[-8.643,53.692],[-8.643,53.691],[-8.642,53.69],[-8.641,53.69],[-8.641,53.689],[-8.641,53.686],[-8.656,53.677],[-8.694,53.671],[-8.696,53.671],[-8.697,53.67],[-8.698,53.67],[-8.702,53.669],[-8.714,53.666],[-8.723,53.665],[-8.749,53.662],[-8.801,53.657],[-8.823,53.665],[-8.843,53.653],[-8.971,53.655],[-8.98,53.605],[-9.007,53.584],[-9.044,53.576],[-9.025,53.551],[-9.039,53.536],[-9.094,53.515],[-9.137,53.477],[-9.182,53.472],[-9.237,53.48],[-9.26,53.45],[-9.214,53.444],[-9.185,53.425],[-9.122,53.423],[-9.102,53.403],[-9.019,53.418],[-8.997,53.408],[-8.887,53.387],[-8.838,53.406],[-8.746,53.377],[-8.75,53.342],[-8.832,53.289],[-8.794,53.256],[-8.848,53.242],[-8.873,53.213],[-8.882,53.209],[-8.927,53.208],[-8.955,53.177],[-9.054,53.165],[-9.009,53.141],[-9.019,53.111],[-8.89,53.056],[-8.899,53.008],[-8.883,52.977],[-8.846,52.983],[-8.784,52.973],[-8.72,53.025],[-8.635,53.042],[-8.554,53.042],[-8.485,52.989],[-8.45,52.972],[-8.407,52.994],[-8.359,52.971],[-8.317,52.985],[-8.315,52.988],[-8.313,52.991],[-8.307,53],[-8.305,53.003],[-8.302,53.007],[-8.302,53.008],[-8.299,53.009],[-8.297,53.01],[-8.278,53.019],[-8.278,53.02],[-8.272,53.03],[-8.27,53.035],[-8.269,53.037],[-8.268,53.056],[-8.265,53.057],[-8.261,53.059],[-8.26,53.059],[-8.249,53.063],[-8.246,53.064],[-8.243,53.064],[-8.239,53.065],[-8.238,53.065],[-8.234,53.065],[-8.231,53.066],[-8.223,53.067],[-8.219,53.068],[-8.214,53.077],[-8.214,53.078],[-8.198,53.084],[-8.197,53.087],[-8.197,53.088],[-8.198,53.088],[-8.198,53.089],[-8.197,53.089],[-8.197,53.09],[-8.189,53.095],[-8.174,53.112],[-8.172,53.113],[-8.169,53.114],[-8.169,53.115],[-8.171,53.123],[-8.148,53.145],[-8.124,53.16],[-8.081,53.167]]]},"properties":{"name":"Galway East","name_ga":null,"seats":4}},{"type":"Feature","geometry":{"type":"Polygon","coordinates":[[[-8.48,52.757],[-8.483,52.755],[-8.489,52.753],[-8.492,52.754],[-8.503,52.751],[-8.504,52.751],[-8.505,52.75],[-8.506,52.75],[-8.507,52.749],[-8.508,52.748],[-8.509,52.746],[-8.507,52.735],[-8.504,52.73],[-8.506,52.727],[-8.508,52.726],[-8.502,52.719],[-8.544,52.682],[-8.567,52.676],[-8.575,52.678],[-8.576,52.678],[-8.577,52.678],[-8.582,52.678],[-8.59,52.67],[-8.591,52.67],[-8.591,52.669],[-8.592,52.669],[-8.594,52.67],[-8.597,52.675],[-8.595,52.679],[-8.595,52.681],[-8.596,52.682],[-8.596,52.685],[-8.592,52.688],[-8.592,52.687],[-8.591,52.687],[-8.59,52.687],[-8.589,52.688],[-8.588,52.688],[-8.587,52.688],[-8.578,52.705],[-8.596,52.725],[-8.633,52.72],[-8.631,52.706],[-8.634,52.705],[-8.635,52.704],[-8.636,52.703],[-8.64,52.704],[-8.643,52.703],[-8.643,52.702],[-8.643,52.699],[-8.643,52.698],[-8.643,52.697],[-8.641,52.696],[-8.641,52.694],[-8.639,52.693],[-8.639,52.692],[-8.639,52.691],[-8.637,52.689],[-8.636,52.688],[-8.64,52.687],[-8.641,52.688],[-8.642,52.688],[-8.643,52.688],[-8.644,52.689],[-8.647,52.689],[-8.654,52.69],[-8.689,52.676],[-8.698,52.675],[-8.699,52.675],[-8.7,52.675],[-8.7,52.676],[-8.701,52.676],[-8.702,52.676],[-8.704,52.676],[-8.705,52.675],[-8.706,52.674],[-8.705,52.673],[-8.705,52.672],[-8.707,52.671],[-8.708,52.671],[-8.709,52.671],[-8.708,52.671],[-8.707,52.67],[-8.706,52.668],[-8.705,52.648],[-8.725,52.638],[-8.721,52.636],[-8.718,52.626],[-8.655,52.614],[-8.65,52.618],[-8.646,52.617],[-8.644,52.618],[-8.592,52.639],[-8.586,52.609],[-8.568,52.594],[-8.563,52.594],[-8.555,52.596],[-8.544,52.603],[-8.543,52.61],[-8.544,52.611],[-8.534,52.613],[-8.509,52.623],[-8.505,52.622],[-8.477,52.62],[-8.468,52.622],[-8.457,52.621],[-8.456,52.621],[-8.455,52.621],[-8.453,52.623],[-8.444,52.634],[-8.47,52.636],[-8.475,52.637],[-8.473,52.637],[-8.475,52.642],[-8.462,52.645],[-8.457,52.648],[-8.464,52.659],[-8.465,52.659],[-8.47,52.668],[-8.465,52.678],[-8.458,52.68],[-8.456,52.683],[-8.454,52.683],[-8.453,52.684],[-8.451,52.685],[-8.45,52.686],[-8.45,52.687],[-8.453,52.69],[-8.455,52.692],[-8.457,52.699],[-8.469,52.71],[-8.47,52.721],[-8.47,52.739],[-8.475,52.747],[-8.476,52.753],[-8.479,52.756],[-8.48,52.757]]]},"properties":{"name":"Limerick City","name_ga":null,"seats":4}},{"type":"Feature","geometry":{"type":"Polygon","coordinates":[[[-8.556,52.305],[-8.556,52.304],[-8.555,52.303],[-8.551,52.298],[-8.548,52.294],[-8.548,52.293],[-8.547,52.292],[-8.544,52.29],[-8.543,52.29],[-8.543,52.289],[-8.542,52.289],[-8.541,52.289],[-8.54,52.289],[-8.538,52.288],[-8.535,52.287],[-8.505,52.28],[-8.504,52.281],[-8.495,52.283],[-8.49,52.284],[-8.453,52.288],[-8.441,52.293],[-8.426,52.293],[-8.416,52.294],[-8.411,52.294],[-8.41,52.294],[-8.409,52.294],[-8.402,52.294],[-8.399,52.294],[-8.398,52.294],[-8.397,52.294],[-8.396,52.294],[-8.392,52.294],[-8.39,52.294],[-8.389,52.294],[-8.386,52.295],[-8.386,52.296],[-8.385,52.297],[-8.384,52.298],[-8.385,52.301],[-8.381,52.304],[-8.364,52.309],[-8.363,52.32],[-8.352,52.322],[-8.348,52.326],[-8.345,52.326],[-8.344,52.326],[-8.344,52.327],[-8.343,52.327],[-8.341,52.329],[-8.334,52.328],[-8.333,52.327],[-8.333,52.326],[-8.333,52.325],[-8.332,52.325],[-8.332,52.322],[-8.333,52.321],[-8.333,52.32],[-8.334,52.32],[-8.333,52.32],[-8.331,52.32],[-8.328,52.32],[-8.327,52.32],[-8.326,52.32],[-8.324,52.319],[-8.312,52.322],[-8.31,52.315],[-8.299,52.302],[-8.297,52.295],[-8.285,52.287],[-8.251,52.296],[-8.229,52.296],[-8.22,52.294],[-8.213,52.294],[-8.212,52.294],[-8.211,52.294],[-8.21,52.294],[-8.209,52.295],[-8.207,52.294],[-8.201,52.29],[-8.196,52.287],[-8.188,52.288],[-8.186,52.288],[-8.185,52.288],[-8.184,52.288],[-8.183,52.288],[-8.169,52.292],[-8.168,52.368],[-8.193,52.364],[-8.228,52.386],[-8.232,52.411],[-8.283,52.401],[-8.314,52.436],[-8.394,52.441],[-8.396,52.484],[-8.36,52.511],[-8.319,52.506],[-8.286,52.522],[-8.24,52.512],[-8.224,52.572],[-8.237,52.581],[-8.214,52.595],[-8.215,52.632],[-8.229,52.665],[-8.253,52.682],[-8.306,52.694],[-8.361,52.679],[-8.407,52.69],[-8.428,52.678],[-8.442,52.686],[-8.447,52.686],[-8.449,52.686],[-8.45,52.686],[-8.451,52.685],[-8.453,52.684],[-8.454,52.683],[-8.456,52.683],[-8.458,52.68],[-8.465,52.678],[-8.47,52.668],[-8.465,52.659],[-8.464,52.659],[-8.457,52.648],[-8.462,52.645],[-8.475,52.642],[-8.473,52.637],[-8.475,52.637],[-8.47,52.636],[-8.444,52.634],[-8.453,52.623],[-8.455,52.621],[-8.456,52.621],[-8.457,52.621],[-8.468,52.622],[-8.477,52.62],[-8.505,52.622],[-8.509,52.623],[-8.534,52.613],[-8.544,52.611],[-8.543,52.61],[-8.544,52.603],[-8.555,52.596],[-8.563,52.594],[-8.568,52.594],[-8.586,52.609],[-8.592,52.639],[-8.644,52.618],[-8.646,52.617],[-8.65,52.618],[-8.655,52.614],[-8.718,52.626],[-8.721,52.636],[-8.725,52.638],[-8.705,52.648],[-8.706,52.668],[-8.707,52.67],[-8.708,52.671],[-8.709,52.671],[-8.71,52.671],[-8.711,52.671],[-8.712,52.672],[-8.713,52.672],[-8.714,52.672],[-8.714,52.673],[-8.715,52.673],[-8.716,52.673],[-8.718,52.673],[-8.721,52.673],[-8.723,52.674],[-8.724,52.674],[-8.725,52.674],[-8.727,52.674],[-8.73,52.674],[-8.744,52.676],[-8.75,52.676],[-8.752,52.676],[-8.761,52.675],[-8.77,52.671],[-8.772,52.671],[-8.773,52.67],[-8.776,52.669],[-8.777,52.669],[-8.779,52.669],[-8.781,52.669],[-8.788,52.669],[-8.792,52.669],[-8.794,52.669],[-8.796,52.67],[-8.797,52.67],[-8.798,52.67],[-8.799,52.671],[-8.801,52.671],[-8.802,52.671],[-8.802,52.672],[-8.803,52.672],[-8.833,52.68],[-8.864,52.678],[-8.888,52.675],[-8.896,52.674],[-8.901,52.674],[-8.902,52.673],[-8.906,52.673],[-8.911,52.673],[-8.926,52.671],[-8.934,52.671],[-8.938,52.671],[-8.946,52.67],[-8.961,52.669],[-8.964,52.668],[-8.966,52.667],[-8.971,52.666],[-8.973,52.666],[-9.017,52.65],[-9.018,52.65],[-9.019,52.65],[-9.021,52.649],[-9.047,52.652],[-9.073,52.65],[-9.074,52.649],[-9.075,52.649],[-9.085,52.645],[-9.103,52.638],[-9.124,52.633],[-9.149,52.615],[-9.152,52.614],[-9.156,52.613],[-9.165,52.611],[-9.167,52.611],[-9.193,52.611],[-9.196,52.611],[-9.201,52.61],[-9.229,52.608],[-9.199,52.567],[-9.191,52.55],[-9.191,52.548],[-9.192,52.547],[-9.191,52.547],[-9.19,52.546],[-9.19,52.545],[-9.191,52.545],[-9.191,52.543],[-9.193,52.541],[-9.192,52.529],[-9.193,52.529],[-9.188,52.526],[-9.178,52.523],[-9.178,52.52],[-9.176,52.519],[-9.151,52.521],[-9.085,52.514],[-9.039,52.499],[-9.038,52.499],[-9.038,52.498],[-9.041,52.492],[-9.018,52.47],[-9.025,52.463],[-9.035,52.467],[-9.038,52.467],[-9.039,52.467],[-9.04,52.467],[-9.04,52.468],[-9.041,52.468],[-9.041,52.469],[-9.041,52.47],[-9.042,52.47],[-9.042,52.471],[-9.043,52.471],[-9.045,52.471],[-9.046,52.472],[-9.05,52.473],[-9.061,52.479],[-9.068,52.471],[-9.08,52.47],[-9.082,52.468],[-9.082,52.467],[-9.083,52.467],[-9.083,52.466],[-9.083,52.467],[-9.099,52.462],[-9.106,52.461],[-9.117,52.465],[-9.118,52.465],[-9.118,52.464],[-9.118,52.463],[-9.118,52.46],[-9.119,52.46],[-9.12,52.46],[-9.12,52.459],[-9.121,52.459],[-9.121,52.458],[-9.122,52.458],[-9.121,52.458],[-9.122,52.458],[-9.122,52.457],[-9.121,52.457],[-9.121,52.456],[-9.122,52.456],[-9.122,52.455],[-9.121,52.454],[-9.119,52.453],[-9.119,52.454],[-9.119,52.453],[-9.118,52.453],[-9.117,52.453],[-9.116,52.453],[-9.116,52.454],[-9.116,52.453],[-9.115,52.453],[-9.11,52.452],[-9.109,52.452],[-9.106,52.451],[-9.105,52.451],[-9.104,52.451],[-9.103,52.451],[-9.102,52.451],[-9.101,52.451],[-9.101,52.45],[-9.102,52.45],[-9.103,52.45],[-9.103,52.449],[-9.104,52.449],[-9.103,52.449],[-9.102,52.448],[-9.102,52.449],[-9.101,52.449],[-9.1,52.449],[-9.099,52.449],[-9.098,52.449],[-9.096,52.449],[-9.095,52.45],[-9.092,52.45],[-9.089,52.45],[-9.09,52.447],[-9.085,52.444],[-9.084,52.444],[-9.084,52.443],[-9.083,52.443],[-9.083,52.442],[-9.084,52.442],[-9.084,52.441],[-9.085,52.441],[-9.084,52.44],[-9.085,52.44],[-9.086,52.44],[-9.087,52.44],[-9.088,52.44],[-9.089,52.439],[-9.091,52.439],[-9.092,52.438],[-9.093,52.438],[-9.098,52.436],[-9.095,52.432],[-9.094,52.43],[-9.094,52.429],[-9.094,52.428],[-9.092,52.426],[-9.091,52.426],[-9.09,52.425],[-9.089,52.425],[-9.088,52.425],[-9.088,52.424],[-9.087,52.424],[-9.086,52.424],[-9.085,52.424],[-9.083,52.425],[-9.083,52.427],[-9.082,52.429],[-9.081,52.429],[-9.08,52.43],[-9.079,52.43],[-9.078,52.429],[-9.077,52.429],[-9.077,52.428],[-9.076,52.428],[-9.076,52.427],[-9.074,52.427],[-9.072,52.418],[-9.065,52.417],[-9.058,52.42],[-9.057,52.418],[-9.056,52.418],[-9.056,52.417],[-9.057,52.417],[-9.058,52.417],[-9.058,52.416],[-9.058,52.415],[-9.057,52.415],[-9.056,52.415],[-9.056,52.414],[-9.049,52.412],[-9.046,52.407],[-9.035,52.406],[-9.029,52.4],[-9.032,52.397],[-9.032,52.395],[-9.034,52.394],[-9.035,52.394],[-9.035,52.393],[-9.036,52.392],[-9.036,52.391],[-9.037,52.391],[-9.037,52.39],[-9.038,52.389],[-9.038,52.388],[-9.039,52.388],[-9.039,52.387],[-9.049,52.386],[-9.05,52.386],[-9.052,52.388],[-9.06,52.389],[-9.061,52.389],[-9.061,52.388],[-9.062,52.388],[-9.063,52.388],[-9.063,52.387],[-9.063,52.388],[-9.064,52.388],[-9.065,52.388],[-9.066,52.388],[-9.069,52.391],[-9.084,52.371],[-9.086,52.371],[-9.086,52.37],[-9.087,52.37],[-9.087,52.369],[-9.089,52.368],[-9.09,52.367],[-9.098,52.363],[-9.113,52.362],[-9.115,52.362],[-9.116,52.362],[-9.117,52.362],[-9.118,52.362],[-9.119,52.362],[-9.12,52.362],[-9.121,52.363],[-9.122,52.363],[-9.123,52.363],[-9.124,52.363],[-9.125,52.363],[-9.128,52.364],[-9.129,52.364],[-9.13,52.364],[-9.13,52.365],[-9.13,52.364],[-9.13,52.363],[-9.131,52.362],[-9.132,52.359],[-9.135,52.357],[-9.135,52.356],[-9.135,52.357],[-9.136,52.357],[-9.136,52.356],[-9.136,52.355],[-9.137,52.355],[-9.137,52.354],[-9.137,52.352],[-9.137,52.351],[-9.137,52.35],[-9.138,52.349],[-9.138,52.348],[-9.137,52.348],[-9.137,52.347],[-9.136,52.347],[-9.136,52.346],[-9.136,52.345],[-9.136,52.344],[-9.134,52.344],[-9.133,52.342],[-9.125,52.339],[-9.12,52.338],[-9.113,52.333],[-9.075,52.331],[-8.986,52.311],[-8.883,52.332],[-8.882,52.347],[-8.777,52.387],[-8.724,52.371],[-8.674,52.384],[-8.662,52.352],[-8.624,52.344],[-8.605,52.323],[-8.558,52.307],[-8.557,52.305],[-8.556,52.305]]]},"properties":{"name":"Limerick","name_ga":null,"seats":3}},{"type":"Feature","geometry":{"type":"Polygon","coordinates":[[[-8.48,52.757],[-8.479,52.758],[-8.478,52.758],[-8.477,52.759],[-8.476,52.763],[-8.469,52.767],[-8.469,52.768],[-8.469,52.769],[-8.467,52.771],[-8.466,52.771],[-8.466,52.772],[-8.465,52.774],[-8.464,52.775],[-8.463,52.776],[-8.462,52.777],[-8.443,52.787],[-8.439,52.792],[-8.437,52.797],[-8.437,52.8],[-8.437,52.801],[-8.437,52.802],[-8.437,52.803],[-8.437,52.805],[-8.437,52.806],[-8.437,52.807],[-8.438,52.807],[-8.441,52.809],[-8.448,52.811],[-8.449,52.812],[-8.449,52.813],[-8.449,52.814],[-8.449,52.815],[-8.45,52.817],[-8.449,52.817],[-8.449,52.818],[-8.449,52.819],[-8.449,52.82],[-8.449,52.821],[-8.45,52.821],[-8.452,52.824],[-8.452,52.827],[-8.455,52.843],[-8.455,52.844],[-8.455,52.845],[-8.455,52.846],[-8.455,52.847],[-8.418,52.875],[-8.413,52.893],[-8.412,52.897],[-8.412,52.899],[-8.411,52.9],[-8.41,52.904],[-8.41,52.905],[-8.409,52.908],[-8.408,52.911],[-8.408,52.913],[-8.398,52.914],[-8.373,52.916],[-8.368,52.917],[-8.366,52.916],[-8.358,52.916],[-8.354,52.916],[-8.353,52.916],[-8.352,52.916],[-8.348,52.916],[-8.346,52.916],[-8.343,52.915],[-8.34,52.915],[-8.339,52.915],[-8.338,52.915],[-8.334,52.919],[-8.329,52.923],[-8.314,52.936],[-8.284,52.973],[-8.31,52.977],[-8.312,52.979],[-8.312,52.98],[-8.314,52.982],[-8.316,52.984],[-8.316,52.985],[-8.317,52.985],[-8.359,52.971],[-8.407,52.994],[-8.45,52.972],[-8.485,52.989],[-8.554,53.042],[-8.635,53.042],[-8.72,53.025],[-8.784,52.973],[-8.846,52.983],[-8.883,52.977],[-8.899,53.008],[-8.89,53.056],[-9.019,53.111],[-9.009,53.141],[-9.053,53.158],[-9.12,53.152],[-9.152,53.119],[-9.187,53.135],[-9.265,53.154],[-9.292,53.133],[-9.31,53.092],[-9.355,53.075],[-9.364,53.051],[-9.409,53.019],[-9.429,52.97],[-9.474,52.943],[-9.4,52.933],[-9.347,52.932],[-9.39,52.897],[-9.434,52.882],[-9.434,52.833],[-9.49,52.807],[-9.483,52.775],[-9.511,52.745],[-9.557,52.752],[-9.607,52.744],[-9.666,52.682],[-9.803,52.618],[-9.81,52.603],[-9.913,52.576],[-9.878,52.558],[-9.845,52.572],[-9.812,52.565],[-9.747,52.58],[-9.68,52.573],[-9.635,52.599],[-9.437,52.596],[-9.357,52.601],[-9.338,52.583],[-9.294,52.58],[-9.229,52.608],[-9.201,52.61],[-9.196,52.611],[-9.193,52.611],[-9.167,52.611],[-9.165,52.611],[-9.156,52.613],[-9.152,52.614],[-9.149,52.615],[-9.124,52.633],[-9.103,52.638],[-9.085,52.645],[-9.075,52.649],[-9.074,52.649],[-9.073,52.65],[-9.047,52.652],[-9.021,52.649],[-9.019,52.65],[-9.018,52.65],[-9.017,52.65],[-8.973,52.666],[-8.971,52.666],[-8.966,52.667],[-8.964,52.668],[-8.961,52.669],[-8.946,52.67],[-8.938,52.671],[-8.934,52.671],[-8.926,52.671],[-8.911,52.673],[-8.906,52.673],[-8.902,52.673],[-8.901,52.674],[-8.896,52.674],[-8.888,52.675],[-8.864,52.678],[-8.833,52.68],[-8.803,52.672],[-8.802,52.672],[-8.802,52.671],[-8.801,52.671],[-8.799,52.671],[-8.798,52.67],[-8.797,52.67],[-8.796,52.67],[-8.794,52.669],[-8.792,52.669],[-8.788,52.669],[-8.781,52.669],[-8.779,52.669],[-8.777,52.669],[-8.776,52.669],[-8.773,52.67],[-8.772,52.671],[-8.77,52.671],[-8.761,52.675],[-8.752,52.676],[-8.75,52.676],[-8.744,52.676],[-8.73,52.674],[-8.727,52.674],[-8.725,52.674],[-8.724,52.674],[-8.723,52.674],[-8.721,52.673],[-8.718,52.673],[-8.716,52.673],[-8.715,52.673],[-8.714,52.673],[-8.714,52.672],[-8.713,52.672],[-8.712,52.672],[-8.711,52.671],[-8.71,52.671],[-8.709,52.671],[-8.708,52.671],[-8.707,52.671],[-8.705,52.672],[-8.705,52.673],[-8.706,52.674],[-8.705,52.675],[-8.704,52.676],[-8.702,52.676],[-8.701,52.676],[-8.7,52.676],[-8.7,52.675],[-8.699,52.675],[-8.698,52.675],[-8.689,52.676],[-8.654,52.69],[-8.647,52.689],[-8.644,52.689],[-8.643,52.688],[-8.642,52.688],[-8.641,52.688],[-8.64,52.687],[-8.636,52.688],[-8.637,52.689],[-8.639,52.691],[-8.639,52.692],[-8.639,52.693],[-8.641,52.694],[-8.641,52.696],[-8.643,52.697],[-8.643,52.698],[-8.643,52.699],[-8.643,52.702],[-8.643,52.703],[-8.64,52.704],[-8.636,52.703],[-8.635,52.704],[-8.634,52.705],[-8.631,52.706],[-8.633,52.72],[-8.596,52.725],[-8.578,52.705],[-8.587,52.688],[-8.588,52.688],[-8.589,52.688],[-8.59,52.687],[-8.591,52.687],[-8.592,52.687],[-8.592,52.688],[-8.596,52.685],[-8.596,52.682],[-8.595,52.681],[-8.595,52.679],[-8.597,52.675],[-8.594,52.67],[-8.592,52.669],[-8.591,52.669],[-8.591,52.67],[-8.59,52.67],[-8.582,52.678],[-8.577,52.678],[-8.576,52.678],[-8.575,52.678],[-8.567,52.676],[-8.544,52.682],[-8.502,52.719],[-8.508,52.726],[-8.506,52.727],[-8.504,52.73],[-8.507,52.735],[-8.509,52.746],[-8.508,52.748],[-8.507,52.749],[-8.506,52.75],[-8.505,52.75],[-8.504,52.751],[-8.503,52.751],[-8.492,52.754],[-8.489,52.753],[-8.483,52.755],[-8.48,52.757]]]},"properties":{"name":"Clare","name_ga":null,"seats":4}},{"type":"Feature","geometry":{"type":"Polygon","coordinates":[[[-9.229,52.608],[-9.294,52.58],[-9.338,52.583],[-9.357,52.601],[-9.437,52.596],[-9.635,52.599],[-9.68,52.573],[-9.661,52.557],[-9.695,52.48],[-9.74,52.47],[-9.768,52.449],[-9.866,52.427],[-9.914,52.431],[-9.941,52.404],[-9.838,52.39],[-9.835,52.325],[-9.868,52.301],[-9.835,52.276],[-9.753,52.268],[-9.767,52.248],[-9.772,52.218],[-9.744,52.209],[-9.666,52.216],[-9.643,52.226],[-9.583,52.217],[-9.539,52.222],[-9.463,52.263],[-9.421,52.265],[-9.422,52.232],[-9.315,52.222],[-9.3,52.222],[-9.283,52.227],[-9.276,52.228],[-9.275,52.228],[-9.274,52.228],[-9.273,52.228],[-9.274,52.228],[-9.274,52.229],[-9.276,52.23],[-9.274,52.255],[-9.216,52.282],[-9.215,52.283],[-9.214,52.283],[-9.212,52.285],[-9.211,52.29],[-9.217,52.295],[-9.21,52.307],[-9.193,52.308],[-9.186,52.31],[-9.177,52.311],[-9.175,52.312],[-9.174,52.312],[-9.175,52.312],[-9.174,52.312],[-9.174,52.313],[-9.174,52.314],[-9.175,52.316],[-9.175,52.319],[-9.174,52.319],[-9.172,52.32],[-9.172,52.319],[-9.171,52.319],[-9.17,52.319],[-9.169,52.319],[-9.169,52.32],[-9.168,52.319],[-9.168,52.32],[-9.167,52.32],[-9.167,52.319],[-9.166,52.32],[-9.166,52.319],[-9.165,52.32],[-9.164,52.32],[-9.163,52.32],[-9.161,52.32],[-9.159,52.322],[-9.14,52.333],[-9.138,52.336],[-9.138,52.337],[-9.138,52.338],[-9.138,52.339],[-9.138,52.341],[-9.138,52.342],[-9.137,52.343],[-9.137,52.344],[-9.136,52.344],[-9.136,52.345],[-9.136,52.346],[-9.136,52.347],[-9.137,52.347],[-9.137,52.348],[-9.138,52.348],[-9.138,52.349],[-9.137,52.35],[-9.137,52.351],[-9.137,52.352],[-9.137,52.354],[-9.137,52.355],[-9.136,52.355],[-9.136,52.356],[-9.136,52.357],[-9.135,52.357],[-9.135,52.356],[-9.135,52.357],[-9.132,52.359],[-9.131,52.362],[-9.13,52.363],[-9.13,52.364],[-9.13,52.365],[-9.13,52.364],[-9.129,52.364],[-9.128,52.364],[-9.125,52.363],[-9.124,52.363],[-9.123,52.363],[-9.122,52.363],[-9.121,52.363],[-9.12,52.362],[-9.119,52.362],[-9.118,52.362],[-9.117,52.362],[-9.116,52.362],[-9.115,52.362],[-9.113,52.362],[-9.098,52.363],[-9.09,52.367],[-9.089,52.368],[-9.087,52.369],[-9.087,52.37],[-9.086,52.37],[-9.086,52.371],[-9.084,52.371],[-9.069,52.391],[-9.066,52.388],[-9.065,52.388],[-9.064,52.388],[-9.063,52.388],[-9.063,52.387],[-9.063,52.388],[-9.062,52.388],[-9.061,52.388],[-9.061,52.389],[-9.06,52.389],[-9.052,52.388],[-9.05,52.386],[-9.049,52.386],[-9.039,52.387],[-9.039,52.388],[-9.038,52.388],[-9.038,52.389],[-9.037,52.39],[-9.037,52.391],[-9.036,52.391],[-9.036,52.392],[-9.035,52.393],[-9.035,52.394],[-9.034,52.394],[-9.032,52.395],[-9.032,52.397],[-9.029,52.4],[-9.035,52.406],[-9.046,52.407],[-9.049,52.412],[-9.056,52.414],[-9.056,52.415],[-9.057,52.415],[-9.058,52.415],[-9.058,52.416],[-9.058,52.417],[-9.057,52.417],[-9.056,52.417],[-9.056,52.418],[-9.057,52.418],[-9.058,52.42],[-9.065,52.417],[-9.072,52.418],[-9.074,52.427],[-9.076,52.427],[-9.076,52.428],[-9.077,52.428],[-9.077,52.429],[-9.078,52.429],[-9.079,52.43],[-9.08,52.43],[-9.081,52.429],[-9.082,52.429],[-9.083,52.427],[-9.083,52.425],[-9.085,52.424],[-9.086,52.424],[-9.087,52.424],[-9.088,52.424],[-9.088,52.425],[-9.089,52.425],[-9.09,52.425],[-9.091,52.426],[-9.092,52.426],[-9.094,52.428],[-9.094,52.429],[-9.094,52.43],[-9.095,52.432],[-9.098,52.436],[-9.093,52.438],[-9.092,52.438],[-9.091,52.439],[-9.089,52.439],[-9.088,52.44],[-9.087,52.44],[-9.086,52.44],[-9.085,52.44],[-9.084,52.44],[-9.085,52.441],[-9.084,52.441],[-9.084,52.442],[-9.083,52.442],[-9.083,52.443],[-9.084,52.443],[-9.084,52.444],[-9.085,52.444],[-9.09,52.447],[-9.089,52.45],[-9.092,52.45],[-9.095,52.45],[-9.096,52.449],[-9.098,52.449],[-9.099,52.449],[-9.1,52.449],[-9.101,52.449],[-9.102,52.449],[-9.102,52.448],[-9.103,52.449],[-9.104,52.449],[-9.103,52.449],[-9.103,52.45],[-9.102,52.45],[-9.101,52.45],[-9.101,52.451],[-9.102,52.451],[-9.103,52.451],[-9.104,52.451],[-9.105,52.451],[-9.106,52.451],[-9.109,52.452],[-9.11,52.452],[-9.115,52.453],[-9.116,52.453],[-9.116,52.454],[-9.116,52.453],[-9.117,52.453],[-9.118,52.453],[-9.119,52.453],[-9.119,52.454],[-9.119,52.453],[-9.121,52.454],[-9.122,52.455],[-9.122,52.456],[-9.121,52.456],[-9.121,52.457],[-9.122,52.457],[-9.122,52.458],[-9.121,52.458],[-9.122,52.458],[-9.121,52.458],[-9.121,52.459],[-9.12,52.459],[-9.12,52.46],[-9.119,52.46],[-9.118,52.46],[-9.118,52.463],[-9.118,52.464],[-9.118,52.465],[-9.117,52.465],[-9.106,52.461],[-9.099,52.462],[-9.083,52.467],[-9.083,52.466],[-9.083,52.467],[-9.082,52.467],[-9.082,52.468],[-9.08,52.47],[-9.068,52.471],[-9.061,52.479],[-9.05,52.473],[-9.046,52.472],[-9.045,52.471],[-9.043,52.471],[-9.042,52.471],[-9.042,52.47],[-9.041,52.47],[-9.041,52.469],[-9.041,52.468],[-9.04,52.468],[-9.04,52.467],[-9.039,52.467],[-9.038,52.467],[-9.035,52.467],[-9.025,52.463],[-9.018,52.47],[-9.041,52.492],[-9.038,52.498],[-9.038,52.499],[-9.039,52.499],[-9.085,52.514],[-9.151,52.521],[-9.176,52.519],[-9.178,52.52],[-9.178,52.523],[-9.188,52.526],[-9.193,52.529],[-9.192,52.529],[-9.193,52.541],[-9.191,52.543],[-9.191,52.545],[-9.19,52.545],[-9.19,52.546],[-9.191,52.547],[-9.192,52.547],[-9.191,52.548],[-9.191,52.55],[-9.199,52.567],[-9.229,52.608]]]},"properties":{"name":"Kerry North-West Limerick","name_ga":null,"seats":3}},{"type":"Feature","geometry":{"type":"Polygon","coordinates":[[[-8.558,52.25],[-8.559,52.25],[-8.559,52.251],[-8.559,52.253],[-8.559,52.254],[-8.561,52.259],[-8.557,52.281],[-8.605,52.323],[-8.624,52.344],[-8.662,52.352],[-8.674,52.384],[-8.724,52.371],[-8.777,52.387],[-8.882,52.347],[-8.883,52.332],[-8.986,52.311],[-9.075,52.331],[-9.113,52.333],[-9.12,52.338],[-9.125,52.339],[-9.133,52.342],[-9.134,52.344],[-9.136,52.344],[-9.137,52.344],[-9.137,52.343],[-9.138,52.342],[-9.138,52.341],[-9.138,52.339],[-9.138,52.338],[-9.138,52.337],[-9.138,52.336],[-9.14,52.333],[-9.159,52.322],[-9.161,52.32],[-9.163,52.32],[-9.164,52.32],[-9.165,52.32],[-9.166,52.319],[-9.166,52.32],[-9.167,52.319],[-9.167,52.32],[-9.168,52.32],[-9.168,52.319],[-9.169,52.32],[-9.169,52.319],[-9.17,52.319],[-9.171,52.319],[-9.172,52.319],[-9.172,52.32],[-9.174,52.319],[-9.175,52.319],[-9.175,52.316],[-9.174,52.314],[-9.174,52.313],[-9.174,52.312],[-9.175,52.312],[-9.174,52.312],[-9.175,52.312],[-9.177,52.311],[-9.186,52.31],[-9.193,52.308],[-9.21,52.307],[-9.217,52.295],[-9.211,52.29],[-9.212,52.285],[-9.214,52.283],[-9.215,52.283],[-9.216,52.282],[-9.274,52.255],[-9.276,52.23],[-9.274,52.229],[-9.274,52.228],[-9.273,52.228],[-9.274,52.228],[-9.273,52.228],[-9.273,52.227],[-9.272,52.227],[-9.271,52.227],[-9.27,52.226],[-9.269,52.226],[-9.269,52.225],[-9.268,52.224],[-9.268,52.223],[-9.267,52.223],[-9.266,52.221],[-9.263,52.218],[-9.263,52.217],[-9.263,52.216],[-9.263,52.217],[-9.263,52.216],[-9.264,52.216],[-9.264,52.214],[-9.257,52.211],[-9.246,52.194],[-9.246,52.192],[-9.248,52.191],[-9.248,52.19],[-9.249,52.189],[-9.248,52.185],[-9.238,52.148],[-9.205,52.088],[-9.196,52.083],[-9.187,52.085],[-9.184,52.083],[-9.185,52.082],[-9.185,52.081],[-9.185,52.08],[-9.186,52.079],[-9.187,52.079],[-9.189,52.079],[-9.189,52.078],[-9.19,52.078],[-9.192,52.076],[-9.201,52.073],[-9.202,52.073],[-9.203,52.073],[-9.208,52.072],[-9.221,52.055],[-9.221,52.048],[-9.22,52.048],[-9.219,52.047],[-9.218,52.046],[-9.218,52.043],[-9.218,52.042],[-9.218,52.041],[-9.217,52.039],[-9.216,52.036],[-9.215,52.035],[-9.215,52.034],[-9.212,52.023],[-9.184,52.027],[-9.179,52.014],[-9.178,52.014],[-9.177,52.014],[-9.177,52.013],[-9.176,52.013],[-9.175,52.013],[-9.174,52.013],[-9.172,52.012],[-9.172,52.011],[-9.171,52.011],[-9.168,52.009],[-9.165,52.007],[-9.164,52.007],[-9.163,52.007],[-9.12,51.996],[-9.129,51.987],[-9.133,51.984],[-9.136,51.983],[-9.138,51.983],[-9.195,51.982],[-9.196,51.982],[-9.197,51.981],[-9.199,51.98],[-9.203,51.978],[-9.213,51.975],[-9.255,51.97],[-9.262,51.96],[-9.281,51.955],[-9.289,51.951],[-9.289,51.95],[-9.291,51.949],[-9.296,51.948],[-9.303,51.946],[-9.304,51.945],[-9.305,51.945],[-9.305,51.944],[-9.306,51.944],[-9.306,51.943],[-9.307,51.943],[-9.307,51.942],[-9.307,51.941],[-9.306,51.941],[-9.305,51.941],[-9.305,51.939],[-9.305,51.938],[-9.302,51.933],[-9.301,51.933],[-9.302,51.924],[-9.294,51.917],[-9.29,51.916],[-9.288,51.915],[-9.287,51.915],[-9.286,51.914],[-9.288,51.909],[-9.289,51.908],[-9.29,51.907],[-9.291,51.907],[-9.29,51.905],[-9.29,51.904],[-9.289,51.904],[-9.289,51.903],[-9.288,51.902],[-9.286,51.902],[-9.285,51.902],[-9.283,51.902],[-9.282,51.902],[-9.282,51.901],[-9.281,51.901],[-9.28,51.9],[-9.279,51.9],[-9.278,51.9],[-9.278,51.899],[-9.277,51.899],[-9.276,51.898],[-9.276,51.897],[-9.275,51.897],[-9.274,51.896],[-9.279,51.894],[-9.285,51.885],[-9.301,51.879],[-9.3,51.877],[-9.3,51.874],[-9.3,51.873],[-9.3,51.872],[-9.306,51.865],[-9.33,51.846],[-9.343,51.843],[-9.349,51.844],[-9.35,51.843],[-9.353,51.84],[-9.355,51.838],[-9.356,51.838],[-9.357,51.836],[-9.358,51.836],[-9.36,51.836],[-9.359,51.834],[-9.358,51.833],[-9.358,51.832],[-9.357,51.832],[-9.357,51.829],[-9.356,51.828],[-9.315,51.813],[-9.291,51.816],[-9.282,51.804],[-9.238,51.784],[-9.222,51.754],[-9.267,51.744],[-9.272,51.728],[-9.223,51.714],[-9.165,51.726],[-9.172,51.761],[-9.103,51.753],[-9.095,51.73],[-9.061,51.714],[-8.974,51.73],[-8.876,51.737],[-8.868,51.753],[-8.738,51.779],[-8.701,51.763],[-8.628,51.807],[-8.612,51.831],[-8.584,51.836],[-8.586,51.842],[-8.575,51.849],[-8.565,51.847],[-8.56,51.856],[-8.575,51.878],[-8.561,51.875],[-8.552,51.877],[-8.54,51.891],[-8.544,51.9],[-8.631,51.888],[-8.743,51.911],[-8.738,51.935],[-8.769,51.961],[-8.836,51.955],[-8.878,51.968],[-8.899,52.007],[-8.89,52.032],[-8.849,52.029],[-8.831,52.049],[-8.828,52.105],[-8.776,52.127],[-8.776,52.129],[-8.778,52.13],[-8.779,52.13],[-8.779,52.131],[-8.779,52.132],[-8.78,52.132],[-8.779,52.132],[-8.78,52.132],[-8.78,52.133],[-8.782,52.134],[-8.783,52.136],[-8.782,52.136],[-8.782,52.138],[-8.784,52.142],[-8.786,52.143],[-8.788,52.143],[-8.788,52.144],[-8.789,52.144],[-8.79,52.144],[-8.785,52.156],[-8.775,52.156],[-8.774,52.156],[-8.772,52.155],[-8.771,52.155],[-8.77,52.154],[-8.768,52.154],[-8.767,52.154],[-8.766,52.154],[-8.766,52.155],[-8.765,52.155],[-8.765,52.156],[-8.765,52.157],[-8.77,52.179],[-8.737,52.202],[-8.734,52.204],[-8.732,52.206],[-8.734,52.206],[-8.735,52.206],[-8.736,52.206],[-8.736,52.207],[-8.736,52.208],[-8.741,52.212],[-8.741,52.213],[-8.74,52.213],[-8.74,52.214],[-8.739,52.214],[-8.739,52.215],[-8.725,52.22],[-8.718,52.229],[-8.721,52.235],[-8.718,52.236],[-8.717,52.236],[-8.717,52.237],[-8.716,52.238],[-8.716,52.241],[-8.715,52.241],[-8.714,52.241],[-8.713,52.241],[-8.711,52.241],[-8.702,52.24],[-8.686,52.242],[-8.681,52.249],[-8.677,52.25],[-8.677,52.251],[-8.676,52.251],[-8.675,52.252],[-8.674,52.252],[-8.674,52.253],[-8.674,52.254],[-8.673,52.254],[-8.673,52.255],[-8.672,52.256],[-8.669,52.262],[-8.667,52.267],[-8.668,52.267],[-8.668,52.268],[-8.669,52.268],[-8.669,52.27],[-8.668,52.27],[-8.667,52.27],[-8.664,52.27],[-8.663,52.27],[-8.662,52.27],[-8.661,52.271],[-8.66,52.271],[-8.659,52.271],[-8.653,52.267],[-8.653,52.266],[-8.654,52.266],[-8.655,52.265],[-8.654,52.264],[-8.653,52.264],[-8.652,52.264],[-8.651,52.264],[-8.65,52.263],[-8.651,52.263],[-8.652,52.262],[-8.652,52.261],[-8.651,52.261],[-8.649,52.26],[-8.649,52.261],[-8.648,52.261],[-8.648,52.26],[-8.647,52.26],[-8.647,52.259],[-8.646,52.259],[-8.645,52.259],[-8.643,52.259],[-8.62,52.242],[-8.607,52.253],[-8.572,52.251],[-8.57,52.246],[-8.573,52.243],[-8.568,52.241],[-8.566,52.241],[-8.565,52.241],[-8.564,52.241],[-8.56,52.241],[-8.559,52.241],[-8.558,52.241],[-8.558,52.242],[-8.559,52.242],[-8.558,52.244],[-8.559,52.244],[-8.56,52.244],[-8.561,52.244],[-8.563,52.248],[-8.561,52.249],[-8.56,52.249],[-8.559,52.249],[-8.558,52.249],[-8.558,52.25]]]},"properties":{"name":"Cork North-West","name_ga":null,"seats":3}},{"type":"Feature","geometry":{"type":"Polygon","coordinates":[[[-8.431,52.108],[-8.432,52.108],[-8.434,52.107],[-8.435,52.107],[-8.436,52.107],[-8.444,52.104],[-8.451,52.1],[-8.467,52.1],[-8.496,52.107],[-8.497,52.104],[-8.497,52.103],[-8.497,52.102],[-8.498,52.102],[-8.498,52.101],[-8.499,52.1],[-8.508,52.09],[-8.512,52.089],[-8.513,52.089],[-8.516,52.088],[-8.517,52.088],[-8.519,52.087],[-8.52,52.087],[-8.521,52.087],[-8.522,52.087],[-8.523,52.086],[-8.524,52.086],[-8.537,52.095],[-8.532,52.102],[-8.532,52.103],[-8.533,52.103],[-8.533,52.104],[-8.534,52.105],[-8.534,52.106],[-8.535,52.106],[-8.539,52.106],[-8.539,52.105],[-8.54,52.105],[-8.541,52.106],[-8.542,52.106],[-8.543,52.106],[-8.544,52.106],[-8.545,52.106],[-8.546,52.106],[-8.546,52.107],[-8.547,52.107],[-8.547,52.108],[-8.547,52.109],[-8.547,52.11],[-8.548,52.112],[-8.548,52.113],[-8.547,52.113],[-8.547,52.114],[-8.546,52.115],[-8.545,52.115],[-8.543,52.122],[-8.546,52.125],[-8.546,52.126],[-8.545,52.127],[-8.544,52.127],[-8.544,52.128],[-8.543,52.128],[-8.542,52.128],[-8.541,52.129],[-8.541,52.13],[-8.54,52.13],[-8.539,52.13],[-8.532,52.137],[-8.533,52.143],[-8.538,52.144],[-8.539,52.145],[-8.541,52.146],[-8.544,52.15],[-8.584,52.147],[-8.589,52.145],[-8.592,52.144],[-8.592,52.143],[-8.593,52.143],[-8.594,52.143],[-8.603,52.14],[-8.6,52.131],[-8.6,52.13],[-8.599,52.13],[-8.599,52.129],[-8.598,52.128],[-8.599,52.125],[-8.599,52.124],[-8.598,52.123],[-8.597,52.123],[-8.597,52.122],[-8.599,52.119],[-8.6,52.118],[-8.601,52.118],[-8.601,52.117],[-8.602,52.117],[-8.601,52.114],[-8.613,52.108],[-8.624,52.113],[-8.655,52.101],[-8.668,52.11],[-8.668,52.114],[-8.669,52.114],[-8.671,52.115],[-8.672,52.115],[-8.678,52.119],[-8.718,52.133],[-8.736,52.127],[-8.776,52.127],[-8.828,52.105],[-8.831,52.049],[-8.849,52.029],[-8.89,52.032],[-8.899,52.007],[-8.878,51.968],[-8.836,51.955],[-8.769,51.961],[-8.738,51.935],[-8.743,51.911],[-8.631,51.888],[-8.544,51.9],[-8.54,51.891],[-8.531,51.896],[-8.507,51.894],[-8.479,51.901],[-8.413,51.899],[-8.393,51.9],[-8.363,51.886],[-8.355,51.885],[-8.339,51.88],[-8.325,51.895],[-8.332,51.933],[-8.342,51.941],[-8.343,51.943],[-8.344,51.944],[-8.345,51.945],[-8.345,51.946],[-8.346,51.946],[-8.346,51.947],[-8.35,51.952],[-8.349,51.953],[-8.349,51.955],[-8.349,51.956],[-8.35,51.956],[-8.351,51.956],[-8.351,51.957],[-8.352,51.959],[-8.351,51.959],[-8.35,51.959],[-8.349,51.959],[-8.349,51.96],[-8.348,51.96],[-8.348,51.961],[-8.347,51.961],[-8.348,51.961],[-8.348,51.962],[-8.347,51.962],[-8.347,51.963],[-8.347,51.964],[-8.347,51.965],[-8.359,51.977],[-8.359,51.981],[-8.361,51.983],[-8.362,51.985],[-8.361,51.985],[-8.361,51.986],[-8.36,51.987],[-8.364,51.995],[-8.327,51.999],[-8.316,52.001],[-8.308,52],[-8.306,52],[-8.305,52],[-8.305,52.001],[-8.304,52.002],[-8.303,52.003],[-8.303,52.004],[-8.302,52.004],[-8.301,52.004],[-8.3,52.005],[-8.3,52.006],[-8.301,52.008],[-8.298,52.012],[-8.294,52.013],[-8.292,52.012],[-8.291,52.012],[-8.29,52.011],[-8.287,52.014],[-8.288,52.015],[-8.289,52.015],[-8.289,52.016],[-8.29,52.016],[-8.294,52.019],[-8.299,52.022],[-8.301,52.035],[-8.297,52.037],[-8.304,52.049],[-8.322,52.047],[-8.331,52.057],[-8.333,52.065],[-8.332,52.065],[-8.332,52.066],[-8.328,52.066],[-8.323,52.075],[-8.327,52.078],[-8.328,52.078],[-8.329,52.078],[-8.331,52.08],[-8.332,52.08],[-8.333,52.08],[-8.334,52.081],[-8.339,52.083],[-8.346,52.091],[-8.347,52.091],[-8.348,52.092],[-8.349,52.092],[-8.349,52.093],[-8.348,52.093],[-8.347,52.093],[-8.347,52.094],[-8.346,52.094],[-8.349,52.096],[-8.349,52.097],[-8.35,52.097],[-8.357,52.108],[-8.359,52.107],[-8.362,52.106],[-8.363,52.106],[-8.364,52.106],[-8.364,52.107],[-8.364,52.108],[-8.364,52.109],[-8.365,52.109],[-8.364,52.109],[-8.364,52.11],[-8.365,52.112],[-8.382,52.109],[-8.382,52.108],[-8.381,52.108],[-8.381,52.107],[-8.381,52.106],[-8.402,52.1],[-8.423,52.103],[-8.424,52.103],[-8.424,52.104],[-8.425,52.104],[-8.429,52.106],[-8.43,52.107],[-8.431,52.108]]]},"properties":{"name":"Cork North-Central","name_ga":null,"seats":4}},{"type":"Feature","geometry":{"type":"Polygon","coordinates":[[[-8.339,51.88],[-8.355,51.885],[-8.363,51.886],[-8.393,51.9],[-8.413,51.899],[-8.479,51.901],[-8.507,51.894],[-8.531,51.896],[-8.54,51.891],[-8.552,51.877],[-8.561,51.875],[-8.575,51.878],[-8.56,51.856],[-8.565,51.847],[-8.568,51.844],[-8.561,51.821],[-8.552,51.817],[-8.548,51.815],[-8.545,51.814],[-8.54,51.811],[-8.539,51.811],[-8.514,51.814],[-8.512,51.814],[-8.495,51.815],[-8.496,51.812],[-8.462,51.79],[-8.436,51.787],[-8.434,51.788],[-8.433,51.788],[-8.421,51.786],[-8.422,51.782],[-8.41,51.769],[-8.408,51.763],[-8.385,51.758],[-8.384,51.759],[-8.382,51.759],[-8.293,51.78],[-8.275,51.809],[-8.325,51.831],[-8.332,51.849],[-8.333,51.863],[-8.328,51.866],[-8.33,51.871],[-8.331,51.872],[-8.334,51.875],[-8.336,51.877],[-8.337,51.878],[-8.338,51.878],[-8.339,51.88]]]},"properties":{"name":"Cork South-Central","name_ga":null,"seats":5}},{"type":"Feature","geometry":{"type":"Polygon","coordinates":[[[-9.36,51.836],[-9.361,51.836],[-9.363,51.836],[-9.365,51.835],[-9.37,51.835],[-9.38,51.836],[-9.383,51.837],[-9.386,51.836],[-9.387,51.836],[-9.388,51.836],[-9.4,51.828],[-9.438,51.823],[-9.481,51.79],[-9.623,51.786],[-9.669,51.747],[-9.686,51.745],[-9.687,51.744],[-9.688,51.744],[-9.689,51.744],[-9.689,51.743],[-9.691,51.742],[-9.692,51.742],[-9.693,51.742],[-9.694,51.743],[-9.695,51.743],[-9.696,51.743],[-9.697,51.744],[-9.698,51.744],[-9.708,51.744],[-9.761,51.72],[-9.761,51.712],[-9.792,51.693],[-9.822,51.688],[-9.825,51.69],[-9.827,51.69],[-9.827,51.691],[-9.828,51.691],[-9.832,51.693],[-9.833,51.694],[-9.833,51.695],[-9.831,51.696],[-9.832,51.696],[-9.831,51.697],[-9.827,51.7],[-9.827,51.706],[-9.824,51.709],[-9.824,51.713],[-9.824,51.716],[-9.824,51.717],[-9.825,51.718],[-9.825,51.719],[-9.826,51.719],[-9.827,51.719],[-9.828,51.719],[-9.83,51.719],[-9.83,51.718],[-9.831,51.718],[-9.837,51.719],[-9.838,51.72],[-9.839,51.72],[-9.84,51.72],[-9.84,51.721],[-9.843,51.723],[-9.833,51.733],[-9.841,51.736],[-9.847,51.74],[-9.851,51.743],[-9.851,51.745],[-9.852,51.745],[-9.852,51.746],[-9.853,51.746],[-9.854,51.747],[-9.855,51.749],[-9.861,51.75],[-9.89,51.743],[-9.878,51.759],[-9.887,51.763],[-9.931,51.74],[-10.003,51.72],[-9.964,51.704],[-9.973,51.685],[-10.054,51.669],[-10.071,51.604],[-10.038,51.589],[-9.986,51.611],[-9.934,51.616],[-9.926,51.639],[-9.839,51.659],[-9.814,51.655],[-9.726,51.671],[-9.726,51.692],[-9.7,51.679],[-9.651,51.674],[-9.544,51.721],[-9.542,51.749],[-9.483,51.715],[-9.447,51.719],[-9.46,51.68],[-9.521,51.66],[-9.666,51.625],[-9.785,51.58],[-9.782,51.55],[-9.631,51.6],[-9.583,51.59],[-9.647,51.564],[-9.645,51.553],[-9.692,51.53],[-9.751,51.523],[-9.82,51.49],[-9.819,51.461],[-9.73,51.462],[-9.698,51.495],[-9.637,51.511],[-9.621,51.492],[-9.542,51.513],[-9.455,51.525],[-9.437,51.553],[-9.395,51.536],[-9.428,51.513],[-9.398,51.5],[-9.381,51.47],[-9.349,51.471],[-9.294,51.496],[-9.229,51.481],[-9.189,51.518],[-9.136,51.525],[-9.117,51.556],[-9.083,51.546],[-9.023,51.567],[-8.976,51.56],[-8.917,51.541],[-8.867,51.592],[-8.808,51.596],[-8.759,51.573],[-8.699,51.579],[-8.681,51.645],[-8.652,51.636],[-8.55,51.646],[-8.524,51.677],[-8.477,51.676],[-8.419,51.704],[-8.343,51.716],[-8.298,51.754],[-8.308,51.772],[-8.382,51.759],[-8.384,51.759],[-8.385,51.758],[-8.408,51.763],[-8.41,51.769],[-8.422,51.782],[-8.421,51.786],[-8.433,51.788],[-8.434,51.788],[-8.436,51.787],[-8.462,51.79],[-8.496,51.812],[-8.495,51.815],[-8.512,51.814],[-8.514,51.814],[-8.539,51.811],[-8.54,51.811],[-8.545,51.814],[-8.548,51.815],[-8.552,51.817],[-8.561,51.821],[-8.568,51.844],[-8.565,51.847],[-8.575,51.849],[-8.586,51.842],[-8.584,51.836],[-8.612,51.831],[-8.628,51.807],[-8.701,51.763],[-8.738,51.779],[-8.868,51.753],[-8.876,51.737],[-8.974,51.73],[-9.061,51.714],[-9.095,51.73],[-9.103,51.753],[-9.172,51.761],[-9.165,51.726],[-9.223,51.714],[-9.272,51.728],[-9.267,51.744],[-9.222,51.754],[-9.238,51.784],[-9.282,51.804],[-9.291,51.816],[-9.315,51.813],[-9.356,51.828],[-9.357,51.829],[-9.357,51.832],[-9.358,51.832],[-9.358,51.833],[-9.359,51.834],[-9.36,51.836]]]},"properties":{"name":"Cork South-West","name_ga":null,"seats":3}},{"type":"Feature","geometry":{"type":"MultiPolygon","coordinates":[[[[-9.767,52.248],[-9.837,52.248],[-9.896,52.229],[-9.951,52.232],[-10.022,52.267],[-10.084,52.249],[-10.171,52.236],[-10.151,52.262],[-10.177,52.29],[-10.295,52.257],[-10.306,52.24],[-10.363,52.234],[-10.384,52.179],[-10.455,52.179],[-10.47,52.135],[-10.452,52.097],[-10.373,52.108],[-10.361,52.132],[-10.295,52.111],[-10.215,52.123],[-10.19,52.11],[-10.139,52.112],[-10.051,52.137],[-9.963,52.142],[-9.865,52.16],[-9.804,52.16],[-9.813,52.132],[-9.893,52.111],[-9.978,52.053],[-10.031,52.037],[-10.057,52.04],[-10.105,52.025],[-10.131,52.029],[-10.259,51.99],[-10.28,51.952],[-10.249,51.911],[-10.351,51.885],[-10.386,51.883],[-10.389,51.841],[-10.338,51.846],[-10.34,51.784],[-10.284,51.803],[-10.245,51.844],[-10.215,51.844],[-10.172,51.824],[-10.18,51.788],[-10.142,51.759],[-10.1,51.756],[-10.016,51.771],[-9.95,51.801],[-9.9,51.815],[-9.83,51.826],[-9.658,51.87],[-9.652,51.845],[-9.725,51.837],[-9.746,51.821],[-9.856,51.767],[-9.856,51.752],[-9.855,51.749],[-9.854,51.747],[-9.853,51.747],[-9.853,51.746],[-9.852,51.746],[-9.852,51.745],[-9.851,51.745],[-9.851,51.743],[-9.847,51.74],[-9.841,51.736],[-9.833,51.733],[-9.843,51.723],[-9.84,51.721],[-9.84,51.72],[-9.839,51.72],[-9.838,51.72],[-9.837,51.719],[-9.831,51.718],[-9.83,51.718],[-9.83,51.719],[-9.828,51.719],[-9.827,51.719],[-9.826,51.719],[-9.825,51.719],[-9.825,51.718],[-9.824,51.717],[-9.824,51.716],[-9.824,51.713],[-9.824,51.709],[-9.827,51.706],[-9.827,51.7],[-9.831,51.697],[-9.832,51.696],[-9.831,51.696],[-9.833,51.695],[-9.833,51.694],[-9.832,51.693],[-9.828,51.691],[-9.827,51.691],[-9.827,51.69],[-9.825,51.69],[-9.822,51.688],[-9.792,51.693],[-9.761,51.712],[-9.761,51.72],[-9.708,51.744],[-9.698,51.744],[-9.697,51.744],[-9.696,51.743],[-9.695,51.743],[-9.694,51.743],[-9.693,51.742],[-9.692,51.742],[-9.691,51.742],[-9.689,51.743],[-9.689,51.744],[-9.688,51.744],[-9.687,51.744],[-9.686,51.745],[-9.669,51.747],[-9.623,51.786],[-9.481,51.79],[-9.438,51.823],[-9.4,51.828],[-9.388,51.836],[-9.387,51.836],[-9.386,51.836],[-9.383,51.837],[-9.38,51.836],[-9.37,51.835],[-9.365,51.835],[-9.363,51.836],[-9.361,51.836],[-9.36,51.836],[-9.358,51.836],[-9.357,51.836],[-9.356,51.838],[-9.355,51.838],[-9.353,51.84],[-9.35,51.843],[-9.349,51.844],[-9.343,51.843],[-9.33,51.846],[-9.306,51.865],[-9.3,51.872],[-9.3,51.873],[-9.3,51.874],[-9.3,51.877],[-9.301,51.879],[-9.285,51.885],[-9.279,51.894],[-9.274,51.896],[-9.275,51.897],[-9.276,51.897],[-9.276,51.898],[-9.277,51.899],[-9.278,51.899],[-9.278,51.9],[-9.279,51.9],[-9.28,51.9],[-9.281,51.901],[-9.282,51.901],[-9.282,51.902],[-9.283,51.902],[-9.285,51.902],[-9.286,51.902],[-9.288,51.902],[-9.289,51.903],[-9.289,51.904],[-9.29,51.904],[-9.29,51.905],[-9.291,51.907],[-9.29,51.907],[-9.289,51.908],[-9.288,51.909],[-9.286,51.914],[-9.287,51.915],[-9.288,51.915],[-9.29,51.916],[-9.294,51.917],[-9.302,51.924],[-9.301,51.933],[-9.302,51.933],[-9.305,51.938],[-9.305,51.939],[-9.305,51.941],[-9.306,51.941],[-9.307,51.941],[-9.307,51.942],[-9.307,51.943],[-9.306,51.943],[-9.306,51.944],[-9.305,51.944],[-9.305,51.945],[-9.304,51.945],[-9.303,51.946],[-9.296,51.948],[-9.291,51.949],[-9.289,51.95],[-9.289,51.951],[-9.281,51.955],[-9.262,51.96],[-9.255,51.97],[-9.213,51.975],[-9.203,51.978],[-9.199,51.98],[-9.197,51.981],[-9.196,51.982],[-9.195,51.982],[-9.138,51.983],[-9.136,51.983],[-9.133,51.984],[-9.129,51.987],[-9.12,51.996],[-9.163,52.007],[-9.164,52.007],[-9.165,52.007],[-9.168,52.009],[-9.171,52.011],[-9.172,52.011],[-9.172,52.012],[-9.174,52.013],[-9.175,52.013],[-9.176,52.013],[-9.177,52.013],[-9.177,52.014],[-9.178,52.014],[-9.179,52.014],[-9.184,52.027],[-9.212,52.023],[-9.215,52.034],[-9.215,52.035],[-9.216,52.036],[-9.217,52.039],[-9.218,52.041],[-9.218,52.042],[-9.218,52.043],[-9.218,52.046],[-9.219,52.047],[-9.22,52.048],[-9.221,52.048],[-9.221,52.055],[-9.208,52.072],[-9.203,52.073],[-9.202,52.073],[-9.201,52.073],[-9.192,52.076],[-9.19,52.078],[-9.189,52.078],[-9.189,52.079],[-9.187,52.079],[-9.186,52.079],[-9.185,52.08],[-9.185,52.081],[-9.185,52.082],[-9.184,52.083],[-9.187,52.085],[-9.196,52.083],[-9.205,52.088],[-9.238,52.148],[-9.248,52.185],[-9.249,52.189],[-9.248,52.19],[-9.248,52.191],[-9.246,52.192],[-9.246,52.194],[-9.257,52.211],[-9.264,52.214],[-9.264,52.216],[-9.263,52.216],[-9.263,52.217],[-9.263,52.216],[-9.263,52.217],[-9.263,52.218],[-9.266,52.221],[-9.267,52.223],[-9.268,52.223],[-9.268,52.224],[-9.269,52.225],[-9.269,52.226],[-9.27,52.226],[-9.271,52.227],[-9.272,52.227],[-9.273,52.227],[-9.273,52.228],[-9.274,52.228],[-9.275,52.228],[-9.276,52.228],[-9.283,52.227],[-9.3,52.222],[-9.315,52.222],[-9.422,52.232],[-9.421,52.265],[-9.463,52.263],[-9.539,52.222],[-9.583,52.217],[-9.643,52.226],[-9.666,52.216],[-9.744,52.209],[-9.772,52.218],[-9.767,52.248]]],[[[-10.35,51.936],[-10.423,51.899],[-10.382,51.887],[-10.292,51.913],[-10.296,51.928],[-10.35,51.936]]]]},"properties":{"name":"Kerry South","name_ga":null,"seats":3}}]}
