{"type":"FeatureCollection","_metadata":{"description":"Dáil constituency boundaries under the 1961 boundary regime (simplified pedagogical outline)","regime_year":1961,"data_status":"real-sourced-data","source":{"catalogue":"Civgraph (civgraph.net), map layer dail-1961","geometry_url":"https://data.civgraph.net/data/maps/parliamentary/1961_Dail.fgb","provider":"Phelim Birch (digitisation, via Civgraph)","arcgis_source":null,"licence":"CC BY-SA 4.0 (Civgraph digitised layers); see _static/data/dail_boundaries/NOTICE.md","retrieved":"2026-07-14"},"processing":"Reprojected to EPSG:4326 where needed; simplified with mapshaper (visvalingam weighted, 0.1% retained, keep-shapes, clean), coordinates rounded to 3 decimal places (~70-110 m). Outline only - not for legal or survey use."},"features":[{"type":"Feature","geometry":{"type":"Polygon","coordinates":[[[-8.183,52.288],[-8.161,52.242],[-8.103,52.231],[-8.105,52.206],[-8.12,52.195],[-8.156,52.141],[-8.072,52.144],[-8.029,52.103],[-8.014,52.074],[-8.023,52.057],[-7.938,52.014],[-7.91,51.974],[-7.855,51.98],[-7.861,52.004],[-7.85,52.038],[-7.776,52.045],[-7.797,52.071],[-7.829,52.088],[-7.812,52.103],[-7.747,52.131],[-7.746,52.177],[-7.731,52.184],[-7.72,52.23],[-7.682,52.232],[-7.678,52.271],[-7.631,52.274],[-7.587,52.286],[-7.594,52.302],[-7.561,52.315],[-7.516,52.359],[-7.437,52.348],[-7.394,52.335],[-7.372,52.343],[-7.397,52.364],[-7.382,52.42],[-7.425,52.452],[-7.432,52.455],[-7.468,52.472],[-7.433,52.496],[-7.457,52.524],[-7.451,52.582],[-7.476,52.591],[-7.475,52.616],[-7.506,52.64],[-7.536,52.635],[-7.622,52.606],[-7.621,52.589],[-7.666,52.584],[-7.659,52.603],[-7.691,52.624],[-7.722,52.602],[-7.8,52.587],[-7.806,52.607],[-7.881,52.632],[-7.903,52.612],[-7.907,52.591],[-7.929,52.582],[-7.968,52.592],[-7.965,52.634],[-7.982,52.65],[-8.027,52.652],[-8.106,52.684],[-8.189,52.67],[-8.194,52.648],[-8.215,52.632],[-8.214,52.595],[-8.24,52.512],[-8.286,52.522],[-8.319,52.506],[-8.36,52.511],[-8.396,52.484],[-8.405,52.465],[-8.394,52.441],[-8.351,52.434],[-8.314,52.436],[-8.283,52.401],[-8.232,52.411],[-8.228,52.386],[-8.193,52.364],[-8.168,52.368],[-8.169,52.292],[-8.183,52.288]]]},"properties":{"name":"South Tipperary","name_ga":"Tiobrad Árann Theas","seats":4}},{"type":"Feature","geometry":{"type":"Polygon","coordinates":[[[-7.855,51.98],[-7.842,51.954],[-7.83,51.941],[-7.721,51.939],[-7.708,51.969],[-7.614,51.981],[-7.583,51.996],[-7.586,52.019],[-7.552,52.054],[-7.587,52.051],[-7.636,52.082],[-7.588,52.1],[-7.545,52.095],[-7.5,52.103],[-7.442,52.127],[-7.37,52.139],[-7.292,52.141],[-7.218,52.132],[-7.171,52.137],[-7.131,52.169],[-7.099,52.169],[-7.079,52.156],[-7.108,52.134],[-7.023,52.133],[-6.965,52.175],[-6.983,52.189],[-6.966,52.241],[-6.988,52.25],[-7,52.276],[-7.041,52.256],[-7.042,52.256],[-7.045,52.256],[-7.047,52.256],[-7.048,52.256],[-7.051,52.256],[-7.052,52.256],[-7.053,52.256],[-7.056,52.257],[-7.057,52.257],[-7.061,52.257],[-7.064,52.257],[-7.065,52.257],[-7.066,52.257],[-7.067,52.257],[-7.068,52.257],[-7.069,52.257],[-7.07,52.257],[-7.071,52.257],[-7.072,52.257],[-7.073,52.256],[-7.076,52.256],[-7.077,52.255],[-7.078,52.255],[-7.079,52.255],[-7.08,52.254],[-7.081,52.254],[-7.082,52.253],[-7.083,52.253],[-7.084,52.252],[-7.085,52.252],[-7.086,52.252],[-7.087,52.252],[-7.088,52.252],[-7.089,52.252],[-7.09,52.252],[-7.091,52.252],[-7.092,52.253],[-7.101,52.266],[-7.1,52.266],[-7.1,52.267],[-7.099,52.267],[-7.099,52.266],[-7.098,52.266],[-7.097,52.266],[-7.096,52.266],[-7.097,52.267],[-7.098,52.267],[-7.099,52.267],[-7.099,52.268],[-7.098,52.268],[-7.099,52.269],[-7.099,52.27],[-7.1,52.27],[-7.101,52.27],[-7.102,52.27],[-7.103,52.27],[-7.103,52.269],[-7.104,52.269],[-7.105,52.269],[-7.105,52.268],[-7.105,52.267],[-7.133,52.269],[-7.134,52.27],[-7.135,52.27],[-7.135,52.271],[-7.14,52.273],[-7.142,52.274],[-7.143,52.275],[-7.146,52.276],[-7.148,52.277],[-7.151,52.279],[-7.152,52.279],[-7.152,52.28],[-7.153,52.28],[-7.155,52.28],[-7.156,52.28],[-7.158,52.279],[-7.159,52.279],[-7.16,52.279],[-7.163,52.278],[-7.165,52.277],[-7.166,52.276],[-7.167,52.275],[-7.169,52.275],[-7.17,52.274],[-7.171,52.273],[-7.172,52.272],[-7.173,52.272],[-7.173,52.271],[-7.174,52.271],[-7.176,52.269],[-7.177,52.268],[-7.179,52.266],[-7.184,52.262],[-7.187,52.261],[-7.191,52.258],[-7.194,52.255],[-7.212,52.243],[-7.265,52.267],[-7.324,52.331],[-7.372,52.343],[-7.394,52.335],[-7.437,52.348],[-7.516,52.359],[-7.561,52.315],[-7.594,52.302],[-7.587,52.286],[-7.631,52.274],[-7.678,52.271],[-7.682,52.232],[-7.72,52.23],[-7.731,52.184],[-7.746,52.177],[-7.747,52.131],[-7.812,52.103],[-7.829,52.088],[-7.797,52.071],[-7.776,52.045],[-7.85,52.038],[-7.861,52.004],[-7.855,51.98]]]},"properties":{"name":"Waterford","name_ga":"Port Láirge","seats":3}},{"type":"Feature","geometry":{"type":"Polygon","coordinates":[[[-7.506,52.64],[-7.553,52.703],[-7.646,52.735],[-7.668,52.754],[-7.674,52.781],[-7.697,52.832],[-7.735,52.858],[-7.726,52.887],[-7.664,52.923],[-7.702,52.934],[-7.73,52.958],[-7.802,52.982],[-7.826,52.973],[-7.862,52.943],[-7.845,52.932],[-7.884,52.9],[-7.964,52.857],[-7.989,52.855],[-8,52.881],[-8.04,52.889],[-8.04,52.938],[-7.993,52.931],[-7.975,52.949],[-7.993,52.999],[-7.95,52.995],[-7.964,53.042],[-7.943,53.044],[-7.922,53.083],[-7.926,53.107],[-7.956,53.125],[-8.081,53.167],[-8.124,53.16],[-8.148,53.145],[-8.174,53.112],[-8.219,53.068],[-8.268,53.056],[-8.278,53.019],[-8.302,53.007],[-8.317,52.985],[-8.285,52.973],[-8.338,52.915],[-8.408,52.913],[-8.418,52.875],[-8.455,52.847],[-8.443,52.787],[-8.48,52.757],[-8.465,52.704],[-8.428,52.678],[-8.407,52.69],[-8.361,52.679],[-8.306,52.694],[-8.253,52.682],[-8.229,52.665],[-8.189,52.67],[-8.106,52.684],[-8.027,52.652],[-7.982,52.65],[-7.965,52.634],[-7.968,52.592],[-7.929,52.582],[-7.907,52.591],[-7.903,52.612],[-7.881,52.632],[-7.806,52.607],[-7.8,52.587],[-7.722,52.602],[-7.691,52.624],[-7.659,52.603],[-7.666,52.584],[-7.621,52.589],[-7.622,52.606],[-7.536,52.635],[-7.506,52.64]]]},"properties":{"name":"North Tipperary","name_ga":"Tiobrad Árann Thuaidh","seats":3}},{"type":"Feature","geometry":{"type":"Polygon","coordinates":[[[-7.674,52.781],[-7.614,52.792],[-7.617,52.809],[-7.579,52.829],[-7.557,52.814],[-7.449,52.787],[-7.431,52.802],[-7.399,52.796],[-7.388,52.819],[-7.345,52.839],[-7.31,52.866],[-7.259,52.849],[-7.189,52.894],[-7.14,52.869],[-7.141,52.848],[-7.121,52.826],[-7.099,52.827],[-7.039,52.808],[-6.972,52.809],[-6.971,52.809],[-6.951,52.816],[-6.934,52.843],[-6.932,52.845],[-6.932,52.846],[-6.932,52.847],[-6.932,52.848],[-6.933,52.848],[-6.939,52.88],[-6.935,52.915],[-6.98,52.978],[-7.016,52.968],[-7.054,52.978],[-7.088,52.999],[-7.069,53.021],[-7.045,53.073],[-7.061,53.106],[-7.075,53.11],[-7.097,53.141],[-7.065,53.16],[-7.064,53.16],[-7.063,53.162],[-7.099,53.187],[-7.036,53.19],[-7.038,53.208],[-7.013,53.218],[-7.055,53.243],[-7.019,53.253],[-7.035,53.276],[-7.013,53.296],[-6.978,53.308],[-7.013,53.328],[-7.015,53.328],[-7.044,53.357],[-7.088,53.368],[-7.098,53.382],[-7.184,53.421],[-7.216,53.407],[-7.268,53.398],[-7.399,53.33],[-7.445,53.329],[-7.529,53.347],[-7.567,53.361],[-7.567,53.378],[-7.625,53.418],[-7.662,53.408],[-7.717,53.36],[-7.772,53.347],[-7.826,53.356],[-7.883,53.349],[-7.923,53.363],[-7.948,53.341],[-7.951,53.34],[-7.99,53.332],[-7.99,53.331],[-8.027,53.321],[-8.024,53.304],[-8.052,53.277],[-8.056,53.274],[-7.983,53.24],[-7.967,53.226],[-7.993,53.193],[-8.062,53.188],[-8.081,53.167],[-7.956,53.125],[-7.926,53.107],[-7.922,53.083],[-7.943,53.044],[-7.964,53.042],[-7.95,52.995],[-7.993,52.999],[-7.975,52.949],[-7.993,52.931],[-8.04,52.938],[-8.04,52.889],[-8,52.881],[-7.989,52.855],[-7.964,52.857],[-7.884,52.9],[-7.845,52.932],[-7.862,52.943],[-7.826,52.973],[-7.802,52.982],[-7.73,52.958],[-7.702,52.934],[-7.664,52.923],[-7.726,52.887],[-7.735,52.858],[-7.697,52.832],[-7.674,52.781]]]},"properties":{"name":"Laoighis-Offaly","name_ga":"Laoighis-Ua bhFailí","seats":5}},{"type":"Feature","geometry":{"type":"Polygon","coordinates":[[[-6.939,52.88],[-6.88,52.858],[-6.825,52.869],[-6.788,52.871],[-6.751,52.889],[-6.737,52.916],[-6.743,52.948],[-6.792,52.992],[-6.766,53.009],[-6.731,53.047],[-6.733,53.065],[-6.629,53.092],[-6.574,53.13],[-6.576,53.149],[-6.518,53.189],[-6.509,53.214],[-6.475,53.234],[-6.518,53.249],[-6.528,53.314],[-6.501,53.321],[-6.499,53.346],[-6.475,53.363],[-6.47,53.379],[-6.467,53.385],[-6.46,53.388],[-6.485,53.39],[-6.494,53.384],[-6.532,53.394],[-6.584,53.427],[-6.625,53.421],[-6.671,53.439],[-6.719,53.471],[-6.74,53.458],[-6.772,53.475],[-6.768,53.494],[-6.815,53.519],[-6.85,53.496],[-6.904,53.494],[-6.954,53.55],[-7.027,53.549],[-7.102,53.535],[-7.115,53.551],[-7.145,53.555],[-7.157,53.574],[-7.2,53.589],[-7.245,53.556],[-7.279,53.557],[-7.308,53.541],[-7.297,53.528],[-7.335,53.455],[-7.399,53.469],[-7.42,53.454],[-7.425,53.404],[-7.448,53.382],[-7.445,53.329],[-7.399,53.33],[-7.268,53.398],[-7.216,53.407],[-7.184,53.421],[-7.098,53.382],[-7.088,53.368],[-7.044,53.357],[-7.015,53.328],[-7.013,53.328],[-6.978,53.308],[-7.013,53.296],[-7.035,53.276],[-7.019,53.253],[-7.055,53.243],[-7.013,53.218],[-7.038,53.208],[-7.036,53.19],[-7.099,53.187],[-7.063,53.162],[-7.064,53.16],[-7.065,53.16],[-7.097,53.141],[-7.075,53.11],[-7.061,53.106],[-7.045,53.073],[-7.069,53.021],[-7.088,52.999],[-7.054,52.978],[-7.016,52.968],[-6.98,52.978],[-6.935,52.915],[-6.939,52.88]]]},"properties":{"name":"Kildare","name_ga":"Cill Dara","seats":4}},{"type":"Feature","geometry":{"type":"Polygon","coordinates":[[[-7.372,52.343],[-7.324,52.331],[-7.265,52.267],[-7.212,52.243],[-7.194,52.255],[-7.191,52.258],[-7.187,52.261],[-7.184,52.262],[-7.179,52.266],[-7.177,52.268],[-7.176,52.269],[-7.174,52.271],[-7.173,52.271],[-7.173,52.272],[-7.172,52.272],[-7.171,52.273],[-7.17,52.274],[-7.169,52.275],[-7.167,52.275],[-7.166,52.276],[-7.165,52.277],[-7.163,52.278],[-7.16,52.279],[-7.159,52.279],[-7.158,52.279],[-7.156,52.28],[-7.155,52.28],[-7.153,52.28],[-7.152,52.28],[-7.152,52.279],[-7.151,52.279],[-7.148,52.277],[-7.146,52.276],[-7.143,52.275],[-7.142,52.274],[-7.14,52.273],[-7.135,52.271],[-7.135,52.27],[-7.134,52.27],[-7.133,52.269],[-7.105,52.267],[-7.105,52.268],[-7.105,52.269],[-7.104,52.269],[-7.103,52.269],[-7.103,52.27],[-7.102,52.27],[-7.101,52.27],[-7.1,52.27],[-7.099,52.27],[-7.099,52.269],[-7.098,52.268],[-7.099,52.268],[-7.099,52.267],[-7.098,52.267],[-7.097,52.267],[-7.096,52.266],[-7.097,52.266],[-7.098,52.266],[-7.099,52.266],[-7.099,52.267],[-7.1,52.267],[-7.1,52.266],[-7.101,52.266],[-7.092,52.253],[-7.091,52.252],[-7.09,52.252],[-7.089,52.252],[-7.088,52.252],[-7.087,52.252],[-7.086,52.252],[-7.085,52.252],[-7.084,52.252],[-7.083,52.253],[-7.082,52.253],[-7.081,52.254],[-7.08,52.254],[-7.079,52.255],[-7.078,52.255],[-7.077,52.255],[-7.076,52.256],[-7.073,52.256],[-7.072,52.257],[-7.071,52.257],[-7.07,52.257],[-7.069,52.257],[-7.068,52.257],[-7.067,52.257],[-7.066,52.257],[-7.065,52.257],[-7.064,52.257],[-7.061,52.257],[-7.057,52.257],[-7.056,52.257],[-7.053,52.256],[-7.052,52.256],[-7.051,52.256],[-7.048,52.256],[-7.047,52.256],[-7.045,52.256],[-7.042,52.256],[-7.041,52.256],[-7,52.276],[-7.018,52.295],[-6.986,52.324],[-6.992,52.364],[-6.965,52.378],[-6.915,52.43],[-6.927,52.442],[-6.917,52.464],[-6.884,52.466],[-6.863,52.479],[-6.832,52.52],[-6.837,52.53],[-6.806,52.549],[-6.801,52.566],[-6.763,52.561],[-6.714,52.538],[-6.697,52.577],[-6.634,52.612],[-6.605,52.619],[-6.573,52.584],[-6.53,52.599],[-6.522,52.618],[-6.494,52.625],[-6.489,52.656],[-6.459,52.672],[-6.465,52.687],[-6.497,52.69],[-6.57,52.684],[-6.574,52.705],[-6.619,52.713],[-6.654,52.746],[-6.657,52.769],[-6.702,52.787],[-6.695,52.812],[-6.672,52.816],[-6.661,52.836],[-6.625,52.822],[-6.615,52.808],[-6.571,52.803],[-6.525,52.823],[-6.529,52.865],[-6.51,52.867],[-6.535,52.89],[-6.549,52.875],[-6.587,52.88],[-6.61,52.897],[-6.712,52.918],[-6.737,52.916],[-6.751,52.889],[-6.788,52.871],[-6.825,52.869],[-6.88,52.858],[-6.939,52.88],[-6.933,52.848],[-6.932,52.848],[-6.932,52.847],[-6.932,52.846],[-6.932,52.845],[-6.934,52.843],[-6.951,52.816],[-6.971,52.809],[-6.972,52.809],[-7.039,52.808],[-7.099,52.827],[-7.121,52.826],[-7.141,52.848],[-7.14,52.869],[-7.189,52.894],[-7.259,52.849],[-7.31,52.866],[-7.345,52.839],[-7.388,52.819],[-7.399,52.796],[-7.431,52.802],[-7.449,52.787],[-7.557,52.814],[-7.579,52.829],[-7.617,52.809],[-7.614,52.792],[-7.674,52.781],[-7.668,52.754],[-7.646,52.735],[-7.553,52.703],[-7.506,52.64],[-7.475,52.616],[-7.476,52.591],[-7.451,52.582],[-7.457,52.524],[-7.433,52.496],[-7.468,52.472],[-7.432,52.455],[-7.425,52.452],[-7.382,52.42],[-7.397,52.364],[-7.372,52.343]]]},"properties":{"name":"Carlow-Kilkenny","name_ga":"Ceatharlach-Cill Chainnigh","seats":5}},{"type":"Feature","geometry":{"type":"Polygon","coordinates":[[[-6.966,52.241],[-6.921,52.218],[-6.902,52.196],[-6.901,52.155],[-6.83,52.172],[-6.83,52.222],[-6.797,52.24],[-6.786,52.204],[-6.755,52.214],[-6.682,52.219],[-6.658,52.214],[-6.596,52.177],[-6.491,52.191],[-6.418,52.187],[-6.36,52.174],[-6.35,52.203],[-6.314,52.24],[-6.335,52.255],[-6.364,52.251],[-6.412,52.298],[-6.446,52.307],[-6.451,52.346],[-6.436,52.356],[-6.386,52.356],[-6.364,52.368],[-6.351,52.411],[-6.294,52.465],[-6.216,52.53],[-6.195,52.562],[-6.209,52.602],[-6.229,52.625],[-6.225,52.648],[-6.197,52.688],[-6.159,52.715],[-6.145,52.738],[-6.174,52.748],[-6.181,52.768],[-6.182,52.768],[-6.243,52.778],[-6.261,52.795],[-6.292,52.782],[-6.318,52.797],[-6.369,52.795],[-6.413,52.778],[-6.433,52.735],[-6.497,52.69],[-6.465,52.687],[-6.459,52.672],[-6.489,52.656],[-6.494,52.625],[-6.522,52.618],[-6.53,52.599],[-6.573,52.584],[-6.605,52.619],[-6.634,52.612],[-6.697,52.577],[-6.714,52.538],[-6.763,52.561],[-6.801,52.566],[-6.806,52.549],[-6.837,52.53],[-6.832,52.52],[-6.863,52.479],[-6.884,52.466],[-6.917,52.464],[-6.927,52.442],[-6.915,52.43],[-6.965,52.378],[-6.992,52.364],[-6.986,52.324],[-7.018,52.295],[-7,52.276],[-6.988,52.25],[-6.966,52.241]]]},"properties":{"name":"Wexford","name_ga":"Loch Garman","seats":4}},{"type":"Feature","geometry":{"type":"Polygon","coordinates":[[[-6.737,52.916],[-6.712,52.918],[-6.61,52.897],[-6.587,52.88],[-6.549,52.875],[-6.535,52.89],[-6.51,52.867],[-6.529,52.865],[-6.525,52.823],[-6.571,52.803],[-6.615,52.808],[-6.625,52.822],[-6.661,52.836],[-6.672,52.816],[-6.695,52.812],[-6.702,52.787],[-6.657,52.769],[-6.654,52.746],[-6.619,52.713],[-6.574,52.705],[-6.57,52.684],[-6.497,52.69],[-6.433,52.735],[-6.413,52.778],[-6.369,52.795],[-6.318,52.797],[-6.292,52.782],[-6.261,52.795],[-6.243,52.778],[-6.182,52.768],[-6.181,52.768],[-6.174,52.748],[-6.145,52.738],[-6.138,52.758],[-6.141,52.801],[-6.11,52.835],[-6.057,52.859],[-6.065,52.869],[-6.021,52.925],[-6.008,52.972],[-6.04,52.983],[-6.05,53.005],[-6.034,53.07],[-6.042,53.12],[-6.07,53.154],[-6.08,53.192],[-6.094,53.198],[-6.096,53.201],[-6.101,53.207],[-6.101,53.208],[-6.103,53.209],[-6.102,53.209],[-6.103,53.211],[-6.104,53.211],[-6.106,53.211],[-6.11,53.21],[-6.114,53.208],[-6.126,53.208],[-6.125,53.204],[-6.128,53.204],[-6.129,53.203],[-6.129,53.201],[-6.132,53.2],[-6.134,53.199],[-6.136,53.199],[-6.137,53.199],[-6.162,53.203],[-6.175,53.213],[-6.179,53.216],[-6.18,53.218],[-6.182,53.22],[-6.182,53.221],[-6.183,53.221],[-6.186,53.22],[-6.19,53.218],[-6.194,53.217],[-6.22,53.212],[-6.227,53.205],[-6.23,53.204],[-6.232,53.204],[-6.237,53.203],[-6.238,53.202],[-6.239,53.202],[-6.24,53.202],[-6.243,53.203],[-6.252,53.204],[-6.259,53.205],[-6.276,53.211],[-6.291,53.222],[-6.292,53.223],[-6.296,53.224],[-6.298,53.224],[-6.299,53.224],[-6.3,53.224],[-6.302,53.225],[-6.305,53.225],[-6.311,53.222],[-6.312,53.194],[-6.32,53.188],[-6.327,53.183],[-6.327,53.182],[-6.33,53.179],[-6.332,53.178],[-6.333,53.178],[-6.334,53.179],[-6.346,53.181],[-6.347,53.181],[-6.375,53.192],[-6.368,53.214],[-6.371,53.215],[-6.373,53.215],[-6.375,53.216],[-6.376,53.216],[-6.395,53.213],[-6.397,53.212],[-6.401,53.21],[-6.401,53.209],[-6.402,53.209],[-6.402,53.208],[-6.403,53.208],[-6.403,53.209],[-6.401,53.211],[-6.403,53.213],[-6.406,53.217],[-6.407,53.218],[-6.41,53.216],[-6.411,53.216],[-6.411,53.217],[-6.412,53.218],[-6.414,53.219],[-6.414,53.223],[-6.417,53.227],[-6.419,53.229],[-6.42,53.231],[-6.421,53.231],[-6.423,53.231],[-6.424,53.231],[-6.425,53.231],[-6.426,53.231],[-6.427,53.231],[-6.428,53.231],[-6.429,53.231],[-6.43,53.231],[-6.43,53.232],[-6.431,53.232],[-6.435,53.232],[-6.438,53.231],[-6.441,53.231],[-6.456,53.231],[-6.458,53.227],[-6.459,53.226],[-6.46,53.226],[-6.461,53.226],[-6.461,53.225],[-6.462,53.225],[-6.461,53.226],[-6.464,53.227],[-6.467,53.228],[-6.469,53.23],[-6.475,53.234],[-6.509,53.214],[-6.518,53.189],[-6.576,53.149],[-6.574,53.13],[-6.629,53.092],[-6.733,53.065],[-6.731,53.047],[-6.766,53.009],[-6.792,52.992],[-6.743,52.948],[-6.737,52.916]]]},"properties":{"name":"Wicklow","name_ga":"Cill Mantáin","seats":3}},{"type":"Feature","geometry":{"type":"Polygon","coordinates":[[[-6.316,53.32],[-6.315,53.319],[-6.311,53.312],[-6.31,53.312],[-6.31,53.311],[-6.302,53.311],[-6.297,53.302],[-6.284,53.31],[-6.283,53.31],[-6.26,53.33],[-6.328,53.334],[-6.335,53.34],[-6.354,53.336],[-6.342,53.322],[-6.327,53.324],[-6.325,53.324],[-6.316,53.32]]]},"properties":{"name":"Dublin South-West","name_ga":"Baile Átha Cliath Thiar Theas","seats":5}},{"type":"Feature","geometry":{"type":"MultiPolygon","coordinates":[[[[-6.26,53.33],[-6.23,53.346],[-6.292,53.347],[-6.325,53.345],[-6.326,53.345],[-6.343,53.346],[-6.335,53.34],[-6.328,53.334],[-6.26,53.33]]],[[[-6.36,53.353],[-6.344,53.347],[-6.352,53.354],[-6.354,53.354],[-6.355,53.354],[-6.357,53.352],[-6.359,53.353],[-6.36,53.353]]]]},"properties":{"name":"Dublin South-Central","name_ga":"Baile Átha Cliath Theas-Lár","seats":5}},{"type":"Feature","geometry":{"type":"Polygon","coordinates":[[[-6.292,53.347],[-6.292,53.348],[-6.293,53.348],[-6.295,53.348],[-6.295,53.349],[-6.296,53.35],[-6.297,53.351],[-6.298,53.352],[-6.296,53.353],[-6.296,53.354],[-6.295,53.354],[-6.294,53.355],[-6.293,53.355],[-6.292,53.356],[-6.291,53.357],[-6.29,53.357],[-6.289,53.357],[-6.287,53.357],[-6.286,53.358],[-6.285,53.358],[-6.284,53.358],[-6.283,53.358],[-6.282,53.359],[-6.281,53.359],[-6.28,53.359],[-6.279,53.36],[-6.277,53.36],[-6.276,53.36],[-6.275,53.361],[-6.274,53.361],[-6.273,53.361],[-6.272,53.361],[-6.271,53.361],[-6.27,53.363],[-6.27,53.364],[-6.272,53.365],[-6.272,53.366],[-6.271,53.366],[-6.271,53.367],[-6.27,53.368],[-6.27,53.369],[-6.269,53.369],[-6.269,53.37],[-6.268,53.371],[-6.267,53.371],[-6.267,53.372],[-6.266,53.372],[-6.266,53.373],[-6.266,53.374],[-6.265,53.375],[-6.265,53.376],[-6.265,53.377],[-6.265,53.378],[-6.266,53.38],[-6.266,53.381],[-6.266,53.382],[-6.266,53.383],[-6.265,53.384],[-6.265,53.385],[-6.265,53.386],[-6.265,53.387],[-6.265,53.388],[-6.265,53.389],[-6.264,53.39],[-6.264,53.391],[-6.264,53.392],[-6.264,53.395],[-6.264,53.396],[-6.264,53.395],[-6.272,53.394],[-6.278,53.393],[-6.279,53.393],[-6.285,53.397],[-6.286,53.397],[-6.287,53.397],[-6.288,53.397],[-6.289,53.398],[-6.29,53.398],[-6.291,53.398],[-6.292,53.398],[-6.293,53.398],[-6.294,53.399],[-6.295,53.399],[-6.296,53.399],[-6.297,53.399],[-6.298,53.4],[-6.299,53.4],[-6.3,53.4],[-6.301,53.4],[-6.302,53.4],[-6.303,53.4],[-6.303,53.401],[-6.304,53.401],[-6.305,53.401],[-6.306,53.401],[-6.307,53.402],[-6.308,53.402],[-6.308,53.403],[-6.309,53.403],[-6.31,53.403],[-6.31,53.402],[-6.31,53.398],[-6.314,53.399],[-6.316,53.394],[-6.317,53.394],[-6.317,53.393],[-6.318,53.392],[-6.319,53.392],[-6.319,53.391],[-6.32,53.388],[-6.32,53.387],[-6.32,53.386],[-6.32,53.385],[-6.321,53.385],[-6.321,53.384],[-6.322,53.384],[-6.322,53.383],[-6.321,53.383],[-6.322,53.381],[-6.322,53.38],[-6.321,53.38],[-6.32,53.38],[-6.318,53.379],[-6.317,53.379],[-6.317,53.378],[-6.316,53.378],[-6.315,53.378],[-6.314,53.378],[-6.313,53.378],[-6.312,53.378],[-6.311,53.378],[-6.31,53.378],[-6.31,53.377],[-6.31,53.376],[-6.309,53.375],[-6.308,53.375],[-6.308,53.374],[-6.307,53.373],[-6.306,53.373],[-6.306,53.372],[-6.306,53.371],[-6.308,53.371],[-6.309,53.37],[-6.309,53.369],[-6.323,53.366],[-6.324,53.366],[-6.332,53.37],[-6.351,53.355],[-6.352,53.354],[-6.344,53.347],[-6.343,53.346],[-6.326,53.345],[-6.325,53.345],[-6.292,53.347]]]},"properties":{"name":"Dublin North-West","name_ga":"Baile Átha Cliath Thiar Thuaidh","seats":3}},{"type":"Feature","geometry":{"type":"Polygon","coordinates":[[[-6.182,53.221],[-6.181,53.244],[-6.214,53.272],[-6.222,53.289],[-6.257,53.298],[-6.304,53.297],[-6.302,53.298],[-6.303,53.298],[-6.304,53.298],[-6.304,53.299],[-6.297,53.302],[-6.302,53.311],[-6.31,53.311],[-6.31,53.312],[-6.311,53.312],[-6.315,53.319],[-6.316,53.32],[-6.325,53.324],[-6.327,53.324],[-6.342,53.322],[-6.354,53.336],[-6.335,53.34],[-6.343,53.346],[-6.344,53.347],[-6.36,53.353],[-6.359,53.353],[-6.357,53.352],[-6.355,53.354],[-6.354,53.354],[-6.352,53.354],[-6.351,53.355],[-6.332,53.37],[-6.324,53.366],[-6.323,53.366],[-6.309,53.369],[-6.309,53.37],[-6.308,53.371],[-6.306,53.371],[-6.306,53.372],[-6.306,53.373],[-6.307,53.373],[-6.308,53.374],[-6.308,53.375],[-6.309,53.375],[-6.31,53.376],[-6.31,53.377],[-6.31,53.378],[-6.311,53.378],[-6.312,53.378],[-6.313,53.378],[-6.314,53.378],[-6.315,53.378],[-6.316,53.378],[-6.317,53.378],[-6.317,53.379],[-6.318,53.379],[-6.32,53.38],[-6.321,53.38],[-6.322,53.38],[-6.322,53.381],[-6.321,53.383],[-6.322,53.383],[-6.322,53.384],[-6.321,53.384],[-6.321,53.385],[-6.32,53.385],[-6.32,53.386],[-6.32,53.387],[-6.32,53.388],[-6.319,53.391],[-6.319,53.392],[-6.318,53.392],[-6.317,53.393],[-6.317,53.394],[-6.316,53.394],[-6.314,53.399],[-6.31,53.398],[-6.31,53.402],[-6.31,53.403],[-6.309,53.403],[-6.308,53.403],[-6.308,53.402],[-6.307,53.402],[-6.306,53.401],[-6.305,53.401],[-6.304,53.401],[-6.303,53.401],[-6.303,53.4],[-6.302,53.4],[-6.301,53.4],[-6.3,53.4],[-6.299,53.4],[-6.298,53.4],[-6.297,53.399],[-6.296,53.399],[-6.295,53.399],[-6.294,53.399],[-6.293,53.398],[-6.292,53.398],[-6.291,53.398],[-6.29,53.398],[-6.289,53.398],[-6.288,53.397],[-6.287,53.397],[-6.286,53.397],[-6.285,53.397],[-6.279,53.393],[-6.278,53.393],[-6.272,53.394],[-6.264,53.395],[-6.264,53.396],[-6.249,53.392],[-6.246,53.393],[-6.233,53.394],[-6.233,53.396],[-6.192,53.393],[-6.153,53.394],[-6.151,53.396],[-6.128,53.4],[-6.113,53.403],[-6.125,53.444],[-6.143,53.462],[-6.096,53.489],[-6.126,53.502],[-6.084,53.517],[-6.084,53.56],[-6.105,53.581],[-6.155,53.591],[-6.188,53.626],[-6.213,53.634],[-6.214,53.634],[-6.214,53.633],[-6.215,53.633],[-6.217,53.633],[-6.216,53.632],[-6.217,53.632],[-6.218,53.632],[-6.218,53.631],[-6.22,53.63],[-6.225,53.629],[-6.241,53.635],[-6.267,53.622],[-6.272,53.597],[-6.335,53.573],[-6.369,53.589],[-6.414,53.573],[-6.429,53.559],[-6.432,53.551],[-6.435,53.55],[-6.436,53.549],[-6.435,53.548],[-6.434,53.547],[-6.434,53.546],[-6.433,53.544],[-6.408,53.526],[-6.386,53.523],[-6.383,53.521],[-6.367,53.517],[-6.368,53.516],[-6.367,53.516],[-6.367,53.515],[-6.367,53.514],[-6.367,53.513],[-6.367,53.512],[-6.367,53.51],[-6.367,53.509],[-6.368,53.507],[-6.367,53.507],[-6.367,53.506],[-6.366,53.506],[-6.363,53.505],[-6.36,53.504],[-6.359,53.505],[-6.346,53.502],[-6.34,53.492],[-6.332,53.491],[-6.331,53.491],[-6.331,53.492],[-6.33,53.492],[-6.329,53.492],[-6.33,53.491],[-6.33,53.49],[-6.331,53.489],[-6.331,53.486],[-6.338,53.478],[-6.348,53.472],[-6.352,53.466],[-6.353,53.466],[-6.354,53.464],[-6.354,53.463],[-6.355,53.463],[-6.355,53.462],[-6.355,53.447],[-6.41,53.441],[-6.421,53.424],[-6.441,53.406],[-6.44,53.4],[-6.46,53.388],[-6.467,53.385],[-6.47,53.379],[-6.475,53.363],[-6.499,53.346],[-6.501,53.321],[-6.528,53.314],[-6.518,53.249],[-6.475,53.234],[-6.469,53.23],[-6.467,53.228],[-6.464,53.227],[-6.461,53.226],[-6.462,53.225],[-6.461,53.225],[-6.461,53.226],[-6.46,53.226],[-6.459,53.226],[-6.458,53.227],[-6.456,53.231],[-6.441,53.231],[-6.438,53.231],[-6.435,53.232],[-6.431,53.232],[-6.43,53.232],[-6.43,53.231],[-6.429,53.231],[-6.428,53.231],[-6.427,53.231],[-6.426,53.231],[-6.425,53.231],[-6.424,53.231],[-6.423,53.231],[-6.421,53.231],[-6.42,53.231],[-6.419,53.229],[-6.417,53.227],[-6.414,53.223],[-6.414,53.219],[-6.412,53.218],[-6.411,53.217],[-6.411,53.216],[-6.41,53.216],[-6.407,53.218],[-6.406,53.217],[-6.403,53.213],[-6.401,53.211],[-6.403,53.209],[-6.403,53.208],[-6.402,53.208],[-6.402,53.209],[-6.401,53.209],[-6.401,53.21],[-6.397,53.212],[-6.395,53.213],[-6.376,53.216],[-6.375,53.216],[-6.373,53.215],[-6.371,53.215],[-6.368,53.214],[-6.375,53.192],[-6.347,53.181],[-6.346,53.181],[-6.334,53.179],[-6.333,53.178],[-6.332,53.178],[-6.33,53.179],[-6.327,53.182],[-6.327,53.183],[-6.32,53.188],[-6.312,53.194],[-6.311,53.222],[-6.305,53.225],[-6.302,53.225],[-6.3,53.224],[-6.299,53.224],[-6.298,53.224],[-6.296,53.224],[-6.292,53.223],[-6.291,53.222],[-6.276,53.211],[-6.259,53.205],[-6.252,53.204],[-6.243,53.203],[-6.24,53.202],[-6.239,53.202],[-6.238,53.202],[-6.237,53.203],[-6.232,53.204],[-6.23,53.204],[-6.227,53.205],[-6.22,53.212],[-6.194,53.217],[-6.19,53.218],[-6.186,53.22],[-6.183,53.221],[-6.182,53.221]]]},"properties":{"name":"Dublin","name_ga":"Baile Átha Cliath","seats":5}},{"type":"Feature","geometry":{"type":"Polygon","coordinates":[[[-6.27,53.364],[-6.25,53.357],[-6.249,53.357],[-6.247,53.355],[-6.246,53.355],[-6.246,53.356],[-6.245,53.356],[-6.244,53.356],[-6.244,53.357],[-6.243,53.357],[-6.243,53.358],[-6.242,53.358],[-6.241,53.359],[-6.24,53.36],[-6.239,53.36],[-6.239,53.361],[-6.235,53.359],[-6.192,53.358],[-6.158,53.378],[-6.117,53.389],[-6.085,53.363],[-6.059,53.364],[-6.045,53.385],[-6.128,53.4],[-6.151,53.396],[-6.153,53.394],[-6.192,53.393],[-6.233,53.396],[-6.233,53.394],[-6.246,53.393],[-6.249,53.392],[-6.264,53.396],[-6.264,53.395],[-6.264,53.392],[-6.264,53.391],[-6.264,53.39],[-6.265,53.389],[-6.265,53.388],[-6.265,53.387],[-6.265,53.386],[-6.265,53.385],[-6.265,53.384],[-6.266,53.383],[-6.266,53.382],[-6.266,53.381],[-6.266,53.38],[-6.265,53.378],[-6.265,53.377],[-6.265,53.376],[-6.265,53.375],[-6.266,53.374],[-6.266,53.373],[-6.266,53.372],[-6.267,53.372],[-6.267,53.371],[-6.268,53.371],[-6.269,53.37],[-6.269,53.369],[-6.27,53.369],[-6.27,53.368],[-6.271,53.367],[-6.271,53.366],[-6.272,53.366],[-6.272,53.365],[-6.27,53.364]]]},"properties":{"name":"Dublin North-East","name_ga":"Baile Átha Cliath Thoir Thuaidh","seats":5}},{"type":"Feature","geometry":{"type":"Polygon","coordinates":[[[-6.297,53.302],[-6.304,53.299],[-6.304,53.298],[-6.303,53.298],[-6.302,53.298],[-6.304,53.297],[-6.257,53.298],[-6.257,53.299],[-6.259,53.299],[-6.26,53.299],[-6.26,53.3],[-6.26,53.301],[-6.259,53.301],[-6.26,53.301],[-6.26,53.302],[-6.259,53.302],[-6.256,53.302],[-6.257,53.304],[-6.258,53.304],[-6.258,53.305],[-6.257,53.306],[-6.258,53.306],[-6.259,53.306],[-6.26,53.306],[-6.26,53.308],[-6.258,53.308],[-6.257,53.308],[-6.253,53.308],[-6.252,53.308],[-6.251,53.308],[-6.249,53.308],[-6.249,53.309],[-6.248,53.31],[-6.247,53.312],[-6.245,53.313],[-6.241,53.314],[-6.24,53.314],[-6.232,53.317],[-6.231,53.316],[-6.23,53.316],[-6.228,53.316],[-6.228,53.312],[-6.225,53.309],[-6.219,53.311],[-6.219,53.31],[-6.218,53.31],[-6.216,53.309],[-6.215,53.309],[-6.214,53.309],[-6.214,53.31],[-6.213,53.31],[-6.212,53.31],[-6.211,53.31],[-6.211,53.309],[-6.209,53.309],[-6.208,53.309],[-6.207,53.312],[-6.198,53.312],[-6.228,53.346],[-6.23,53.346],[-6.26,53.33],[-6.283,53.31],[-6.284,53.31],[-6.297,53.302]]]},"properties":{"name":"Dublin South-East","name_ga":"Baile Átha Cliath Thoir Theas","seats":3}},{"type":"Feature","geometry":{"type":"Polygon","coordinates":[[[-6.23,53.346],[-6.228,53.346],[-6.223,53.345],[-6.235,53.359],[-6.239,53.361],[-6.239,53.36],[-6.24,53.36],[-6.241,53.359],[-6.242,53.358],[-6.243,53.358],[-6.243,53.357],[-6.244,53.357],[-6.244,53.356],[-6.245,53.356],[-6.246,53.356],[-6.246,53.355],[-6.247,53.355],[-6.249,53.357],[-6.25,53.357],[-6.27,53.364],[-6.27,53.363],[-6.271,53.361],[-6.272,53.361],[-6.273,53.361],[-6.274,53.361],[-6.275,53.361],[-6.276,53.36],[-6.277,53.36],[-6.279,53.36],[-6.28,53.359],[-6.281,53.359],[-6.282,53.359],[-6.283,53.358],[-6.284,53.358],[-6.285,53.358],[-6.286,53.358],[-6.287,53.357],[-6.289,53.357],[-6.29,53.357],[-6.291,53.357],[-6.292,53.356],[-6.293,53.355],[-6.294,53.355],[-6.295,53.354],[-6.296,53.354],[-6.296,53.353],[-6.298,53.352],[-6.297,53.351],[-6.296,53.35],[-6.295,53.349],[-6.295,53.348],[-6.293,53.348],[-6.292,53.348],[-6.292,53.347],[-6.23,53.346]]]},"properties":{"name":"Dublin North-Central","name_ga":"Baile Átha Cliath Thuaidh-Lár","seats":4}},{"type":"Feature","geometry":{"type":"Polygon","coordinates":[[[-6.103,53.211],[-6.111,53.259],[-6.094,53.275],[-6.132,53.296],[-6.198,53.312],[-6.207,53.312],[-6.208,53.309],[-6.209,53.309],[-6.211,53.309],[-6.211,53.31],[-6.212,53.31],[-6.213,53.31],[-6.214,53.31],[-6.214,53.309],[-6.215,53.309],[-6.216,53.309],[-6.218,53.31],[-6.219,53.31],[-6.219,53.311],[-6.225,53.309],[-6.228,53.312],[-6.228,53.316],[-6.23,53.316],[-6.231,53.316],[-6.232,53.317],[-6.24,53.314],[-6.241,53.314],[-6.245,53.313],[-6.247,53.312],[-6.248,53.31],[-6.249,53.309],[-6.249,53.308],[-6.251,53.308],[-6.252,53.308],[-6.253,53.308],[-6.257,53.308],[-6.258,53.308],[-6.26,53.308],[-6.26,53.306],[-6.259,53.306],[-6.258,53.306],[-6.257,53.306],[-6.258,53.305],[-6.258,53.304],[-6.257,53.304],[-6.256,53.302],[-6.259,53.302],[-6.26,53.302],[-6.26,53.301],[-6.259,53.301],[-6.26,53.301],[-6.26,53.3],[-6.26,53.299],[-6.259,53.299],[-6.257,53.299],[-6.257,53.298],[-6.222,53.289],[-6.214,53.272],[-6.181,53.244],[-6.182,53.221],[-6.182,53.22],[-6.18,53.218],[-6.179,53.216],[-6.175,53.213],[-6.162,53.203],[-6.137,53.199],[-6.136,53.199],[-6.134,53.199],[-6.132,53.2],[-6.129,53.201],[-6.129,53.203],[-6.128,53.204],[-6.125,53.204],[-6.126,53.208],[-6.114,53.208],[-6.11,53.21],[-6.106,53.211],[-6.104,53.211],[-6.103,53.211]]]},"properties":{"name":"Dún Laoghaire and Rathdown","name_ga":"Dún Laoghaire agus Ráth an Dúin","seats":4}},{"type":"Feature","geometry":{"type":"Polygon","coordinates":[[[-6.428,53.721],[-6.418,53.726],[-6.348,53.705],[-6.325,53.719],[-6.27,53.732],[-6.247,53.722],[-6.249,53.754],[-6.238,53.784],[-6.26,53.806],[-6.25,53.851],[-6.238,53.86],[-6.306,53.879],[-6.331,53.876],[-6.369,53.904],[-6.377,53.957],[-6.366,53.98],[-6.34,53.997],[-6.297,54.009],[-6.25,53.988],[-6.164,53.977],[-6.11,53.996],[-6.129,54.031],[-6.152,54.028],[-6.195,54.056],[-6.246,54.077],[-6.278,54.109],[-6.368,54.111],[-6.367,54.07],[-6.387,54.062],[-6.433,54.061],[-6.475,54.076],[-6.489,54.064],[-6.488,54.062],[-6.485,54.038],[-6.464,54.029],[-6.479,53.999],[-6.479,53.998],[-6.483,53.995],[-6.486,53.972],[-6.587,53.97],[-6.579,53.95],[-6.58,53.95],[-6.571,53.94],[-6.541,53.914],[-6.518,53.906],[-6.517,53.906],[-6.51,53.899],[-6.509,53.899],[-6.508,53.899],[-6.507,53.899],[-6.504,53.899],[-6.501,53.899],[-6.499,53.899],[-6.498,53.9],[-6.496,53.9],[-6.495,53.9],[-6.494,53.901],[-6.493,53.901],[-6.492,53.901],[-6.491,53.901],[-6.49,53.901],[-6.489,53.9],[-6.49,53.899],[-6.491,53.898],[-6.492,53.898],[-6.492,53.897],[-6.492,53.896],[-6.492,53.895],[-6.492,53.894],[-6.491,53.893],[-6.49,53.892],[-6.489,53.892],[-6.488,53.892],[-6.486,53.892],[-6.485,53.892],[-6.484,53.892],[-6.483,53.892],[-6.482,53.893],[-6.482,53.892],[-6.481,53.892],[-6.48,53.892],[-6.478,53.892],[-6.476,53.892],[-6.475,53.892],[-6.474,53.891],[-6.469,53.89],[-6.468,53.889],[-6.467,53.888],[-6.466,53.887],[-6.465,53.887],[-6.466,53.885],[-6.466,53.884],[-6.469,53.884],[-6.47,53.884],[-6.473,53.884],[-6.476,53.884],[-6.477,53.884],[-6.478,53.884],[-6.479,53.883],[-6.48,53.883],[-6.483,53.883],[-6.485,53.883],[-6.486,53.883],[-6.487,53.883],[-6.488,53.883],[-6.488,53.882],[-6.489,53.882],[-6.49,53.882],[-6.491,53.882],[-6.492,53.882],[-6.493,53.882],[-6.495,53.882],[-6.496,53.882],[-6.497,53.882],[-6.497,53.883],[-6.498,53.883],[-6.499,53.883],[-6.5,53.883],[-6.5,53.882],[-6.5,53.881],[-6.5,53.88],[-6.5,53.879],[-6.5,53.878],[-6.5,53.877],[-6.499,53.877],[-6.499,53.876],[-6.499,53.875],[-6.499,53.874],[-6.499,53.873],[-6.5,53.873],[-6.5,53.872],[-6.5,53.871],[-6.5,53.87],[-6.5,53.866],[-6.501,53.866],[-6.501,53.867],[-6.502,53.867],[-6.503,53.867],[-6.504,53.867],[-6.505,53.867],[-6.505,53.866],[-6.505,53.865],[-6.506,53.865],[-6.507,53.865],[-6.51,53.865],[-6.511,53.865],[-6.512,53.865],[-6.512,53.864],[-6.513,53.864],[-6.514,53.864],[-6.515,53.864],[-6.516,53.864],[-6.517,53.863],[-6.518,53.863],[-6.518,53.862],[-6.519,53.862],[-6.52,53.862],[-6.521,53.861],[-6.522,53.861],[-6.523,53.861],[-6.522,53.858],[-6.524,53.854],[-6.551,53.854],[-6.552,53.854],[-6.553,53.854],[-6.554,53.854],[-6.555,53.854],[-6.558,53.854],[-6.559,53.854],[-6.56,53.854],[-6.561,53.854],[-6.562,53.854],[-6.563,53.854],[-6.564,53.854],[-6.565,53.854],[-6.565,53.853],[-6.565,53.852],[-6.566,53.852],[-6.567,53.852],[-6.569,53.852],[-6.57,53.852],[-6.571,53.852],[-6.572,53.852],[-6.572,53.851],[-6.573,53.851],[-6.575,53.851],[-6.576,53.85],[-6.578,53.849],[-6.578,53.848],[-6.58,53.847],[-6.581,53.847],[-6.581,53.846],[-6.582,53.846],[-6.583,53.846],[-6.587,53.846],[-6.589,53.845],[-6.592,53.845],[-6.581,53.817],[-6.515,53.767],[-6.467,53.77],[-6.447,53.758],[-6.482,53.73],[-6.444,53.716],[-6.428,53.721]]]},"properties":{"name":"Louth","name_ga":"Lúbhadh","seats":3}},{"type":"Feature","geometry":{"type":"Polygon","coordinates":[[[-6.46,53.388],[-6.44,53.4],[-6.441,53.406],[-6.421,53.424],[-6.41,53.441],[-6.355,53.447],[-6.355,53.462],[-6.355,53.463],[-6.354,53.463],[-6.354,53.464],[-6.353,53.466],[-6.352,53.466],[-6.348,53.472],[-6.338,53.478],[-6.331,53.486],[-6.331,53.489],[-6.33,53.49],[-6.33,53.491],[-6.329,53.492],[-6.33,53.492],[-6.331,53.492],[-6.331,53.491],[-6.332,53.491],[-6.34,53.492],[-6.346,53.502],[-6.359,53.505],[-6.36,53.504],[-6.363,53.505],[-6.366,53.506],[-6.367,53.506],[-6.367,53.507],[-6.368,53.507],[-6.367,53.509],[-6.367,53.51],[-6.367,53.512],[-6.367,53.513],[-6.367,53.514],[-6.367,53.515],[-6.367,53.516],[-6.368,53.516],[-6.367,53.517],[-6.383,53.521],[-6.386,53.523],[-6.408,53.526],[-6.433,53.544],[-6.434,53.546],[-6.434,53.547],[-6.435,53.548],[-6.436,53.549],[-6.435,53.55],[-6.432,53.551],[-6.429,53.559],[-6.414,53.573],[-6.369,53.589],[-6.335,53.573],[-6.272,53.597],[-6.267,53.622],[-6.241,53.635],[-6.225,53.629],[-6.22,53.63],[-6.218,53.631],[-6.218,53.632],[-6.217,53.632],[-6.216,53.632],[-6.217,53.633],[-6.215,53.633],[-6.213,53.634],[-6.231,53.664],[-6.247,53.722],[-6.27,53.732],[-6.325,53.719],[-6.348,53.705],[-6.418,53.726],[-6.428,53.721],[-6.444,53.716],[-6.482,53.73],[-6.447,53.758],[-6.467,53.77],[-6.515,53.767],[-6.581,53.817],[-6.592,53.845],[-6.594,53.845],[-6.595,53.846],[-6.595,53.847],[-6.6,53.859],[-6.602,53.86],[-6.602,53.863],[-6.602,53.864],[-6.604,53.865],[-6.605,53.866],[-6.606,53.866],[-6.609,53.868],[-6.684,53.9],[-6.762,53.917],[-6.784,53.898],[-6.835,53.895],[-6.845,53.879],[-6.881,53.875],[-6.884,53.88],[-6.916,53.891],[-6.917,53.891],[-6.921,53.892],[-6.931,53.872],[-6.972,53.858],[-6.953,53.836],[-6.918,53.817],[-6.951,53.782],[-7.004,53.766],[-7.105,53.777],[-7.141,53.799],[-7.194,53.795],[-7.229,53.772],[-7.278,53.782],[-7.308,53.813],[-7.344,53.799],[-7.336,53.788],[-7.292,53.778],[-7.264,53.748],[-7.23,53.734],[-7.226,53.703],[-7.147,53.684],[-7.131,53.674],[-7.13,53.674],[-7.074,53.648],[-7.055,53.655],[-7.004,53.677],[-6.981,53.671],[-6.96,53.648],[-6.99,53.578],[-7.023,53.575],[-7.035,53.559],[-7.035,53.558],[-7.028,53.55],[-7.028,53.549],[-7.027,53.549],[-6.954,53.55],[-6.904,53.494],[-6.85,53.496],[-6.815,53.519],[-6.768,53.494],[-6.772,53.475],[-6.74,53.458],[-6.719,53.471],[-6.671,53.439],[-6.625,53.421],[-6.584,53.427],[-6.532,53.394],[-6.494,53.384],[-6.485,53.39],[-6.46,53.388]]]},"properties":{"name":"Meath","name_ga":"An Mhí","seats":3}},{"type":"Feature","geometry":{"type":"Polygon","coordinates":[[[-6.489,54.064],[-6.549,54.05],[-6.587,54.058],[-6.625,54.037],[-6.65,54.061],[-6.645,54.099],[-6.661,54.123],[-6.632,54.147],[-6.636,54.171],[-6.665,54.193],[-6.707,54.2],[-6.746,54.189],[-6.801,54.213],[-6.829,54.247],[-6.827,54.26],[-6.876,54.278],[-6.852,54.291],[-6.877,54.347],[-6.907,54.352],[-6.911,54.375],[-6.982,54.41],[-7.029,54.421],[-7.054,54.412],[-7.071,54.39],[-7.109,54.366],[-7.104,54.356],[-7.152,54.336],[-7.212,54.3],[-7.173,54.286],[-7.151,54.258],[-7.147,54.225],[-7.185,54.225],[-7.248,54.204],[-7.26,54.184],[-7.253,54.155],[-7.263,54.137],[-7.31,54.167],[-7.327,54.151],[-7.32,54.114],[-7.286,54.105],[-7.246,54.093],[-7.232,54.097],[-7.223,54.102],[-7.218,54.1],[-7.219,54.1],[-7.202,54.092],[-7.169,54.089],[-7.165,54.088],[-7.128,54.094],[-7.126,54.095],[-7.114,54.095],[-7.079,54.089],[-7.035,54.097],[-7.022,54.078],[-6.98,54.05],[-6.94,54.033],[-6.935,54.019],[-6.891,54.012],[-6.89,54.012],[-6.865,53.988],[-6.83,53.932],[-6.762,53.917],[-6.684,53.9],[-6.609,53.868],[-6.606,53.866],[-6.605,53.866],[-6.604,53.865],[-6.602,53.864],[-6.602,53.863],[-6.602,53.86],[-6.6,53.859],[-6.595,53.847],[-6.595,53.846],[-6.594,53.845],[-6.592,53.845],[-6.589,53.845],[-6.587,53.846],[-6.583,53.846],[-6.582,53.846],[-6.581,53.846],[-6.581,53.847],[-6.58,53.847],[-6.578,53.848],[-6.578,53.849],[-6.576,53.85],[-6.575,53.851],[-6.573,53.851],[-6.572,53.851],[-6.572,53.852],[-6.571,53.852],[-6.57,53.852],[-6.569,53.852],[-6.567,53.852],[-6.566,53.852],[-6.565,53.852],[-6.565,53.853],[-6.565,53.854],[-6.564,53.854],[-6.563,53.854],[-6.562,53.854],[-6.561,53.854],[-6.56,53.854],[-6.559,53.854],[-6.558,53.854],[-6.555,53.854],[-6.554,53.854],[-6.553,53.854],[-6.552,53.854],[-6.551,53.854],[-6.524,53.854],[-6.522,53.858],[-6.523,53.861],[-6.522,53.861],[-6.521,53.861],[-6.52,53.862],[-6.519,53.862],[-6.518,53.862],[-6.518,53.863],[-6.517,53.863],[-6.516,53.864],[-6.515,53.864],[-6.514,53.864],[-6.513,53.864],[-6.512,53.864],[-6.512,53.865],[-6.511,53.865],[-6.51,53.865],[-6.507,53.865],[-6.506,53.865],[-6.505,53.865],[-6.505,53.866],[-6.505,53.867],[-6.504,53.867],[-6.503,53.867],[-6.502,53.867],[-6.501,53.867],[-6.501,53.866],[-6.5,53.866],[-6.5,53.87],[-6.5,53.871],[-6.5,53.872],[-6.5,53.873],[-6.499,53.873],[-6.499,53.874],[-6.499,53.875],[-6.499,53.876],[-6.499,53.877],[-6.5,53.877],[-6.5,53.878],[-6.5,53.879],[-6.5,53.88],[-6.5,53.881],[-6.5,53.882],[-6.5,53.883],[-6.499,53.883],[-6.498,53.883],[-6.497,53.883],[-6.497,53.882],[-6.496,53.882],[-6.495,53.882],[-6.493,53.882],[-6.492,53.882],[-6.491,53.882],[-6.49,53.882],[-6.489,53.882],[-6.488,53.882],[-6.488,53.883],[-6.487,53.883],[-6.486,53.883],[-6.485,53.883],[-6.483,53.883],[-6.48,53.883],[-6.479,53.883],[-6.478,53.884],[-6.477,53.884],[-6.476,53.884],[-6.473,53.884],[-6.47,53.884],[-6.469,53.884],[-6.466,53.884],[-6.466,53.885],[-6.465,53.887],[-6.466,53.887],[-6.467,53.888],[-6.468,53.889],[-6.469,53.89],[-6.474,53.891],[-6.475,53.892],[-6.476,53.892],[-6.478,53.892],[-6.48,53.892],[-6.481,53.892],[-6.482,53.892],[-6.482,53.893],[-6.483,53.892],[-6.484,53.892],[-6.485,53.892],[-6.486,53.892],[-6.488,53.892],[-6.489,53.892],[-6.49,53.892],[-6.491,53.893],[-6.492,53.894],[-6.492,53.895],[-6.492,53.896],[-6.492,53.897],[-6.492,53.898],[-6.491,53.898],[-6.49,53.899],[-6.489,53.9],[-6.49,53.901],[-6.491,53.901],[-6.492,53.901],[-6.493,53.901],[-6.494,53.901],[-6.495,53.9],[-6.496,53.9],[-6.498,53.9],[-6.499,53.899],[-6.501,53.899],[-6.504,53.899],[-6.507,53.899],[-6.508,53.899],[-6.509,53.899],[-6.51,53.899],[-6.517,53.906],[-6.518,53.906],[-6.541,53.914],[-6.571,53.94],[-6.58,53.95],[-6.579,53.95],[-6.587,53.97],[-6.486,53.972],[-6.483,53.995],[-6.479,53.998],[-6.479,53.999],[-6.464,54.029],[-6.485,54.038],[-6.488,54.062],[-6.489,54.064]]]},"properties":{"name":"Monaghan","name_ga":"Muineachán","seats":3}},{"type":"Feature","geometry":{"type":"Polygon","coordinates":[[[-8.098,54.961],[-8.099,54.961],[-8.1,54.961],[-8.1,54.96],[-8.099,54.96],[-8.098,54.959],[-8.098,54.96],[-8.098,54.959],[-8.099,54.959],[-8.1,54.959],[-8.101,54.959],[-8.102,54.959],[-8.103,54.958],[-8.104,54.958],[-8.104,54.956],[-8.102,54.956],[-8.102,54.955],[-8.103,54.948],[-8.103,54.947],[-8.104,54.947],[-8.104,54.946],[-8.103,54.946],[-8.103,54.945],[-8.103,54.944],[-8.103,54.943],[-8.103,54.942],[-8.103,54.941],[-8.104,54.941],[-8.105,54.941],[-8.105,54.94],[-8.106,54.94],[-8.107,54.94],[-8.107,54.939],[-8.107,54.938],[-8.108,54.938],[-8.108,54.939],[-8.108,54.938],[-8.109,54.938],[-8.11,54.938],[-8.111,54.938],[-8.112,54.938],[-8.112,54.937],[-8.112,54.936],[-8.111,54.936],[-8.11,54.936],[-8.11,54.935],[-8.109,54.935],[-8.109,54.934],[-8.109,54.933],[-8.108,54.933],[-8.107,54.933],[-8.106,54.933],[-8.105,54.933],[-8.105,54.932],[-8.106,54.932],[-8.105,54.932],[-8.104,54.932],[-8.103,54.932],[-8.102,54.932],[-8.101,54.932],[-8.101,54.933],[-8.1,54.933],[-8.1,54.932],[-8.099,54.932],[-8.099,54.933],[-8.098,54.933],[-8.097,54.933],[-8.096,54.933],[-8.095,54.933],[-8.094,54.933],[-8.093,54.933],[-8.092,54.933],[-8.091,54.933],[-8.09,54.933],[-8.089,54.933],[-8.089,54.934],[-8.089,54.933],[-8.089,54.934],[-8.088,54.934],[-8.088,54.933],[-8.087,54.933],[-8.086,54.933],[-8.085,54.933],[-8.084,54.933],[-8.083,54.933],[-8.083,54.934],[-8.083,54.933],[-8.082,54.933],[-8.081,54.933],[-8.081,54.932],[-8.08,54.932],[-8.08,54.931],[-8.079,54.931],[-8.079,54.93],[-8.078,54.93],[-8.078,54.929],[-8.077,54.929],[-8.077,54.928],[-8.076,54.928],[-8.076,54.927],[-8.075,54.927],[-8.075,54.926],[-8.074,54.926],[-8.074,54.925],[-8.073,54.925],[-8.072,54.925],[-8.072,54.924],[-8.071,54.924],[-8.07,54.924],[-8.07,54.923],[-8.069,54.923],[-8.068,54.923],[-8.067,54.923],[-8.067,54.922],[-8.066,54.922],[-8.066,54.921],[-8.065,54.921],[-8.065,54.92],[-8.064,54.92],[-8.064,54.919],[-8.063,54.919],[-8.063,54.918],[-8.062,54.918],[-8.061,54.918],[-8.061,54.917],[-8.06,54.917],[-8.059,54.917],[-8.058,54.916],[-8.057,54.916],[-8.056,54.916],[-8.055,54.916],[-8.054,54.915],[-8.053,54.915],[-8.052,54.914],[-8.051,54.914],[-8.05,54.914],[-8.05,54.913],[-8.049,54.913],[-8.048,54.913],[-8.047,54.913],[-8.046,54.913],[-8.046,54.914],[-8.046,54.913],[-8.045,54.913],[-8.044,54.913],[-8.044,54.912],[-8.043,54.912],[-8.042,54.912],[-8.041,54.912],[-8.041,54.913],[-8.041,54.912],[-8.04,54.912],[-8.039,54.912],[-8.038,54.912],[-8.037,54.911],[-8.036,54.911],[-8.035,54.91],[-8.035,54.909],[-8.034,54.909],[-8.034,54.908],[-8.035,54.908],[-8.034,54.908],[-8.034,54.907],[-8.033,54.907],[-8.033,54.906],[-8.032,54.906],[-8.031,54.906],[-8.03,54.905],[-8.031,54.905],[-8.032,54.904],[-8.031,54.904],[-8.031,54.903],[-8.031,54.902],[-8.032,54.902],[-8.033,54.902],[-8.034,54.901],[-8.035,54.9],[-8.036,54.899],[-8.036,54.898],[-8.037,54.898],[-8.038,54.898],[-8.037,54.898],[-8.037,54.897],[-8.036,54.897],[-8.037,54.897],[-8.037,54.896],[-8.038,54.896],[-8.038,54.895],[-8.037,54.895],[-8.036,54.895],[-8.035,54.895],[-8.035,54.894],[-8.034,54.894],[-8.033,54.895],[-8.033,54.894],[-8.032,54.894],[-8.03,54.894],[-8.029,54.894],[-8.029,54.893],[-8.028,54.893],[-8.028,54.892],[-8.027,54.892],[-8.026,54.892],[-8.025,54.892],[-8.024,54.891],[-8.026,54.891],[-8.026,54.89],[-8.025,54.89],[-8.024,54.89],[-8.023,54.89],[-8.024,54.89],[-8.024,54.889],[-8.023,54.889],[-8.022,54.888],[-8.021,54.888],[-8.021,54.887],[-8.02,54.887],[-8.019,54.887],[-8.018,54.886],[-8.018,54.885],[-8.019,54.885],[-8.019,54.884],[-8.02,54.884],[-8.019,54.884],[-8.018,54.884],[-8.017,54.884],[-8.016,54.883],[-8.015,54.883],[-8.014,54.883],[-8.012,54.883],[-8.011,54.883],[-8.01,54.883],[-8.009,54.883],[-8.008,54.883],[-8.005,54.882],[-8.004,54.881],[-8.003,54.881],[-8.002,54.881],[-8.001,54.882],[-7.999,54.883],[-7.995,54.885],[-7.995,54.886],[-7.995,54.887],[-7.994,54.888],[-7.993,54.889],[-7.991,54.89],[-7.989,54.89],[-7.988,54.89],[-7.987,54.89],[-7.985,54.89],[-7.985,54.891],[-7.984,54.891],[-7.983,54.891],[-7.982,54.891],[-7.981,54.891],[-7.981,54.892],[-7.98,54.892],[-7.979,54.892],[-7.978,54.892],[-7.977,54.892],[-7.976,54.892],[-7.976,54.893],[-7.975,54.893],[-7.975,54.894],[-7.975,54.893],[-7.974,54.893],[-7.974,54.894],[-7.973,54.895],[-7.972,54.895],[-7.971,54.895],[-7.97,54.895],[-7.969,54.895],[-7.968,54.895],[-7.967,54.895],[-7.966,54.895],[-7.965,54.894],[-7.966,54.894],[-7.965,54.893],[-7.966,54.893],[-7.965,54.892],[-7.964,54.892],[-7.964,54.891],[-7.964,54.89],[-7.963,54.89],[-7.963,54.889],[-7.962,54.889],[-7.962,54.888],[-7.961,54.888],[-7.961,54.887],[-7.962,54.887],[-7.962,54.886],[-7.961,54.887],[-7.96,54.887],[-7.959,54.887],[-7.958,54.887],[-7.957,54.887],[-7.956,54.887],[-7.955,54.887],[-7.954,54.887],[-7.953,54.887],[-7.952,54.887],[-7.951,54.888],[-7.95,54.888],[-7.95,54.887],[-7.949,54.887],[-7.948,54.888],[-7.947,54.888],[-7.946,54.888],[-7.945,54.888],[-7.945,54.887],[-7.946,54.887],[-7.945,54.887],[-7.944,54.887],[-7.944,54.886],[-7.943,54.886],[-7.942,54.886],[-7.942,54.885],[-7.941,54.885],[-7.941,54.884],[-7.942,54.884],[-7.941,54.884],[-7.941,54.883],[-7.94,54.884],[-7.939,54.884],[-7.939,54.883],[-7.938,54.883],[-7.937,54.883],[-7.936,54.883],[-7.935,54.883],[-7.934,54.883],[-7.933,54.883],[-7.932,54.883],[-7.932,54.882],[-7.931,54.882],[-7.93,54.882],[-7.929,54.882],[-7.928,54.882],[-7.926,54.882],[-7.926,54.881],[-7.925,54.881],[-7.924,54.881],[-7.923,54.881],[-7.922,54.881],[-7.921,54.881],[-7.92,54.881],[-7.919,54.881],[-7.918,54.881],[-7.919,54.881],[-7.919,54.882],[-7.918,54.882],[-7.918,54.881],[-7.917,54.881],[-7.917,54.882],[-7.917,54.881],[-7.916,54.881],[-7.916,54.882],[-7.915,54.882],[-7.915,54.881],[-7.915,54.882],[-7.914,54.882],[-7.914,54.881],[-7.913,54.881],[-7.912,54.881],[-7.911,54.881],[-7.91,54.881],[-7.909,54.881],[-7.908,54.881],[-7.908,54.88],[-7.907,54.88],[-7.906,54.88],[-7.905,54.88],[-7.903,54.879],[-7.902,54.879],[-7.901,54.879],[-7.9,54.878],[-7.899,54.878],[-7.898,54.878],[-7.897,54.878],[-7.896,54.878],[-7.895,54.878],[-7.894,54.878],[-7.893,54.878],[-7.892,54.878],[-7.892,54.877],[-7.891,54.877],[-7.89,54.877],[-7.889,54.877],[-7.888,54.877],[-7.887,54.877],[-7.886,54.877],[-7.885,54.877],[-7.884,54.877],[-7.883,54.877],[-7.882,54.878],[-7.881,54.878],[-7.88,54.878],[-7.88,54.879],[-7.879,54.879],[-7.878,54.879],[-7.877,54.879],[-7.876,54.879],[-7.875,54.879],[-7.874,54.879],[-7.873,54.879],[-7.871,54.879],[-7.87,54.879],[-7.87,54.88],[-7.869,54.88],[-7.868,54.88],[-7.868,54.879],[-7.866,54.879],[-7.867,54.879],[-7.868,54.878],[-7.869,54.878],[-7.869,54.877],[-7.87,54.877],[-7.871,54.877],[-7.87,54.877],[-7.871,54.877],[-7.871,54.876],[-7.872,54.876],[-7.872,54.875],[-7.873,54.875],[-7.874,54.875],[-7.874,54.874],[-7.874,54.873],[-7.875,54.873],[-7.875,54.872],[-7.876,54.872],[-7.876,54.871],[-7.877,54.871],[-7.877,54.87],[-7.878,54.87],[-7.878,54.869],[-7.879,54.869],[-7.879,54.868],[-7.878,54.868],[-7.877,54.867],[-7.876,54.867],[-7.875,54.866],[-7.874,54.866],[-7.873,54.866],[-7.872,54.866],[-7.87,54.866],[-7.869,54.866],[-7.869,54.865],[-7.868,54.865],[-7.866,54.865],[-7.865,54.865],[-7.863,54.865],[-7.862,54.865],[-7.861,54.865],[-7.86,54.865],[-7.859,54.866],[-7.858,54.865],[-7.858,54.864],[-7.856,54.863],[-7.856,54.862],[-7.855,54.861],[-7.854,54.86],[-7.853,54.859],[-7.853,54.858],[-7.852,54.857],[-7.851,54.857],[-7.85,54.857],[-7.849,54.857],[-7.848,54.857],[-7.847,54.857],[-7.846,54.857],[-7.845,54.857],[-7.844,54.857],[-7.843,54.857],[-7.842,54.857],[-7.842,54.856],[-7.841,54.856],[-7.84,54.856],[-7.84,54.855],[-7.839,54.855],[-7.838,54.855],[-7.837,54.855],[-7.837,54.854],[-7.836,54.854],[-7.835,54.854],[-7.834,54.854],[-7.833,54.854],[-7.833,54.853],[-7.832,54.853],[-7.831,54.853],[-7.83,54.853],[-7.829,54.853],[-7.828,54.853],[-7.827,54.853],[-7.827,54.852],[-7.826,54.852],[-7.825,54.852],[-7.824,54.852],[-7.823,54.852],[-7.823,54.853],[-7.823,54.852],[-7.822,54.852],[-7.821,54.852],[-7.82,54.852],[-7.819,54.852],[-7.818,54.852],[-7.817,54.852],[-7.816,54.852],[-7.816,54.851],[-7.815,54.851],[-7.814,54.851],[-7.813,54.852],[-7.813,54.851],[-7.812,54.851],[-7.811,54.851],[-7.81,54.851],[-7.809,54.851],[-7.808,54.851],[-7.807,54.851],[-7.807,54.852],[-7.806,54.852],[-7.806,54.851],[-7.805,54.851],[-7.804,54.851],[-7.803,54.851],[-7.803,54.852],[-7.802,54.852],[-7.801,54.852],[-7.8,54.851],[-7.8,54.852],[-7.799,54.852],[-7.798,54.851],[-7.798,54.852],[-7.797,54.852],[-7.797,54.851],[-7.796,54.851],[-7.795,54.851],[-7.794,54.851],[-7.793,54.851],[-7.792,54.851],[-7.792,54.85],[-7.791,54.85],[-7.79,54.85],[-7.789,54.85],[-7.789,54.849],[-7.788,54.849],[-7.787,54.849],[-7.786,54.849],[-7.785,54.849],[-7.784,54.849],[-7.783,54.849],[-7.782,54.849],[-7.781,54.849],[-7.781,54.848],[-7.78,54.848],[-7.778,54.848],[-7.778,54.847],[-7.777,54.847],[-7.777,54.846],[-7.776,54.846],[-7.775,54.846],[-7.774,54.846],[-7.773,54.846],[-7.772,54.846],[-7.771,54.847],[-7.77,54.847],[-7.769,54.847],[-7.768,54.847],[-7.767,54.847],[-7.766,54.847],[-7.765,54.847],[-7.764,54.847],[-7.763,54.847],[-7.762,54.847],[-7.761,54.847],[-7.76,54.847],[-7.759,54.847],[-7.758,54.848],[-7.757,54.848],[-7.756,54.848],[-7.755,54.848],[-7.754,54.848],[-7.753,54.848],[-7.752,54.848],[-7.751,54.848],[-7.751,54.847],[-7.75,54.847],[-7.749,54.847],[-7.748,54.847],[-7.747,54.847],[-7.747,54.848],[-7.746,54.848],[-7.746,54.847],[-7.744,54.848],[-7.743,54.848],[-7.742,54.848],[-7.741,54.848],[-7.741,54.849],[-7.741,54.85],[-7.74,54.85],[-7.739,54.85],[-7.738,54.851],[-7.736,54.852],[-7.733,54.854],[-7.732,54.854],[-7.732,54.855],[-7.731,54.855],[-7.731,54.856],[-7.73,54.857],[-7.729,54.857],[-7.727,54.857],[-7.726,54.857],[-7.726,54.858],[-7.726,54.859],[-7.726,54.86],[-7.727,54.86],[-7.727,54.861],[-7.727,54.862],[-7.728,54.862],[-7.727,54.863],[-7.726,54.863],[-7.725,54.863],[-7.725,54.864],[-7.724,54.864],[-7.724,54.865],[-7.723,54.865],[-7.723,54.866],[-7.722,54.866],[-7.723,54.866],[-7.722,54.867],[-7.721,54.867],[-7.721,54.868],[-7.72,54.868],[-7.719,54.868],[-7.718,54.869],[-7.718,54.87],[-7.717,54.87],[-7.717,54.871],[-7.716,54.871],[-7.717,54.871],[-7.719,54.871],[-7.72,54.871],[-7.721,54.871],[-7.722,54.871],[-7.723,54.87],[-7.724,54.871],[-7.724,54.872],[-7.724,54.873],[-7.723,54.873],[-7.723,54.874],[-7.723,54.875],[-7.722,54.875],[-7.721,54.875],[-7.721,54.876],[-7.72,54.876],[-7.72,54.877],[-7.719,54.877],[-7.718,54.877],[-7.718,54.878],[-7.717,54.878],[-7.716,54.878],[-7.715,54.878],[-7.715,54.879],[-7.714,54.879],[-7.713,54.879],[-7.713,54.88],[-7.712,54.88],[-7.712,54.881],[-7.712,54.882],[-7.713,54.882],[-7.713,54.883],[-7.714,54.883],[-7.714,54.884],[-7.714,54.883],[-7.714,54.884],[-7.715,54.884],[-7.716,54.884],[-7.717,54.884],[-7.716,54.884],[-7.713,54.886],[-7.712,54.886],[-7.711,54.886],[-7.711,54.887],[-7.71,54.887],[-7.709,54.887],[-7.708,54.887],[-7.707,54.888],[-7.706,54.888],[-7.706,54.889],[-7.707,54.89],[-7.707,54.891],[-7.706,54.891],[-7.705,54.891],[-7.704,54.892],[-7.703,54.892],[-7.702,54.892],[-7.701,54.892],[-7.7,54.893],[-7.699,54.894],[-7.698,54.895],[-7.696,54.896],[-7.695,54.896],[-7.694,54.895],[-7.693,54.895],[-7.693,54.894],[-7.692,54.894],[-7.692,54.893],[-7.691,54.893],[-7.69,54.893],[-7.69,54.894],[-7.689,54.893],[-7.686,54.894],[-7.685,54.894],[-7.684,54.895],[-7.679,54.897],[-7.678,54.896],[-7.677,54.896],[-7.675,54.895],[-7.674,54.894],[-7.673,54.894],[-7.672,54.894],[-7.672,54.893],[-7.671,54.893],[-7.67,54.893],[-7.668,54.893],[-7.667,54.893],[-7.665,54.893],[-7.664,54.893],[-7.664,54.892],[-7.664,54.891],[-7.664,54.89],[-7.664,54.889],[-7.663,54.889],[-7.663,54.887],[-7.663,54.886],[-7.66,54.885],[-7.659,54.885],[-7.658,54.885],[-7.657,54.885],[-7.655,54.885],[-7.654,54.885],[-7.653,54.885],[-7.651,54.884],[-7.65,54.883],[-7.65,54.882],[-7.649,54.881],[-7.649,54.88],[-7.65,54.879],[-7.651,54.877],[-7.652,54.877],[-7.652,54.876],[-7.653,54.876],[-7.654,54.876],[-7.654,54.875],[-7.655,54.875],[-7.656,54.874],[-7.657,54.874],[-7.657,54.873],[-7.658,54.873],[-7.657,54.873],[-7.657,54.872],[-7.656,54.872],[-7.655,54.872],[-7.654,54.872],[-7.653,54.872],[-7.652,54.872],[-7.652,54.871],[-7.651,54.87],[-7.651,54.869],[-7.65,54.869],[-7.65,54.868],[-7.649,54.868],[-7.649,54.867],[-7.648,54.867],[-7.647,54.867],[-7.647,54.866],[-7.645,54.865],[-7.644,54.865],[-7.643,54.865],[-7.642,54.865],[-7.641,54.865],[-7.64,54.864],[-7.639,54.863],[-7.639,54.862],[-7.64,54.861],[-7.64,54.86],[-7.639,54.86],[-7.639,54.859],[-7.639,54.858],[-7.638,54.858],[-7.637,54.858],[-7.637,54.857],[-7.636,54.857],[-7.636,54.856],[-7.636,54.855],[-7.636,54.854],[-7.637,54.854],[-7.636,54.853],[-7.635,54.853],[-7.634,54.853],[-7.633,54.854],[-7.632,54.854],[-7.631,54.854],[-7.631,54.853],[-7.63,54.852],[-7.629,54.852],[-7.627,54.852],[-7.626,54.852],[-7.625,54.852],[-7.625,54.851],[-7.625,54.85],[-7.625,54.849],[-7.624,54.849],[-7.623,54.848],[-7.623,54.847],[-7.622,54.846],[-7.623,54.845],[-7.624,54.845],[-7.625,54.845],[-7.625,54.844],[-7.624,54.844],[-7.623,54.844],[-7.622,54.844],[-7.621,54.844],[-7.62,54.844],[-7.619,54.844],[-7.618,54.844],[-7.618,54.843],[-7.617,54.843],[-7.617,54.842],[-7.617,54.841],[-7.616,54.841],[-7.615,54.841],[-7.614,54.841],[-7.615,54.84],[-7.615,54.839],[-7.614,54.838],[-7.614,54.839],[-7.612,54.839],[-7.612,54.838],[-7.611,54.838],[-7.611,54.839],[-7.61,54.839],[-7.609,54.84],[-7.608,54.84],[-7.607,54.84],[-7.606,54.84],[-7.607,54.84],[-7.607,54.839],[-7.606,54.839],[-7.606,54.838],[-7.607,54.838],[-7.607,54.837],[-7.608,54.837],[-7.607,54.837],[-7.606,54.836],[-7.605,54.836],[-7.605,54.835],[-7.606,54.835],[-7.606,54.834],[-7.605,54.834],[-7.605,54.835],[-7.604,54.835],[-7.602,54.835],[-7.602,54.834],[-7.603,54.834],[-7.602,54.834],[-7.602,54.833],[-7.601,54.833],[-7.601,54.832],[-7.6,54.832],[-7.599,54.832],[-7.599,54.833],[-7.598,54.833],[-7.599,54.833],[-7.6,54.833],[-7.6,54.834],[-7.599,54.834],[-7.598,54.834],[-7.597,54.835],[-7.596,54.835],[-7.595,54.835],[-7.594,54.835],[-7.593,54.835],[-7.592,54.835],[-7.591,54.836],[-7.59,54.836],[-7.59,54.837],[-7.589,54.837],[-7.588,54.837],[-7.588,54.838],[-7.587,54.838],[-7.586,54.838],[-7.585,54.837],[-7.584,54.837],[-7.583,54.838],[-7.582,54.838],[-7.581,54.838],[-7.58,54.838],[-7.579,54.838],[-7.578,54.838],[-7.577,54.838],[-7.576,54.838],[-7.577,54.837],[-7.578,54.837],[-7.579,54.836],[-7.58,54.836],[-7.58,54.835],[-7.581,54.835],[-7.581,54.834],[-7.582,54.834],[-7.582,54.833],[-7.583,54.833],[-7.583,54.832],[-7.584,54.832],[-7.584,54.831],[-7.583,54.831],[-7.584,54.831],[-7.584,54.83],[-7.585,54.829],[-7.586,54.829],[-7.586,54.828],[-7.586,54.827],[-7.586,54.826],[-7.585,54.826],[-7.584,54.826],[-7.583,54.825],[-7.582,54.825],[-7.582,54.824],[-7.581,54.824],[-7.581,54.823],[-7.581,54.822],[-7.581,54.821],[-7.581,54.82],[-7.58,54.819],[-7.579,54.819],[-7.577,54.82],[-7.577,54.821],[-7.576,54.821],[-7.575,54.821],[-7.574,54.82],[-7.574,54.821],[-7.573,54.821],[-7.573,54.82],[-7.572,54.82],[-7.572,54.819],[-7.571,54.819],[-7.57,54.819],[-7.571,54.819],[-7.571,54.818],[-7.57,54.817],[-7.569,54.817],[-7.569,54.816],[-7.568,54.815],[-7.568,54.814],[-7.567,54.813],[-7.566,54.813],[-7.565,54.814],[-7.564,54.814],[-7.563,54.814],[-7.562,54.814],[-7.562,54.815],[-7.561,54.816],[-7.56,54.816],[-7.56,54.817],[-7.559,54.817],[-7.559,54.818],[-7.558,54.818],[-7.557,54.818],[-7.556,54.818],[-7.555,54.818],[-7.554,54.818],[-7.553,54.818],[-7.553,54.819],[-7.552,54.819],[-7.551,54.82],[-7.55,54.82],[-7.551,54.82],[-7.551,54.821],[-7.552,54.821],[-7.552,54.822],[-7.552,54.823],[-7.551,54.823],[-7.55,54.823],[-7.549,54.823],[-7.548,54.823],[-7.547,54.822],[-7.546,54.822],[-7.545,54.822],[-7.544,54.822],[-7.543,54.822],[-7.542,54.822],[-7.541,54.822],[-7.54,54.821],[-7.539,54.821],[-7.538,54.821],[-7.536,54.82],[-7.535,54.82],[-7.535,54.819],[-7.534,54.819],[-7.533,54.82],[-7.533,54.821],[-7.532,54.821],[-7.531,54.82],[-7.53,54.82],[-7.529,54.82],[-7.528,54.82],[-7.527,54.82],[-7.526,54.82],[-7.525,54.82],[-7.521,54.819],[-7.519,54.818],[-7.518,54.818],[-7.517,54.818],[-7.516,54.818],[-7.516,54.817],[-7.516,54.816],[-7.515,54.816],[-7.515,54.815],[-7.514,54.814],[-7.512,54.813],[-7.512,54.812],[-7.511,54.812],[-7.484,54.824],[-7.444,54.869],[-7.452,54.9],[-7.448,54.934],[-7.405,54.942],[-7.391,55.022],[-7.345,55.051],[-7.318,55.045],[-7.259,55.066],[-7.201,55.121],[-7.157,55.15],[-7.121,55.158],[-7.05,55.187],[-6.95,55.211],[-6.923,55.236],[-6.957,55.254],[-6.996,55.254],[-7.011,55.266],[-7.063,55.272],[-7.105,55.288],[-7.156,55.297],[-7.179,55.34],[-7.291,55.369],[-7.332,55.368],[-7.37,55.383],[-7.386,55.367],[-7.348,55.358],[-7.354,55.332],[-7.318,55.311],[-7.258,55.286],[-7.29,55.275],[-7.316,55.304],[-7.375,55.316],[-7.384,55.293],[-7.45,55.289],[-7.509,55.265],[-7.518,55.239],[-7.536,55.229],[-7.555,55.198],[-7.516,55.183],[-7.489,55.159],[-7.459,55.119],[-7.479,55.09],[-7.533,55.072],[-7.513,55.04],[-7.517,55.025],[-7.597,54.993],[-7.616,54.972],[-7.659,54.969],[-7.634,54.997],[-7.559,55.035],[-7.568,55.054],[-7.597,55.062],[-7.584,55.082],[-7.533,55.094],[-7.522,55.136],[-7.615,55.192],[-7.607,55.217],[-7.627,55.269],[-7.659,55.277],[-7.702,55.248],[-7.755,55.247],[-7.758,55.234],[-7.794,55.221],[-7.772,55.192],[-7.727,55.178],[-7.712,55.191],[-7.68,55.165],[-7.697,55.152],[-7.726,55.175],[-7.796,55.183],[-7.814,55.198],[-7.817,55.226],[-7.867,55.227],[-7.874,55.205],[-7.839,55.195],[-7.825,55.177],[-7.854,55.164],[-7.902,55.177],[-7.946,55.181],[-7.942,55.212],[-7.975,55.224],[-8.016,55.214],[-8.016,55.185],[-8.081,55.16],[-8.081,55.159],[-8.08,55.159],[-8.079,55.159],[-8.079,55.16],[-8.078,55.16],[-8.077,55.16],[-8.076,55.16],[-8.075,55.16],[-8.074,55.16],[-8.074,55.159],[-8.075,55.159],[-8.075,55.158],[-8.075,55.157],[-8.074,55.157],[-8.074,55.156],[-8.075,55.156],[-8.074,55.156],[-8.073,55.156],[-8.073,55.155],[-8.072,55.155],[-8.072,55.154],[-8.071,55.154],[-8.072,55.153],[-8.071,55.152],[-8.072,55.152],[-8.072,55.151],[-8.072,55.15],[-8.072,55.149],[-8.072,55.148],[-8.071,55.148],[-8.072,55.148],[-8.072,55.147],[-8.072,55.146],[-8.071,55.146],[-8.07,55.146],[-8.071,55.145],[-8.072,55.145],[-8.072,55.144],[-8.071,55.144],[-8.071,55.143],[-8.069,55.143],[-8.068,55.143],[-8.068,55.142],[-8.067,55.142],[-8.067,55.141],[-8.066,55.14],[-8.065,55.14],[-8.065,55.139],[-8.064,55.139],[-8.064,55.138],[-8.063,55.138],[-8.062,55.138],[-8.062,55.137],[-8.061,55.137],[-8.06,55.137],[-8.06,55.136],[-8.059,55.136],[-8.059,55.135],[-8.058,55.135],[-8.055,55.134],[-8.055,55.133],[-8.055,55.132],[-8.051,55.128],[-8.05,55.127],[-8.049,55.126],[-8.047,55.124],[-8.046,55.123],[-8.045,55.121],[-8.044,55.121],[-8.044,55.12],[-8.041,55.114],[-8.041,55.112],[-8.039,55.109],[-8.039,55.108],[-8.038,55.107],[-8.038,55.106],[-8.032,55.105],[-8.031,55.105],[-8.029,55.105],[-8.028,55.105],[-8.025,55.105],[-8.023,55.104],[-8.019,55.104],[-8.018,55.104],[-8.016,55.104],[-8.008,55.103],[-8.002,55.103],[-8,55.103],[-7.999,55.104],[-8,55.103],[-8.001,55.102],[-8.002,55.101],[-8.003,55.1],[-8.003,55.098],[-8.004,55.097],[-8.004,55.096],[-8.004,55.095],[-8.005,55.095],[-8.005,55.094],[-8.006,55.093],[-8.006,55.092],[-8.007,55.091],[-8.007,55.09],[-8.008,55.089],[-8.007,55.089],[-8.005,55.089],[-8.004,55.089],[-8.003,55.089],[-8.003,55.09],[-8.002,55.09],[-8,55.09],[-7.999,55.089],[-7.998,55.088],[-7.997,55.087],[-7.994,55.086],[-7.992,55.086],[-7.992,55.085],[-7.991,55.085],[-7.991,55.084],[-7.99,55.084],[-7.989,55.084],[-7.989,55.083],[-7.99,55.083],[-7.989,55.081],[-7.988,55.08],[-7.987,55.08],[-7.987,55.079],[-7.986,55.079],[-7.986,55.078],[-7.986,55.077],[-7.986,55.076],[-7.985,55.076],[-7.984,55.076],[-7.983,55.076],[-7.982,55.076],[-7.981,55.076],[-7.98,55.077],[-7.977,55.077],[-7.976,55.077],[-7.976,55.076],[-7.977,55.075],[-7.977,55.073],[-7.976,55.073],[-7.974,55.072],[-7.973,55.072],[-7.974,55.071],[-7.973,55.071],[-7.972,55.071],[-7.971,55.071],[-7.97,55.071],[-7.968,55.071],[-7.968,55.07],[-7.967,55.07],[-7.966,55.07],[-7.964,55.07],[-7.963,55.07],[-7.962,55.07],[-7.961,55.069],[-7.96,55.069],[-7.959,55.069],[-7.958,55.069],[-7.956,55.069],[-7.955,55.069],[-7.954,55.069],[-7.953,55.069],[-7.952,55.069],[-7.951,55.069],[-7.95,55.068],[-7.949,55.068],[-7.948,55.067],[-7.949,55.067],[-7.949,55.066],[-7.948,55.065],[-7.948,55.064],[-7.948,55.063],[-7.947,55.063],[-7.947,55.064],[-7.946,55.064],[-7.945,55.064],[-7.945,55.065],[-7.944,55.065],[-7.942,55.065],[-7.941,55.066],[-7.94,55.066],[-7.939,55.065],[-7.938,55.065],[-7.937,55.065],[-7.936,55.065],[-7.935,55.065],[-7.933,55.063],[-7.932,55.062],[-7.932,55.061],[-7.931,55.061],[-7.931,55.06],[-7.931,55.059],[-7.932,55.059],[-7.933,55.059],[-7.933,55.058],[-7.934,55.058],[-7.935,55.058],[-7.936,55.057],[-7.936,55.056],[-7.935,55.056],[-7.935,55.055],[-7.936,55.054],[-7.937,55.054],[-7.938,55.054],[-7.939,55.054],[-7.942,55.055],[-7.943,55.054],[-7.946,55.053],[-7.949,55.051],[-7.95,55.05],[-7.955,55.047],[-7.957,55.045],[-7.958,55.044],[-7.965,55.042],[-7.968,55.041],[-7.979,55.03],[-7.982,55.028],[-7.988,55.024],[-7.99,55.023],[-7.991,55.023],[-7.992,55.022],[-7.994,55.021],[-7.996,55.022],[-7.997,55.022],[-7.997,55.023],[-7.997,55.024],[-7.998,55.025],[-7.999,55.025],[-8,55.024],[-8.002,55.023],[-8.003,55.022],[-8.004,55.022],[-8.004,55.021],[-8.005,55.021],[-8.005,55.02],[-8.006,55.02],[-8.007,55.019],[-8.008,55.019],[-8.009,55.019],[-8.01,55.019],[-8.011,55.019],[-8.011,55.018],[-8.012,55.018],[-8.013,55.018],[-8.014,55.018],[-8.015,55.017],[-8.015,55.016],[-8.016,55.015],[-8.017,55.015],[-8.017,55.014],[-8.017,55.013],[-8.018,55.013],[-8.018,55.012],[-8.019,55.012],[-8.019,55.011],[-8.02,55.011],[-8.021,55.01],[-8.022,55.01],[-8.023,55.009],[-8.024,55.008],[-8.027,55.007],[-8.028,55.006],[-8.029,55.006],[-8.03,55.005],[-8.034,55.003],[-8.035,55.002],[-8.037,55.001],[-8.038,55.001],[-8.039,55],[-8.04,54.999],[-8.041,54.998],[-8.042,54.998],[-8.042,54.997],[-8.044,54.996],[-8.045,54.996],[-8.048,54.994],[-8.049,54.993],[-8.049,54.992],[-8.05,54.992],[-8.05,54.991],[-8.05,54.99],[-8.051,54.99],[-8.052,54.99],[-8.053,54.99],[-8.053,54.989],[-8.054,54.989],[-8.054,54.988],[-8.054,54.987],[-8.057,54.985],[-8.058,54.985],[-8.059,54.984],[-8.06,54.984],[-8.06,54.983],[-8.061,54.983],[-8.061,54.982],[-8.062,54.982],[-8.063,54.982],[-8.064,54.981],[-8.065,54.981],[-8.065,54.98],[-8.066,54.98],[-8.067,54.98],[-8.067,54.979],[-8.068,54.979],[-8.069,54.979],[-8.069,54.978],[-8.07,54.978],[-8.071,54.978],[-8.071,54.977],[-8.071,54.978],[-8.072,54.977],[-8.073,54.977],[-8.074,54.977],[-8.075,54.976],[-8.076,54.976],[-8.077,54.975],[-8.078,54.975],[-8.079,54.974],[-8.08,54.974],[-8.081,54.973],[-8.082,54.973],[-8.082,54.972],[-8.083,54.972],[-8.084,54.972],[-8.084,54.971],[-8.086,54.971],[-8.087,54.971],[-8.087,54.97],[-8.088,54.97],[-8.089,54.97],[-8.089,54.969],[-8.09,54.969],[-8.091,54.969],[-8.091,54.968],[-8.092,54.968],[-8.093,54.968],[-8.093,54.967],[-8.094,54.966],[-8.095,54.966],[-8.095,54.965],[-8.096,54.965],[-8.096,54.964],[-8.097,54.964],[-8.098,54.964],[-8.099,54.964],[-8.099,54.963],[-8.098,54.963],[-8.098,54.962],[-8.098,54.961]]]},"properties":{"name":"North-East Donegal","name_ga":"Dún na nGall Thoir Thuaidh","seats":3}},{"type":"Feature","geometry":{"type":"MultiPolygon","coordinates":[[[[-8.081,55.16],[-8.119,55.16],[-8.123,55.145],[-8.273,55.155],[-8.313,55.114],[-8.315,55.075],[-8.349,55.064],[-8.343,55.047],[-8.395,55.044],[-8.408,55.014],[-8.452,54.999],[-8.414,54.959],[-8.373,54.943],[-8.427,54.935],[-8.459,54.919],[-8.443,54.905],[-8.388,54.888],[-8.386,54.852],[-8.447,54.839],[-8.502,54.845],[-8.527,54.812],[-8.473,54.79],[-8.537,54.765],[-8.594,54.778],[-8.665,54.769],[-8.75,54.728],[-8.75,54.708],[-8.806,54.698],[-8.795,54.669],[-8.773,54.657],[-8.692,54.642],[-8.676,54.62],[-8.623,54.623],[-8.562,54.616],[-8.487,54.635],[-8.464,54.606],[-8.432,54.63],[-8.397,54.635],[-8.353,54.615],[-8.342,54.631],[-8.303,54.638],[-8.272,54.635],[-8.301,54.609],[-8.272,54.607],[-8.187,54.64],[-8.156,54.634],[-8.121,54.646],[-8.115,54.62],[-8.134,54.605],[-8.163,54.604],[-8.176,54.588],[-8.221,54.568],[-8.21,54.549],[-8.265,54.528],[-8.242,54.507],[-8.288,54.478],[-8.322,54.473],[-8.271,54.46],[-8.221,54.473],[-8.186,54.467],[-8.185,54.466],[-8.115,54.469],[-8.085,54.487],[-8.043,54.488],[-8.042,54.507],[-8.006,54.546],[-7.938,54.533],[-7.869,54.535],[-7.8,54.576],[-7.76,54.594],[-7.696,54.611],[-7.705,54.632],[-7.743,54.62],[-7.784,54.633],[-7.897,54.658],[-7.914,54.676],[-7.911,54.701],[-7.877,54.705],[-7.837,54.736],[-7.805,54.719],[-7.746,54.704],[-7.712,54.726],[-7.677,54.731],[-7.637,54.751],[-7.579,54.743],[-7.548,54.755],[-7.549,54.789],[-7.511,54.812],[-7.512,54.812],[-7.512,54.813],[-7.514,54.814],[-7.515,54.815],[-7.515,54.816],[-7.516,54.816],[-7.516,54.817],[-7.516,54.818],[-7.517,54.818],[-7.518,54.818],[-7.519,54.818],[-7.521,54.819],[-7.525,54.82],[-7.526,54.82],[-7.527,54.82],[-7.528,54.82],[-7.529,54.82],[-7.53,54.82],[-7.531,54.82],[-7.532,54.821],[-7.533,54.821],[-7.533,54.82],[-7.534,54.819],[-7.535,54.819],[-7.535,54.82],[-7.536,54.82],[-7.538,54.821],[-7.539,54.821],[-7.54,54.821],[-7.541,54.822],[-7.542,54.822],[-7.543,54.822],[-7.544,54.822],[-7.545,54.822],[-7.546,54.822],[-7.547,54.822],[-7.548,54.823],[-7.549,54.823],[-7.55,54.823],[-7.551,54.823],[-7.552,54.823],[-7.552,54.822],[-7.552,54.821],[-7.551,54.821],[-7.551,54.82],[-7.55,54.82],[-7.551,54.82],[-7.552,54.819],[-7.553,54.819],[-7.553,54.818],[-7.554,54.818],[-7.555,54.818],[-7.556,54.818],[-7.557,54.818],[-7.558,54.818],[-7.559,54.818],[-7.559,54.817],[-7.56,54.817],[-7.56,54.816],[-7.561,54.816],[-7.562,54.815],[-7.562,54.814],[-7.563,54.814],[-7.564,54.814],[-7.565,54.814],[-7.566,54.813],[-7.567,54.813],[-7.568,54.814],[-7.568,54.815],[-7.569,54.816],[-7.569,54.817],[-7.57,54.817],[-7.571,54.818],[-7.571,54.819],[-7.57,54.819],[-7.571,54.819],[-7.572,54.819],[-7.572,54.82],[-7.573,54.82],[-7.573,54.821],[-7.574,54.821],[-7.574,54.82],[-7.575,54.821],[-7.576,54.821],[-7.577,54.821],[-7.577,54.82],[-7.579,54.819],[-7.58,54.819],[-7.581,54.82],[-7.581,54.821],[-7.581,54.822],[-7.581,54.823],[-7.581,54.824],[-7.582,54.824],[-7.582,54.825],[-7.583,54.825],[-7.584,54.826],[-7.585,54.826],[-7.586,54.826],[-7.586,54.827],[-7.586,54.828],[-7.586,54.829],[-7.585,54.829],[-7.584,54.83],[-7.584,54.831],[-7.583,54.831],[-7.584,54.831],[-7.584,54.832],[-7.583,54.832],[-7.583,54.833],[-7.582,54.833],[-7.582,54.834],[-7.581,54.834],[-7.581,54.835],[-7.58,54.835],[-7.58,54.836],[-7.579,54.836],[-7.578,54.837],[-7.577,54.837],[-7.576,54.838],[-7.577,54.838],[-7.578,54.838],[-7.579,54.838],[-7.58,54.838],[-7.581,54.838],[-7.582,54.838],[-7.583,54.838],[-7.584,54.837],[-7.585,54.837],[-7.586,54.838],[-7.587,54.838],[-7.588,54.838],[-7.588,54.837],[-7.589,54.837],[-7.59,54.837],[-7.59,54.836],[-7.591,54.836],[-7.592,54.835],[-7.593,54.835],[-7.594,54.835],[-7.595,54.835],[-7.596,54.835],[-7.597,54.835],[-7.598,54.834],[-7.599,54.834],[-7.6,54.834],[-7.6,54.833],[-7.599,54.833],[-7.598,54.833],[-7.599,54.833],[-7.599,54.832],[-7.6,54.832],[-7.601,54.832],[-7.601,54.833],[-7.602,54.833],[-7.602,54.834],[-7.603,54.834],[-7.602,54.834],[-7.602,54.835],[-7.604,54.835],[-7.605,54.835],[-7.605,54.834],[-7.606,54.834],[-7.606,54.835],[-7.605,54.835],[-7.605,54.836],[-7.606,54.836],[-7.607,54.837],[-7.608,54.837],[-7.607,54.837],[-7.607,54.838],[-7.606,54.838],[-7.606,54.839],[-7.607,54.839],[-7.607,54.84],[-7.606,54.84],[-7.607,54.84],[-7.608,54.84],[-7.609,54.84],[-7.61,54.839],[-7.611,54.839],[-7.611,54.838],[-7.612,54.838],[-7.612,54.839],[-7.614,54.839],[-7.614,54.838],[-7.615,54.839],[-7.615,54.84],[-7.614,54.841],[-7.615,54.841],[-7.616,54.841],[-7.617,54.841],[-7.617,54.842],[-7.617,54.843],[-7.618,54.843],[-7.618,54.844],[-7.619,54.844],[-7.62,54.844],[-7.621,54.844],[-7.622,54.844],[-7.623,54.844],[-7.624,54.844],[-7.625,54.844],[-7.625,54.845],[-7.624,54.845],[-7.623,54.845],[-7.622,54.846],[-7.623,54.847],[-7.623,54.848],[-7.624,54.849],[-7.625,54.849],[-7.625,54.85],[-7.625,54.851],[-7.625,54.852],[-7.626,54.852],[-7.627,54.852],[-7.629,54.852],[-7.63,54.852],[-7.631,54.853],[-7.631,54.854],[-7.632,54.854],[-7.633,54.854],[-7.634,54.853],[-7.635,54.853],[-7.636,54.853],[-7.637,54.854],[-7.636,54.854],[-7.636,54.855],[-7.636,54.856],[-7.636,54.857],[-7.637,54.857],[-7.637,54.858],[-7.638,54.858],[-7.639,54.858],[-7.639,54.859],[-7.639,54.86],[-7.64,54.86],[-7.64,54.861],[-7.639,54.862],[-7.639,54.863],[-7.64,54.864],[-7.641,54.865],[-7.642,54.865],[-7.643,54.865],[-7.644,54.865],[-7.645,54.865],[-7.647,54.866],[-7.647,54.867],[-7.648,54.867],[-7.649,54.867],[-7.649,54.868],[-7.65,54.868],[-7.65,54.869],[-7.651,54.869],[-7.651,54.87],[-7.652,54.871],[-7.652,54.872],[-7.653,54.872],[-7.654,54.872],[-7.655,54.872],[-7.656,54.872],[-7.657,54.872],[-7.657,54.873],[-7.658,54.873],[-7.657,54.873],[-7.657,54.874],[-7.656,54.874],[-7.655,54.875],[-7.654,54.875],[-7.654,54.876],[-7.653,54.876],[-7.652,54.876],[-7.652,54.877],[-7.651,54.877],[-7.65,54.879],[-7.649,54.88],[-7.649,54.881],[-7.65,54.882],[-7.65,54.883],[-7.651,54.884],[-7.653,54.885],[-7.654,54.885],[-7.655,54.885],[-7.657,54.885],[-7.658,54.885],[-7.659,54.885],[-7.66,54.885],[-7.663,54.886],[-7.663,54.887],[-7.663,54.889],[-7.664,54.889],[-7.664,54.89],[-7.664,54.891],[-7.664,54.892],[-7.664,54.893],[-7.665,54.893],[-7.667,54.893],[-7.668,54.893],[-7.67,54.893],[-7.671,54.893],[-7.672,54.893],[-7.672,54.894],[-7.673,54.894],[-7.674,54.894],[-7.675,54.895],[-7.677,54.896],[-7.678,54.896],[-7.679,54.897],[-7.684,54.895],[-7.685,54.894],[-7.686,54.894],[-7.689,54.893],[-7.69,54.894],[-7.69,54.893],[-7.691,54.893],[-7.692,54.893],[-7.692,54.894],[-7.693,54.894],[-7.693,54.895],[-7.694,54.895],[-7.695,54.896],[-7.696,54.896],[-7.698,54.895],[-7.699,54.894],[-7.7,54.893],[-7.701,54.892],[-7.702,54.892],[-7.703,54.892],[-7.704,54.892],[-7.705,54.891],[-7.706,54.891],[-7.707,54.891],[-7.707,54.89],[-7.706,54.889],[-7.706,54.888],[-7.707,54.888],[-7.708,54.887],[-7.709,54.887],[-7.71,54.887],[-7.711,54.887],[-7.711,54.886],[-7.712,54.886],[-7.713,54.886],[-7.716,54.884],[-7.717,54.884],[-7.716,54.884],[-7.715,54.884],[-7.714,54.884],[-7.714,54.883],[-7.714,54.884],[-7.714,54.883],[-7.713,54.883],[-7.713,54.882],[-7.712,54.882],[-7.712,54.881],[-7.712,54.88],[-7.713,54.88],[-7.713,54.879],[-7.714,54.879],[-7.715,54.879],[-7.715,54.878],[-7.716,54.878],[-7.717,54.878],[-7.718,54.878],[-7.718,54.877],[-7.719,54.877],[-7.72,54.877],[-7.72,54.876],[-7.721,54.876],[-7.721,54.875],[-7.722,54.875],[-7.723,54.875],[-7.723,54.874],[-7.723,54.873],[-7.724,54.873],[-7.724,54.872],[-7.724,54.871],[-7.723,54.87],[-7.722,54.871],[-7.721,54.871],[-7.72,54.871],[-7.719,54.871],[-7.717,54.871],[-7.716,54.871],[-7.717,54.871],[-7.717,54.87],[-7.718,54.87],[-7.718,54.869],[-7.719,54.868],[-7.72,54.868],[-7.721,54.868],[-7.721,54.867],[-7.722,54.867],[-7.723,54.866],[-7.722,54.866],[-7.723,54.866],[-7.723,54.865],[-7.724,54.865],[-7.724,54.864],[-7.725,54.864],[-7.725,54.863],[-7.726,54.863],[-7.727,54.863],[-7.728,54.862],[-7.727,54.862],[-7.727,54.861],[-7.727,54.86],[-7.726,54.86],[-7.726,54.859],[-7.726,54.858],[-7.726,54.857],[-7.727,54.857],[-7.729,54.857],[-7.73,54.857],[-7.731,54.856],[-7.731,54.855],[-7.732,54.855],[-7.732,54.854],[-7.733,54.854],[-7.736,54.852],[-7.738,54.851],[-7.739,54.85],[-7.74,54.85],[-7.741,54.85],[-7.741,54.849],[-7.741,54.848],[-7.742,54.848],[-7.743,54.848],[-7.744,54.848],[-7.746,54.847],[-7.746,54.848],[-7.747,54.848],[-7.747,54.847],[-7.748,54.847],[-7.749,54.847],[-7.75,54.847],[-7.751,54.847],[-7.751,54.848],[-7.752,54.848],[-7.753,54.848],[-7.754,54.848],[-7.755,54.848],[-7.756,54.848],[-7.757,54.848],[-7.758,54.848],[-7.759,54.847],[-7.76,54.847],[-7.761,54.847],[-7.762,54.847],[-7.763,54.847],[-7.764,54.847],[-7.765,54.847],[-7.766,54.847],[-7.767,54.847],[-7.768,54.847],[-7.769,54.847],[-7.77,54.847],[-7.771,54.847],[-7.772,54.846],[-7.773,54.846],[-7.774,54.846],[-7.775,54.846],[-7.776,54.846],[-7.777,54.846],[-7.777,54.847],[-7.778,54.847],[-7.778,54.848],[-7.78,54.848],[-7.781,54.848],[-7.781,54.849],[-7.782,54.849],[-7.783,54.849],[-7.784,54.849],[-7.785,54.849],[-7.786,54.849],[-7.787,54.849],[-7.788,54.849],[-7.789,54.849],[-7.789,54.85],[-7.79,54.85],[-7.791,54.85],[-7.792,54.85],[-7.792,54.851],[-7.793,54.851],[-7.794,54.851],[-7.795,54.851],[-7.796,54.851],[-7.797,54.851],[-7.797,54.852],[-7.798,54.852],[-7.798,54.851],[-7.799,54.852],[-7.8,54.852],[-7.8,54.851],[-7.801,54.852],[-7.802,54.852],[-7.803,54.852],[-7.803,54.851],[-7.804,54.851],[-7.805,54.851],[-7.806,54.851],[-7.806,54.852],[-7.807,54.852],[-7.807,54.851],[-7.808,54.851],[-7.809,54.851],[-7.81,54.851],[-7.811,54.851],[-7.812,54.851],[-7.813,54.851],[-7.813,54.852],[-7.814,54.851],[-7.815,54.851],[-7.816,54.851],[-7.816,54.852],[-7.817,54.852],[-7.818,54.852],[-7.819,54.852],[-7.82,54.852],[-7.821,54.852],[-7.822,54.852],[-7.823,54.852],[-7.823,54.853],[-7.823,54.852],[-7.824,54.852],[-7.825,54.852],[-7.826,54.852],[-7.827,54.852],[-7.827,54.853],[-7.828,54.853],[-7.829,54.853],[-7.83,54.853],[-7.831,54.853],[-7.832,54.853],[-7.833,54.853],[-7.833,54.854],[-7.834,54.854],[-7.835,54.854],[-7.836,54.854],[-7.837,54.854],[-7.837,54.855],[-7.838,54.855],[-7.839,54.855],[-7.84,54.855],[-7.84,54.856],[-7.841,54.856],[-7.842,54.856],[-7.842,54.857],[-7.843,54.857],[-7.844,54.857],[-7.845,54.857],[-7.846,54.857],[-7.847,54.857],[-7.848,54.857],[-7.849,54.857],[-7.85,54.857],[-7.851,54.857],[-7.852,54.857],[-7.853,54.858],[-7.853,54.859],[-7.854,54.86],[-7.855,54.861],[-7.856,54.862],[-7.856,54.863],[-7.858,54.864],[-7.858,54.865],[-7.859,54.866],[-7.86,54.865],[-7.861,54.865],[-7.862,54.865],[-7.863,54.865],[-7.865,54.865],[-7.866,54.865],[-7.868,54.865],[-7.869,54.865],[-7.869,54.866],[-7.87,54.866],[-7.872,54.866],[-7.873,54.866],[-7.874,54.866],[-7.875,54.866],[-7.876,54.867],[-7.877,54.867],[-7.878,54.868],[-7.879,54.868],[-7.879,54.869],[-7.878,54.869],[-7.878,54.87],[-7.877,54.87],[-7.877,54.871],[-7.876,54.871],[-7.876,54.872],[-7.875,54.872],[-7.875,54.873],[-7.874,54.873],[-7.874,54.874],[-7.874,54.875],[-7.873,54.875],[-7.872,54.875],[-7.872,54.876],[-7.871,54.876],[-7.871,54.877],[-7.87,54.877],[-7.871,54.877],[-7.87,54.877],[-7.869,54.877],[-7.869,54.878],[-7.868,54.878],[-7.867,54.879],[-7.866,54.879],[-7.868,54.879],[-7.868,54.88],[-7.869,54.88],[-7.87,54.88],[-7.87,54.879],[-7.871,54.879],[-7.873,54.879],[-7.874,54.879],[-7.875,54.879],[-7.876,54.879],[-7.877,54.879],[-7.878,54.879],[-7.879,54.879],[-7.88,54.879],[-7.88,54.878],[-7.881,54.878],[-7.882,54.878],[-7.883,54.877],[-7.884,54.877],[-7.885,54.877],[-7.886,54.877],[-7.887,54.877],[-7.888,54.877],[-7.889,54.877],[-7.89,54.877],[-7.891,54.877],[-7.892,54.877],[-7.892,54.878],[-7.893,54.878],[-7.894,54.878],[-7.895,54.878],[-7.896,54.878],[-7.897,54.878],[-7.898,54.878],[-7.899,54.878],[-7.9,54.878],[-7.901,54.879],[-7.902,54.879],[-7.903,54.879],[-7.905,54.88],[-7.906,54.88],[-7.907,54.88],[-7.908,54.88],[-7.908,54.881],[-7.909,54.881],[-7.91,54.881],[-7.911,54.881],[-7.912,54.881],[-7.913,54.881],[-7.914,54.881],[-7.914,54.882],[-7.915,54.882],[-7.915,54.881],[-7.915,54.882],[-7.916,54.882],[-7.916,54.881],[-7.917,54.881],[-7.917,54.882],[-7.917,54.881],[-7.918,54.881],[-7.918,54.882],[-7.919,54.882],[-7.919,54.881],[-7.918,54.881],[-7.919,54.881],[-7.92,54.881],[-7.921,54.881],[-7.922,54.881],[-7.923,54.881],[-7.924,54.881],[-7.925,54.881],[-7.926,54.881],[-7.926,54.882],[-7.928,54.882],[-7.929,54.882],[-7.93,54.882],[-7.931,54.882],[-7.932,54.882],[-7.932,54.883],[-7.933,54.883],[-7.934,54.883],[-7.935,54.883],[-7.936,54.883],[-7.937,54.883],[-7.938,54.883],[-7.939,54.883],[-7.939,54.884],[-7.94,54.884],[-7.941,54.883],[-7.941,54.884],[-7.942,54.884],[-7.941,54.884],[-7.941,54.885],[-7.942,54.885],[-7.942,54.886],[-7.943,54.886],[-7.944,54.886],[-7.944,54.887],[-7.945,54.887],[-7.946,54.887],[-7.945,54.887],[-7.945,54.888],[-7.946,54.888],[-7.947,54.888],[-7.948,54.888],[-7.949,54.887],[-7.95,54.887],[-7.95,54.888],[-7.951,54.888],[-7.952,54.887],[-7.953,54.887],[-7.954,54.887],[-7.955,54.887],[-7.956,54.887],[-7.957,54.887],[-7.958,54.887],[-7.959,54.887],[-7.96,54.887],[-7.961,54.887],[-7.962,54.886],[-7.962,54.887],[-7.961,54.887],[-7.961,54.888],[-7.962,54.888],[-7.962,54.889],[-7.963,54.889],[-7.963,54.89],[-7.964,54.89],[-7.964,54.891],[-7.964,54.892],[-7.965,54.892],[-7.966,54.893],[-7.965,54.893],[-7.966,54.894],[-7.965,54.894],[-7.966,54.895],[-7.967,54.895],[-7.968,54.895],[-7.969,54.895],[-7.97,54.895],[-7.971,54.895],[-7.972,54.895],[-7.973,54.895],[-7.974,54.894],[-7.974,54.893],[-7.975,54.893],[-7.975,54.894],[-7.975,54.893],[-7.976,54.893],[-7.976,54.892],[-7.977,54.892],[-7.978,54.892],[-7.979,54.892],[-7.98,54.892],[-7.981,54.892],[-7.981,54.891],[-7.982,54.891],[-7.983,54.891],[-7.984,54.891],[-7.985,54.891],[-7.985,54.89],[-7.987,54.89],[-7.988,54.89],[-7.989,54.89],[-7.991,54.89],[-7.993,54.889],[-7.994,54.888],[-7.995,54.887],[-7.995,54.886],[-7.995,54.885],[-7.999,54.883],[-8.001,54.882],[-8.002,54.881],[-8.003,54.881],[-8.004,54.881],[-8.005,54.882],[-8.008,54.883],[-8.009,54.883],[-8.01,54.883],[-8.011,54.883],[-8.012,54.883],[-8.014,54.883],[-8.015,54.883],[-8.016,54.883],[-8.017,54.884],[-8.018,54.884],[-8.019,54.884],[-8.02,54.884],[-8.019,54.884],[-8.019,54.885],[-8.018,54.885],[-8.018,54.886],[-8.019,54.887],[-8.02,54.887],[-8.021,54.887],[-8.021,54.888],[-8.022,54.888],[-8.023,54.889],[-8.024,54.889],[-8.024,54.89],[-8.023,54.89],[-8.024,54.89],[-8.025,54.89],[-8.026,54.89],[-8.026,54.891],[-8.024,54.891],[-8.025,54.892],[-8.026,54.892],[-8.027,54.892],[-8.028,54.892],[-8.028,54.893],[-8.029,54.893],[-8.029,54.894],[-8.03,54.894],[-8.032,54.894],[-8.033,54.894],[-8.033,54.895],[-8.034,54.894],[-8.035,54.894],[-8.035,54.895],[-8.036,54.895],[-8.037,54.895],[-8.038,54.895],[-8.038,54.896],[-8.037,54.896],[-8.037,54.897],[-8.036,54.897],[-8.037,54.897],[-8.037,54.898],[-8.038,54.898],[-8.037,54.898],[-8.036,54.898],[-8.036,54.899],[-8.035,54.9],[-8.034,54.901],[-8.033,54.902],[-8.032,54.902],[-8.031,54.902],[-8.031,54.903],[-8.031,54.904],[-8.032,54.904],[-8.031,54.905],[-8.03,54.905],[-8.031,54.906],[-8.032,54.906],[-8.033,54.906],[-8.033,54.907],[-8.034,54.907],[-8.034,54.908],[-8.035,54.908],[-8.034,54.908],[-8.034,54.909],[-8.035,54.909],[-8.035,54.91],[-8.036,54.911],[-8.037,54.911],[-8.038,54.912],[-8.039,54.912],[-8.04,54.912],[-8.041,54.912],[-8.041,54.913],[-8.041,54.912],[-8.042,54.912],[-8.043,54.912],[-8.044,54.912],[-8.044,54.913],[-8.045,54.913],[-8.046,54.913],[-8.046,54.914],[-8.046,54.913],[-8.047,54.913],[-8.048,54.913],[-8.049,54.913],[-8.05,54.913],[-8.05,54.914],[-8.051,54.914],[-8.052,54.914],[-8.053,54.915],[-8.054,54.915],[-8.055,54.916],[-8.056,54.916],[-8.057,54.916],[-8.058,54.916],[-8.059,54.917],[-8.06,54.917],[-8.061,54.917],[-8.061,54.918],[-8.062,54.918],[-8.063,54.918],[-8.063,54.919],[-8.064,54.919],[-8.064,54.92],[-8.065,54.92],[-8.065,54.921],[-8.066,54.921],[-8.066,54.922],[-8.067,54.922],[-8.067,54.923],[-8.068,54.923],[-8.069,54.923],[-8.07,54.923],[-8.07,54.924],[-8.071,54.924],[-8.072,54.924],[-8.072,54.925],[-8.073,54.925],[-8.074,54.925],[-8.074,54.926],[-8.075,54.926],[-8.075,54.927],[-8.076,54.927],[-8.076,54.928],[-8.077,54.928],[-8.077,54.929],[-8.078,54.929],[-8.078,54.93],[-8.079,54.93],[-8.079,54.931],[-8.08,54.931],[-8.08,54.932],[-8.081,54.932],[-8.081,54.933],[-8.082,54.933],[-8.083,54.933],[-8.083,54.934],[-8.083,54.933],[-8.084,54.933],[-8.085,54.933],[-8.086,54.933],[-8.087,54.933],[-8.088,54.933],[-8.088,54.934],[-8.089,54.934],[-8.089,54.933],[-8.089,54.934],[-8.089,54.933],[-8.09,54.933],[-8.091,54.933],[-8.092,54.933],[-8.093,54.933],[-8.094,54.933],[-8.095,54.933],[-8.096,54.933],[-8.097,54.933],[-8.098,54.933],[-8.099,54.933],[-8.099,54.932],[-8.1,54.932],[-8.1,54.933],[-8.101,54.933],[-8.101,54.932],[-8.102,54.932],[-8.103,54.932],[-8.104,54.932],[-8.105,54.932],[-8.106,54.932],[-8.105,54.932],[-8.105,54.933],[-8.106,54.933],[-8.107,54.933],[-8.108,54.933],[-8.109,54.933],[-8.109,54.934],[-8.109,54.935],[-8.11,54.935],[-8.11,54.936],[-8.111,54.936],[-8.112,54.936],[-8.112,54.937],[-8.112,54.938],[-8.111,54.938],[-8.11,54.938],[-8.109,54.938],[-8.108,54.938],[-8.108,54.939],[-8.108,54.938],[-8.107,54.938],[-8.107,54.939],[-8.107,54.94],[-8.106,54.94],[-8.105,54.94],[-8.105,54.941],[-8.104,54.941],[-8.103,54.941],[-8.103,54.942],[-8.103,54.943],[-8.103,54.944],[-8.103,54.945],[-8.103,54.946],[-8.104,54.946],[-8.104,54.947],[-8.103,54.947],[-8.103,54.948],[-8.102,54.955],[-8.102,54.956],[-8.104,54.956],[-8.104,54.958],[-8.103,54.958],[-8.102,54.959],[-8.101,54.959],[-8.1,54.959],[-8.099,54.959],[-8.098,54.959],[-8.098,54.96],[-8.098,54.959],[-8.099,54.96],[-8.1,54.96],[-8.1,54.961],[-8.099,54.961],[-8.098,54.961],[-8.098,54.962],[-8.098,54.963],[-8.099,54.963],[-8.099,54.964],[-8.098,54.964],[-8.097,54.964],[-8.096,54.964],[-8.096,54.965],[-8.095,54.965],[-8.095,54.966],[-8.094,54.966],[-8.093,54.967],[-8.093,54.968],[-8.092,54.968],[-8.091,54.968],[-8.091,54.969],[-8.09,54.969],[-8.089,54.969],[-8.089,54.97],[-8.088,54.97],[-8.087,54.97],[-8.087,54.971],[-8.086,54.971],[-8.084,54.971],[-8.084,54.972],[-8.083,54.972],[-8.082,54.972],[-8.082,54.973],[-8.081,54.973],[-8.08,54.974],[-8.079,54.974],[-8.078,54.975],[-8.077,54.975],[-8.076,54.976],[-8.075,54.976],[-8.074,54.977],[-8.073,54.977],[-8.072,54.977],[-8.071,54.978],[-8.071,54.977],[-8.071,54.978],[-8.07,54.978],[-8.069,54.978],[-8.069,54.979],[-8.068,54.979],[-8.067,54.979],[-8.067,54.98],[-8.066,54.98],[-8.065,54.98],[-8.065,54.981],[-8.064,54.981],[-8.063,54.982],[-8.062,54.982],[-8.061,54.982],[-8.061,54.983],[-8.06,54.983],[-8.06,54.984],[-8.059,54.984],[-8.058,54.985],[-8.057,54.985],[-8.054,54.987],[-8.054,54.988],[-8.054,54.989],[-8.053,54.989],[-8.053,54.99],[-8.052,54.99],[-8.051,54.99],[-8.05,54.99],[-8.05,54.991],[-8.05,54.992],[-8.049,54.992],[-8.049,54.993],[-8.048,54.994],[-8.045,54.996],[-8.044,54.996],[-8.042,54.997],[-8.042,54.998],[-8.041,54.998],[-8.04,54.999],[-8.039,55],[-8.038,55.001],[-8.037,55.001],[-8.035,55.002],[-8.034,55.003],[-8.03,55.005],[-8.029,55.006],[-8.028,55.006],[-8.027,55.007],[-8.024,55.008],[-8.023,55.009],[-8.022,55.01],[-8.021,55.01],[-8.02,55.011],[-8.019,55.011],[-8.019,55.012],[-8.018,55.012],[-8.018,55.013],[-8.017,55.013],[-8.017,55.014],[-8.017,55.015],[-8.016,55.015],[-8.015,55.016],[-8.015,55.017],[-8.014,55.018],[-8.013,55.018],[-8.012,55.018],[-8.011,55.018],[-8.011,55.019],[-8.01,55.019],[-8.009,55.019],[-8.008,55.019],[-8.007,55.019],[-8.006,55.02],[-8.005,55.02],[-8.005,55.021],[-8.004,55.021],[-8.004,55.022],[-8.003,55.022],[-8.002,55.023],[-8,55.024],[-7.999,55.025],[-7.998,55.025],[-7.997,55.024],[-7.997,55.023],[-7.997,55.022],[-7.996,55.022],[-7.994,55.021],[-7.992,55.022],[-7.991,55.023],[-7.99,55.023],[-7.988,55.024],[-7.982,55.028],[-7.979,55.03],[-7.968,55.041],[-7.965,55.042],[-7.958,55.044],[-7.957,55.045],[-7.955,55.047],[-7.95,55.05],[-7.949,55.051],[-7.946,55.053],[-7.943,55.054],[-7.942,55.055],[-7.939,55.054],[-7.938,55.054],[-7.937,55.054],[-7.936,55.054],[-7.935,55.055],[-7.935,55.056],[-7.936,55.056],[-7.936,55.057],[-7.935,55.058],[-7.934,55.058],[-7.933,55.058],[-7.933,55.059],[-7.932,55.059],[-7.931,55.059],[-7.931,55.06],[-7.931,55.061],[-7.932,55.061],[-7.932,55.062],[-7.933,55.063],[-7.935,55.065],[-7.936,55.065],[-7.937,55.065],[-7.938,55.065],[-7.939,55.065],[-7.94,55.066],[-7.941,55.066],[-7.942,55.065],[-7.944,55.065],[-7.945,55.065],[-7.945,55.064],[-7.946,55.064],[-7.947,55.064],[-7.947,55.063],[-7.948,55.063],[-7.948,55.064],[-7.948,55.065],[-7.949,55.066],[-7.949,55.067],[-7.948,55.067],[-7.949,55.068],[-7.95,55.068],[-7.951,55.069],[-7.952,55.069],[-7.953,55.069],[-7.954,55.069],[-7.955,55.069],[-7.956,55.069],[-7.958,55.069],[-7.959,55.069],[-7.96,55.069],[-7.961,55.069],[-7.962,55.07],[-7.963,55.07],[-7.964,55.07],[-7.966,55.07],[-7.967,55.07],[-7.968,55.07],[-7.968,55.071],[-7.97,55.071],[-7.971,55.071],[-7.972,55.071],[-7.973,55.071],[-7.974,55.071],[-7.973,55.072],[-7.974,55.072],[-7.976,55.073],[-7.977,55.073],[-7.977,55.075],[-7.976,55.076],[-7.976,55.077],[-7.977,55.077],[-7.98,55.077],[-7.981,55.076],[-7.982,55.076],[-7.983,55.076],[-7.984,55.076],[-7.985,55.076],[-7.986,55.076],[-7.986,55.077],[-7.986,55.078],[-7.986,55.079],[-7.987,55.079],[-7.987,55.08],[-7.988,55.08],[-7.989,55.081],[-7.99,55.083],[-7.989,55.083],[-7.989,55.084],[-7.99,55.084],[-7.991,55.084],[-7.991,55.085],[-7.992,55.085],[-7.992,55.086],[-7.994,55.086],[-7.997,55.087],[-7.998,55.088],[-7.999,55.089],[-8,55.09],[-8.002,55.09],[-8.003,55.09],[-8.003,55.089],[-8.004,55.089],[-8.005,55.089],[-8.007,55.089],[-8.008,55.089],[-8.007,55.09],[-8.007,55.091],[-8.006,55.092],[-8.006,55.093],[-8.005,55.094],[-8.005,55.095],[-8.004,55.095],[-8.004,55.096],[-8.004,55.097],[-8.003,55.098],[-8.003,55.1],[-8.002,55.101],[-8.001,55.102],[-8,55.103],[-7.999,55.104],[-8,55.103],[-8.002,55.103],[-8.008,55.103],[-8.016,55.104],[-8.018,55.104],[-8.019,55.104],[-8.023,55.104],[-8.025,55.105],[-8.028,55.105],[-8.029,55.105],[-8.031,55.105],[-8.032,55.105],[-8.038,55.106],[-8.038,55.107],[-8.039,55.108],[-8.039,55.109],[-8.041,55.112],[-8.041,55.114],[-8.044,55.12],[-8.044,55.121],[-8.045,55.121],[-8.046,55.123],[-8.047,55.124],[-8.049,55.126],[-8.05,55.127],[-8.051,55.128],[-8.055,55.132],[-8.055,55.133],[-8.055,55.134],[-8.058,55.135],[-8.059,55.135],[-8.059,55.136],[-8.06,55.136],[-8.06,55.137],[-8.061,55.137],[-8.062,55.137],[-8.062,55.138],[-8.063,55.138],[-8.064,55.138],[-8.064,55.139],[-8.065,55.139],[-8.065,55.14],[-8.066,55.14],[-8.067,55.141],[-8.067,55.142],[-8.068,55.142],[-8.068,55.143],[-8.069,55.143],[-8.071,55.143],[-8.071,55.144],[-8.072,55.144],[-8.072,55.145],[-8.071,55.145],[-8.07,55.146],[-8.071,55.146],[-8.072,55.146],[-8.072,55.147],[-8.072,55.148],[-8.071,55.148],[-8.072,55.148],[-8.072,55.149],[-8.072,55.15],[-8.072,55.151],[-8.072,55.152],[-8.071,55.152],[-8.072,55.153],[-8.071,55.154],[-8.072,55.154],[-8.072,55.155],[-8.073,55.155],[-8.073,55.156],[-8.074,55.156],[-8.075,55.156],[-8.074,55.156],[-8.074,55.157],[-8.075,55.157],[-8.075,55.158],[-8.075,55.159],[-8.074,55.159],[-8.074,55.16],[-8.075,55.16],[-8.076,55.16],[-8.077,55.16],[-8.078,55.16],[-8.079,55.16],[-8.079,55.159],[-8.08,55.159],[-8.081,55.159],[-8.081,55.16]]],[[[-8.515,55.007],[-8.539,55.02],[-8.563,54.995],[-8.567,54.976],[-8.488,54.973],[-8.515,55.007]]]]},"properties":{"name":"South-West Donegal","name_ga":"Dún na nGall Thiar Theas","seats":3}},{"type":"Feature","geometry":{"type":"Polygon","coordinates":[[[-6.762,53.917],[-6.83,53.932],[-6.865,53.988],[-6.89,54.012],[-6.891,54.012],[-6.935,54.019],[-6.94,54.033],[-6.98,54.05],[-7.022,54.078],[-7.035,54.097],[-7.079,54.089],[-7.114,54.095],[-7.126,54.095],[-7.128,54.094],[-7.165,54.088],[-7.169,54.089],[-7.202,54.092],[-7.219,54.1],[-7.218,54.1],[-7.223,54.102],[-7.232,54.097],[-7.246,54.093],[-7.286,54.105],[-7.32,54.114],[-7.363,54.131],[-7.442,54.154],[-7.481,54.122],[-7.528,54.136],[-7.546,54.127],[-7.61,54.144],[-7.625,54.165],[-7.692,54.204],[-7.804,54.207],[-7.862,54.219],[-7.861,54.261],[-7.871,54.288],[-7.888,54.301],[-7.947,54.304],[-7.951,54.3],[-7.953,54.298],[-7.974,54.274],[-8.01,54.248],[-8.041,54.254],[-8.058,54.236],[-8.034,54.216],[-8.048,54.187],[-8.006,54.192],[-7.984,54.179],[-7.953,54.179],[-7.888,54.142],[-7.859,54.113],[-7.822,54.096],[-7.788,54.108],[-7.753,54.102],[-7.751,54.102],[-7.737,54.083],[-7.709,54.084],[-7.685,54.06],[-7.658,54.056],[-7.647,54.028],[-7.64,54.023],[-7.601,54.011],[-7.585,53.981],[-7.598,53.952],[-7.61,53.938],[-7.558,53.904],[-7.585,53.857],[-7.543,53.853],[-7.494,53.86],[-7.477,53.854],[-7.456,53.802],[-7.378,53.785],[-7.344,53.799],[-7.308,53.813],[-7.278,53.782],[-7.229,53.772],[-7.194,53.795],[-7.141,53.799],[-7.105,53.777],[-7.004,53.766],[-6.951,53.782],[-6.918,53.817],[-6.953,53.836],[-6.972,53.858],[-6.931,53.872],[-6.921,53.892],[-6.917,53.891],[-6.916,53.891],[-6.884,53.88],[-6.881,53.875],[-6.845,53.879],[-6.835,53.895],[-6.784,53.898],[-6.762,53.917]]]},"properties":{"name":"Cavan","name_ga":"An Cabhán","seats":3}},{"type":"Feature","geometry":{"type":"Polygon","coordinates":[[[-7.445,53.329],[-7.448,53.382],[-7.425,53.404],[-7.42,53.454],[-7.399,53.469],[-7.335,53.455],[-7.297,53.528],[-7.308,53.541],[-7.279,53.557],[-7.245,53.556],[-7.2,53.589],[-7.157,53.574],[-7.145,53.555],[-7.115,53.551],[-7.102,53.535],[-7.027,53.549],[-7.028,53.549],[-7.028,53.55],[-7.035,53.558],[-7.035,53.559],[-7.023,53.575],[-6.99,53.578],[-6.96,53.648],[-6.981,53.671],[-7.004,53.677],[-7.055,53.655],[-7.074,53.648],[-7.13,53.674],[-7.131,53.674],[-7.147,53.684],[-7.226,53.703],[-7.23,53.734],[-7.264,53.748],[-7.292,53.778],[-7.336,53.788],[-7.344,53.799],[-7.378,53.785],[-7.456,53.802],[-7.477,53.854],[-7.494,53.86],[-7.543,53.853],[-7.585,53.857],[-7.558,53.904],[-7.61,53.938],[-7.661,53.933],[-7.683,53.918],[-7.684,53.918],[-7.704,53.9],[-7.728,53.883],[-7.728,53.881],[-7.75,53.876],[-7.785,53.824],[-7.838,53.812],[-7.873,53.812],[-7.873,53.813],[-7.876,53.816],[-7.885,53.817],[-7.885,53.818],[-7.882,53.823],[-7.882,53.826],[-7.882,53.827],[-7.907,53.822],[-7.901,53.79],[-7.898,53.788],[-7.876,53.777],[-7.894,53.757],[-7.944,53.728],[-7.951,53.712],[-7.988,53.698],[-7.984,53.68],[-8.035,53.643],[-8.036,53.608],[-7.981,53.552],[-7.955,53.481],[-7.967,53.45],[-7.915,53.38],[-7.914,53.379],[-7.923,53.363],[-7.883,53.349],[-7.826,53.356],[-7.772,53.347],[-7.717,53.36],[-7.662,53.408],[-7.625,53.418],[-7.567,53.378],[-7.567,53.361],[-7.529,53.347],[-7.445,53.329]]]},"properties":{"name":"Longford-Westmeath","name_ga":"Longfort-An Iarmhí","seats":4}},{"type":"Feature","geometry":{"type":"Polygon","coordinates":[[[-7.923,53.363],[-7.914,53.379],[-7.915,53.38],[-7.967,53.45],[-7.955,53.481],[-7.981,53.552],[-8.036,53.608],[-8.035,53.643],[-7.984,53.68],[-7.988,53.698],[-7.951,53.712],[-7.944,53.728],[-7.894,53.757],[-7.876,53.777],[-7.898,53.788],[-7.901,53.79],[-7.907,53.822],[-7.882,53.827],[-7.882,53.826],[-7.882,53.823],[-7.885,53.818],[-7.885,53.817],[-7.876,53.816],[-7.873,53.813],[-7.873,53.812],[-7.838,53.812],[-7.785,53.824],[-7.75,53.876],[-7.728,53.881],[-7.728,53.883],[-7.704,53.9],[-7.684,53.918],[-7.683,53.918],[-7.661,53.933],[-7.61,53.938],[-7.598,53.952],[-7.585,53.981],[-7.601,54.011],[-7.64,54.023],[-7.647,54.028],[-7.687,54.033],[-7.742,54.002],[-7.775,53.994],[-7.825,54.033],[-7.862,54.04],[-7.882,54.053],[-7.936,54.071],[-7.953,54.045],[-7.983,54.027],[-8.037,54.03],[-8.051,54.038],[-8.091,54.027],[-8.09,54.029],[-8.089,54.032],[-8.09,54.032],[-8.09,54.036],[-8.089,54.036],[-8.088,54.038],[-8.048,54.072],[-8.053,54.105],[-8.072,54.105],[-8.073,54.105],[-8.083,54.105],[-8.083,54.106],[-8.148,54.124],[-8.177,54.088],[-8.218,54.084],[-8.219,54.062],[-8.295,54.045],[-8.315,54.005],[-8.366,54.005],[-8.405,53.961],[-8.361,53.948],[-8.336,53.926],[-8.448,53.926],[-8.473,53.916],[-8.473,53.917],[-8.519,53.927],[-8.537,53.958],[-8.585,53.954],[-8.599,53.958],[-8.6,53.958],[-8.598,53.953],[-8.597,53.953],[-8.599,53.95],[-8.598,53.949],[-8.596,53.946],[-8.595,53.945],[-8.6,53.934],[-8.57,53.913],[-8.569,53.913],[-8.539,53.891],[-8.538,53.891],[-8.571,53.886],[-8.572,53.886],[-8.59,53.878],[-8.615,53.88],[-8.648,53.865],[-8.676,53.876],[-8.695,53.863],[-8.701,53.85],[-8.702,53.85],[-8.712,53.847],[-8.713,53.847],[-8.723,53.846],[-8.713,53.834],[-8.714,53.829],[-8.733,53.806],[-8.694,53.798],[-8.667,53.776],[-8.681,53.757],[-8.681,53.756],[-8.694,53.727],[-8.695,53.726],[-8.715,53.723],[-8.715,53.722],[-8.713,53.712],[-8.758,53.698],[-8.792,53.696],[-8.824,53.666],[-8.823,53.665],[-8.801,53.657],[-8.768,53.664],[-8.739,53.663],[-8.685,53.673],[-8.684,53.673],[-8.656,53.677],[-8.641,53.697],[-8.64,53.697],[-8.626,53.705],[-8.619,53.706],[-8.606,53.709],[-8.554,53.718],[-8.524,53.714],[-8.47,53.715],[-8.458,53.697],[-8.428,53.67],[-8.363,53.651],[-8.397,53.635],[-8.397,53.634],[-8.39,53.627],[-8.382,53.618],[-8.384,53.606],[-8.352,53.594],[-8.342,53.579],[-8.308,53.578],[-8.288,53.562],[-8.289,53.562],[-8.291,53.545],[-8.28,53.526],[-8.279,53.526],[-8.291,53.518],[-8.275,53.494],[-8.286,53.471],[-8.263,53.461],[-8.243,53.448],[-8.242,53.448],[-8.263,53.43],[-8.253,53.412],[-8.238,53.411],[-8.238,53.407],[-8.225,53.397],[-8.244,53.375],[-8.245,53.375],[-8.237,53.364],[-8.23,53.351],[-8.2,53.348],[-8.188,53.302],[-8.15,53.282],[-8.056,53.274],[-8.052,53.277],[-8.024,53.304],[-8.027,53.321],[-7.99,53.331],[-7.99,53.332],[-7.951,53.34],[-7.948,53.341],[-7.923,53.363]]]},"properties":{"name":"Roscommon","name_ga":"Ros Comáin","seats":4}},{"type":"Feature","geometry":{"type":"MultiPolygon","coordinates":[[[[-8.585,53.954],[-8.594,53.967],[-8.583,54.013],[-8.647,54.033],[-8.701,54.005],[-8.738,53.995],[-8.756,53.976],[-8.795,53.966],[-8.791,53.942],[-8.805,53.901],[-8.835,53.909],[-8.854,53.898],[-8.897,53.916],[-8.964,53.93],[-8.993,53.917],[-8.985,53.889],[-9.028,53.89],[-9.046,53.919],[-9.094,53.94],[-9.119,53.939],[-9.145,53.965],[-9.192,53.978],[-9.204,53.994],[-9.244,53.971],[-9.306,53.961],[-9.319,53.943],[-9.355,53.942],[-9.388,53.953],[-9.414,53.922],[-9.459,53.915],[-9.507,53.893],[-9.546,53.884],[-9.575,53.885],[-9.59,53.846],[-9.617,53.845],[-9.617,53.811],[-9.554,53.797],[-9.594,53.782],[-9.658,53.782],[-9.668,53.789],[-9.74,53.774],[-9.77,53.782],[-9.826,53.77],[-9.901,53.764],[-9.894,53.738],[-9.918,53.691],[-9.908,53.652],[-9.88,53.634],[-9.784,53.603],[-9.697,53.605],[-9.67,53.613],[-9.652,53.602],[-9.611,53.607],[-9.585,53.599],[-9.565,53.613],[-9.543,53.581],[-9.481,53.562],[-9.361,53.574],[-9.289,53.54],[-9.279,53.515],[-9.236,53.499],[-9.237,53.48],[-9.182,53.472],[-9.137,53.477],[-9.094,53.515],[-9.039,53.536],[-9.025,53.551],[-9.044,53.576],[-9.007,53.584],[-8.98,53.605],[-8.971,53.655],[-8.938,53.66],[-8.899,53.652],[-8.843,53.653],[-8.823,53.665],[-8.824,53.666],[-8.792,53.696],[-8.758,53.698],[-8.713,53.712],[-8.715,53.722],[-8.715,53.723],[-8.695,53.726],[-8.694,53.727],[-8.681,53.756],[-8.681,53.757],[-8.667,53.776],[-8.694,53.798],[-8.733,53.806],[-8.714,53.829],[-8.713,53.834],[-8.723,53.846],[-8.713,53.847],[-8.712,53.847],[-8.702,53.85],[-8.701,53.85],[-8.695,53.863],[-8.676,53.876],[-8.648,53.865],[-8.615,53.88],[-8.59,53.878],[-8.572,53.886],[-8.571,53.886],[-8.538,53.891],[-8.539,53.891],[-8.569,53.913],[-8.57,53.913],[-8.6,53.934],[-8.595,53.945],[-8.596,53.946],[-8.598,53.949],[-8.599,53.95],[-8.597,53.953],[-8.598,53.953],[-8.6,53.958],[-8.599,53.958],[-8.585,53.954]]],[[[-9.996,53.79],[-9.951,53.798],[-9.98,53.829],[-9.996,53.814],[-10.049,53.802],[-10.041,53.79],[-9.996,53.79]]]]},"properties":{"name":"South Mayo","name_ga":"Maigh Eo Theas","seats":4}},{"type":"Feature","geometry":{"type":"Polygon","coordinates":[[[-8.322,54.473],[-8.476,54.452],[-8.487,54.421],[-8.532,54.402],[-8.619,54.379],[-8.672,54.36],[-8.645,54.333],[-8.594,54.343],[-8.555,54.342],[-8.572,54.305],[-8.527,54.303],[-8.492,54.292],[-8.517,54.276],[-8.584,54.276],[-8.616,54.26],[-8.558,54.23],[-8.57,54.217],[-8.628,54.238],[-8.645,54.261],[-8.682,54.273],[-8.725,54.263],[-8.785,54.271],[-8.826,54.253],[-8.95,54.293],[-9.055,54.294],[-9.054,54.274],[-9.092,54.228],[-9.095,54.215],[-9.133,54.207],[-9.124,54.182],[-9.132,54.162],[-9.103,54.149],[-9.057,54.146],[-9.025,54.162],[-8.993,54.15],[-8.937,54.143],[-8.917,54.118],[-8.96,54.102],[-8.965,54.073],[-9.015,54.052],[-9.012,54.024],[-8.969,54.027],[-8.942,54.01],[-8.889,54.007],[-8.845,53.972],[-8.795,53.966],[-8.756,53.976],[-8.738,53.995],[-8.701,54.005],[-8.647,54.033],[-8.583,54.013],[-8.594,53.967],[-8.585,53.954],[-8.537,53.958],[-8.519,53.927],[-8.473,53.917],[-8.473,53.916],[-8.448,53.926],[-8.336,53.926],[-8.361,53.948],[-8.405,53.961],[-8.366,54.005],[-8.315,54.005],[-8.295,54.045],[-8.219,54.062],[-8.218,54.084],[-8.177,54.088],[-8.148,54.124],[-8.083,54.106],[-8.083,54.105],[-8.073,54.105],[-8.072,54.105],[-8.053,54.105],[-8.048,54.072],[-8.088,54.038],[-8.089,54.036],[-8.09,54.036],[-8.09,54.032],[-8.089,54.032],[-8.09,54.029],[-8.091,54.027],[-8.051,54.038],[-8.037,54.03],[-7.983,54.027],[-7.953,54.045],[-7.936,54.071],[-7.882,54.053],[-7.862,54.04],[-7.825,54.033],[-7.775,53.994],[-7.742,54.002],[-7.687,54.033],[-7.647,54.028],[-7.658,54.056],[-7.685,54.06],[-7.709,54.084],[-7.737,54.083],[-7.751,54.102],[-7.753,54.102],[-7.788,54.108],[-7.822,54.096],[-7.859,54.113],[-7.888,54.142],[-7.953,54.179],[-7.984,54.179],[-8.006,54.192],[-8.048,54.187],[-8.034,54.216],[-8.058,54.236],[-8.041,54.254],[-8.01,54.248],[-7.974,54.274],[-7.953,54.298],[-7.951,54.3],[-7.947,54.304],[-7.999,54.347],[-8.057,54.366],[-8.097,54.406],[-8.154,54.437],[-8.143,54.45],[-8.185,54.466],[-8.186,54.467],[-8.221,54.473],[-8.271,54.46],[-8.322,54.473]]]},"properties":{"name":"Sligo-Leitrim","name_ga":"Sligeach-Liatroim","seats":4}},{"type":"Feature","geometry":{"type":"MultiPolygon","coordinates":[[[[-8.795,53.966],[-8.845,53.972],[-8.889,54.007],[-8.942,54.01],[-8.969,54.027],[-9.012,54.024],[-9.015,54.052],[-8.965,54.073],[-8.96,54.102],[-8.917,54.118],[-8.937,54.143],[-8.993,54.15],[-9.025,54.162],[-9.057,54.146],[-9.103,54.149],[-9.132,54.162],[-9.157,54.196],[-9.182,54.208],[-9.214,54.252],[-9.207,54.277],[-9.256,54.274],[-9.248,54.296],[-9.264,54.31],[-9.335,54.321],[-9.39,54.308],[-9.517,54.309],[-9.562,54.32],[-9.627,54.325],[-9.66,54.314],[-9.802,54.342],[-9.859,54.323],[-9.857,54.304],[-9.808,54.287],[-9.856,54.274],[-9.879,54.257],[-9.867,54.235],[-9.876,54.218],[-9.915,54.227],[-9.892,54.254],[-9.958,54.271],[-9.997,54.306],[-10.025,54.284],[-10.07,54.277],[-10.095,54.236],[-10.056,54.228],[-10.064,54.209],[-10.096,54.199],[-10.087,54.181],[-10.118,54.146],[-10.131,54.109],[-10.094,54.088],[-10.064,54.097],[-10.087,54.127],[-10.063,54.151],[-10.063,54.171],[-10.013,54.191],[-10,54.224],[-9.956,54.197],[-9.955,54.149],[-9.938,54.112],[-9.976,54.096],[-9.969,54.062],[-9.893,54.072],[-9.901,54.097],[-9.875,54.097],[-9.858,54.066],[-9.906,54.043],[-9.878,54.008],[-9.848,53.995],[-9.852,53.958],[-9.906,53.952],[-9.929,53.913],[-9.93,53.87],[-9.905,53.862],[-9.82,53.876],[-9.771,53.9],[-9.689,53.9],[-9.663,53.893],[-9.596,53.896],[-9.546,53.884],[-9.507,53.893],[-9.459,53.915],[-9.414,53.922],[-9.388,53.953],[-9.355,53.942],[-9.319,53.943],[-9.306,53.961],[-9.244,53.971],[-9.204,53.994],[-9.192,53.978],[-9.145,53.965],[-9.119,53.939],[-9.094,53.94],[-9.046,53.919],[-9.028,53.89],[-8.985,53.889],[-8.993,53.917],[-8.964,53.93],[-8.897,53.916],[-8.854,53.898],[-8.835,53.909],[-8.805,53.901],[-8.791,53.942],[-8.795,53.966]]],[[[-9.94,53.931],[-9.927,53.954],[-9.955,53.973],[-9.93,53.998],[-9.968,54.027],[-9.988,54.012],[-10.064,54.025],[-10.133,53.999],[-10.185,54.002],[-10.213,53.98],[-10.118,53.962],[-10.068,53.972],[-10.045,53.957],[-10.052,53.915],[-10.016,53.912],[-9.963,53.874],[-9.937,53.899],[-9.94,53.931]]]]},"properties":{"name":"North Mayo","name_ga":"Maigh Eo Thuaidh","seats":3}},{"type":"Feature","geometry":{"type":"MultiPolygon","coordinates":[[[[-9.67,53.613],[-9.704,53.595],[-9.731,53.6],[-9.789,53.594],[-9.81,53.606],[-9.872,53.625],[-9.911,53.601],[-9.968,53.601],[-9.997,53.611],[-10.049,53.609],[-10.02,53.578],[-9.963,53.571],[-9.988,53.548],[-10.014,53.567],[-10.099,53.577],[-10.129,53.576],[-10.158,53.557],[-10.1,53.48],[-10.058,53.457],[-10.065,53.442],[-10.133,53.451],[-10.184,53.413],[-10.141,53.417],[-10.105,53.41],[-10.052,53.415],[-10.037,53.391],[-9.989,53.379],[-9.935,53.379],[-9.915,53.392],[-9.903,53.422],[-9.866,53.389],[-9.829,53.416],[-9.792,53.394],[-9.817,53.378],[-9.889,53.369],[-9.906,53.324],[-9.882,53.312],[-9.839,53.321],[-9.774,53.3],[-9.74,53.306],[-9.697,53.36],[-9.63,53.381],[-9.647,53.343],[-9.609,53.334],[-9.598,53.36],[-9.552,53.342],[-9.62,53.327],[-9.598,53.28],[-9.63,53.25],[-9.614,53.232],[-9.578,53.247],[-9.51,53.222],[-9.456,53.232],[-9.34,53.238],[-9.224,53.25],[-9.163,53.246],[-9.13,53.256],[-9.099,53.255],[-9.039,53.27],[-8.946,53.274],[-8.939,53.259],[-8.904,53.251],[-8.855,53.267],[-8.895,53.327],[-8.925,53.344],[-8.912,53.394],[-8.997,53.408],[-9.019,53.418],[-9.102,53.403],[-9.122,53.423],[-9.185,53.425],[-9.214,53.444],[-9.26,53.45],[-9.266,53.469],[-9.237,53.48],[-9.236,53.499],[-9.279,53.515],[-9.289,53.54],[-9.361,53.574],[-9.481,53.562],[-9.543,53.581],[-9.565,53.613],[-9.585,53.599],[-9.611,53.607],[-9.652,53.602],[-9.67,53.613]]],[[[-9.786,53.13],[-9.691,53.108],[-9.665,53.119],[-9.703,53.142],[-9.786,53.13]]],[[[-9.574,53.102],[-9.613,53.084],[-9.576,53.073],[-9.574,53.102]]],[[[-9.72,53.258],[-9.7,53.225],[-9.655,53.227],[-9.642,53.257],[-9.654,53.279],[-9.72,53.258]]]]},"properties":{"name":"West Galway","name_ga":"Gaillimh Thiar","seats":3}},{"type":"Feature","geometry":{"type":"Polygon","coordinates":[[[-8.081,53.167],[-8.062,53.188],[-7.993,53.193],[-7.967,53.226],[-7.983,53.24],[-8.056,53.274],[-8.15,53.282],[-8.188,53.302],[-8.2,53.348],[-8.23,53.351],[-8.237,53.364],[-8.245,53.375],[-8.244,53.375],[-8.225,53.397],[-8.238,53.407],[-8.238,53.411],[-8.253,53.412],[-8.263,53.43],[-8.242,53.448],[-8.243,53.448],[-8.263,53.461],[-8.286,53.471],[-8.275,53.494],[-8.291,53.518],[-8.279,53.526],[-8.28,53.526],[-8.291,53.545],[-8.289,53.562],[-8.288,53.562],[-8.308,53.578],[-8.342,53.579],[-8.352,53.594],[-8.384,53.606],[-8.382,53.618],[-8.39,53.627],[-8.397,53.634],[-8.397,53.635],[-8.363,53.651],[-8.428,53.67],[-8.458,53.697],[-8.47,53.715],[-8.524,53.714],[-8.554,53.718],[-8.606,53.709],[-8.619,53.706],[-8.626,53.705],[-8.64,53.697],[-8.641,53.697],[-8.656,53.677],[-8.684,53.673],[-8.685,53.673],[-8.739,53.663],[-8.768,53.664],[-8.801,53.657],[-8.823,53.665],[-8.843,53.653],[-8.899,53.652],[-8.938,53.66],[-8.971,53.655],[-8.98,53.605],[-9.007,53.584],[-9.044,53.576],[-9.025,53.551],[-9.039,53.536],[-9.094,53.515],[-9.137,53.477],[-9.182,53.472],[-9.237,53.48],[-9.266,53.469],[-9.26,53.45],[-9.214,53.444],[-9.185,53.425],[-9.122,53.423],[-9.102,53.403],[-9.019,53.418],[-8.997,53.408],[-8.912,53.394],[-8.925,53.344],[-8.895,53.327],[-8.855,53.267],[-8.904,53.251],[-8.939,53.259],[-8.979,53.255],[-8.989,53.219],[-8.967,53.21],[-8.925,53.213],[-8.955,53.177],[-9.054,53.165],[-9.006,53.15],[-9.009,53.141],[-9.028,53.131],[-9.019,53.111],[-8.993,53.095],[-8.956,53.087],[-8.89,53.056],[-8.899,53.008],[-8.883,52.977],[-8.846,52.983],[-8.784,52.973],[-8.779,52.988],[-8.737,53.006],[-8.72,53.025],[-8.635,53.042],[-8.627,53.034],[-8.554,53.042],[-8.485,52.989],[-8.45,52.972],[-8.407,52.994],[-8.359,52.971],[-8.317,52.985],[-8.302,53.007],[-8.278,53.019],[-8.268,53.056],[-8.219,53.068],[-8.174,53.112],[-8.148,53.145],[-8.124,53.16],[-8.081,53.167]]]},"properties":{"name":"East Galway","name_ga":"Gaillimh Thoir","seats":5}},{"type":"Feature","geometry":{"type":"Polygon","coordinates":[[[-8.189,52.67],[-8.229,52.665],[-8.253,52.682],[-8.306,52.694],[-8.361,52.679],[-8.407,52.69],[-8.428,52.678],[-8.465,52.704],[-8.48,52.757],[-8.509,52.746],[-8.502,52.719],[-8.533,52.704],[-8.544,52.682],[-8.59,52.67],[-8.591,52.67],[-8.593,52.67],[-8.594,52.67],[-8.595,52.671],[-8.627,52.684],[-8.628,52.684],[-8.629,52.684],[-8.63,52.684],[-8.63,52.685],[-8.633,52.685],[-8.635,52.685],[-8.637,52.686],[-8.637,52.687],[-8.636,52.687],[-8.636,52.688],[-8.64,52.687],[-8.651,52.689],[-8.653,52.689],[-8.654,52.69],[-8.655,52.69],[-8.666,52.688],[-8.667,52.688],[-8.668,52.688],[-8.668,52.687],[-8.67,52.687],[-8.672,52.687],[-8.673,52.687],[-8.689,52.678],[-8.688,52.677],[-8.689,52.677],[-8.689,52.676],[-8.69,52.676],[-8.691,52.676],[-8.692,52.677],[-8.693,52.677],[-8.693,52.676],[-8.694,52.676],[-8.697,52.675],[-8.698,52.675],[-8.705,52.674],[-8.706,52.674],[-8.709,52.671],[-8.672,52.657],[-8.672,52.656],[-8.67,52.654],[-8.669,52.654],[-8.663,52.651],[-8.662,52.651],[-8.661,52.651],[-8.66,52.651],[-8.659,52.646],[-8.658,52.646],[-8.657,52.646],[-8.657,52.647],[-8.656,52.647],[-8.652,52.643],[-8.651,52.643],[-8.65,52.643],[-8.649,52.643],[-8.648,52.643],[-8.647,52.643],[-8.646,52.643],[-8.644,52.642],[-8.643,52.642],[-8.642,52.642],[-8.642,52.643],[-8.641,52.642],[-8.64,52.642],[-8.639,52.642],[-8.638,52.642],[-8.638,52.641],[-8.637,52.641],[-8.636,52.641],[-8.635,52.641],[-8.637,52.62],[-8.672,52.613],[-8.661,52.58],[-8.682,52.562],[-8.651,52.52],[-8.593,52.506],[-8.546,52.459],[-8.544,52.429],[-8.515,52.424],[-8.445,52.445],[-8.422,52.418],[-8.438,52.399],[-8.415,52.381],[-8.35,52.363],[-8.366,52.347],[-8.381,52.304],[-8.341,52.329],[-8.312,52.322],[-8.285,52.287],[-8.251,52.296],[-8.183,52.288],[-8.169,52.292],[-8.168,52.368],[-8.193,52.364],[-8.228,52.386],[-8.232,52.411],[-8.283,52.401],[-8.314,52.436],[-8.351,52.434],[-8.394,52.441],[-8.405,52.465],[-8.396,52.484],[-8.36,52.511],[-8.319,52.506],[-8.286,52.522],[-8.24,52.512],[-8.214,52.595],[-8.215,52.632],[-8.194,52.648],[-8.189,52.67]]]},"properties":{"name":"East Limerick","name_ga":"Luimneach Thoir","seats":4}},{"type":"Feature","geometry":{"type":"Polygon","coordinates":[[[-8.709,52.671],[-8.712,52.672],[-8.719,52.673],[-8.803,52.672],[-8.833,52.68],[-8.973,52.666],[-9.017,52.65],[-9.073,52.65],[-9.124,52.633],[-9.149,52.615],[-9.229,52.608],[-9.294,52.58],[-9.345,52.59],[-9.365,52.572],[-9.338,52.562],[-9.348,52.541],[-9.306,52.522],[-9.305,52.522],[-9.297,52.496],[-9.339,52.47],[-9.326,52.443],[-9.339,52.404],[-9.303,52.389],[-9.344,52.367],[-9.298,52.334],[-9.24,52.322],[-9.217,52.298],[-9.175,52.312],[-9.14,52.333],[-9.075,52.331],[-8.986,52.311],[-8.962,52.319],[-8.883,52.332],[-8.882,52.347],[-8.829,52.371],[-8.82,52.384],[-8.777,52.387],[-8.724,52.371],[-8.674,52.384],[-8.662,52.352],[-8.624,52.344],[-8.605,52.323],[-8.558,52.307],[-8.547,52.292],[-8.505,52.28],[-8.441,52.293],[-8.386,52.295],[-8.381,52.304],[-8.366,52.347],[-8.35,52.363],[-8.415,52.381],[-8.438,52.399],[-8.422,52.418],[-8.445,52.445],[-8.515,52.424],[-8.544,52.429],[-8.546,52.459],[-8.593,52.506],[-8.651,52.52],[-8.682,52.562],[-8.661,52.58],[-8.672,52.613],[-8.637,52.62],[-8.635,52.641],[-8.636,52.641],[-8.637,52.641],[-8.638,52.641],[-8.638,52.642],[-8.639,52.642],[-8.64,52.642],[-8.641,52.642],[-8.642,52.643],[-8.642,52.642],[-8.643,52.642],[-8.644,52.642],[-8.646,52.643],[-8.647,52.643],[-8.648,52.643],[-8.649,52.643],[-8.65,52.643],[-8.651,52.643],[-8.652,52.643],[-8.656,52.647],[-8.657,52.647],[-8.657,52.646],[-8.658,52.646],[-8.659,52.646],[-8.66,52.651],[-8.661,52.651],[-8.662,52.651],[-8.663,52.651],[-8.669,52.654],[-8.67,52.654],[-8.672,52.656],[-8.672,52.657],[-8.709,52.671]]]},"properties":{"name":"West Limerick","name_ga":"Luimneach Thiar","seats":3}},{"type":"Feature","geometry":{"type":"Polygon","coordinates":[[[-8.317,52.985],[-8.359,52.971],[-8.407,52.994],[-8.45,52.972],[-8.485,52.989],[-8.554,53.042],[-8.627,53.034],[-8.635,53.042],[-8.72,53.025],[-8.737,53.006],[-8.779,52.988],[-8.784,52.973],[-8.846,52.983],[-8.883,52.977],[-8.899,53.008],[-8.89,53.056],[-8.956,53.087],[-8.993,53.095],[-9.019,53.111],[-9.028,53.131],[-9.009,53.141],[-9.053,53.158],[-9.12,53.152],[-9.121,53.137],[-9.152,53.119],[-9.187,53.135],[-9.265,53.154],[-9.292,53.133],[-9.288,53.119],[-9.31,53.092],[-9.355,53.075],[-9.364,53.051],[-9.409,53.019],[-9.392,53.008],[-9.428,52.986],[-9.429,52.97],[-9.474,52.943],[-9.4,52.933],[-9.361,52.944],[-9.347,52.932],[-9.39,52.897],[-9.434,52.882],[-9.432,52.837],[-9.457,52.817],[-9.49,52.807],[-9.483,52.775],[-9.511,52.745],[-9.557,52.752],[-9.607,52.744],[-9.666,52.682],[-9.803,52.618],[-9.81,52.603],[-9.867,52.592],[-9.913,52.576],[-9.929,52.556],[-9.878,52.558],[-9.845,52.572],[-9.812,52.565],[-9.747,52.58],[-9.741,52.587],[-9.68,52.573],[-9.635,52.599],[-9.437,52.596],[-9.408,52.592],[-9.373,52.602],[-9.345,52.59],[-9.294,52.58],[-9.229,52.608],[-9.149,52.615],[-9.124,52.633],[-9.073,52.65],[-9.017,52.65],[-8.973,52.666],[-8.833,52.68],[-8.803,52.672],[-8.719,52.673],[-8.712,52.672],[-8.709,52.671],[-8.706,52.674],[-8.705,52.674],[-8.698,52.675],[-8.697,52.675],[-8.694,52.676],[-8.693,52.676],[-8.693,52.677],[-8.692,52.677],[-8.691,52.676],[-8.69,52.676],[-8.689,52.676],[-8.689,52.677],[-8.688,52.677],[-8.689,52.678],[-8.673,52.687],[-8.672,52.687],[-8.67,52.687],[-8.668,52.687],[-8.668,52.688],[-8.667,52.688],[-8.666,52.688],[-8.655,52.69],[-8.654,52.69],[-8.653,52.689],[-8.651,52.689],[-8.64,52.687],[-8.636,52.688],[-8.636,52.687],[-8.637,52.687],[-8.637,52.686],[-8.635,52.685],[-8.633,52.685],[-8.63,52.685],[-8.63,52.684],[-8.629,52.684],[-8.628,52.684],[-8.627,52.684],[-8.595,52.671],[-8.594,52.67],[-8.593,52.67],[-8.591,52.67],[-8.59,52.67],[-8.544,52.682],[-8.533,52.704],[-8.502,52.719],[-8.509,52.746],[-8.48,52.757],[-8.443,52.787],[-8.455,52.847],[-8.418,52.875],[-8.408,52.913],[-8.338,52.915],[-8.285,52.973],[-8.317,52.985]]]},"properties":{"name":"Clare","name_ga":"An Clár","seats":4}},{"type":"Feature","geometry":{"type":"Polygon","coordinates":[[[-8.183,52.288],[-8.251,52.296],[-8.285,52.287],[-8.312,52.322],[-8.341,52.329],[-8.381,52.304],[-8.386,52.295],[-8.441,52.293],[-8.505,52.28],[-8.547,52.292],[-8.558,52.307],[-8.605,52.323],[-8.624,52.344],[-8.662,52.352],[-8.674,52.384],[-8.724,52.371],[-8.777,52.387],[-8.82,52.384],[-8.829,52.371],[-8.882,52.347],[-8.883,52.332],[-8.962,52.319],[-8.986,52.311],[-9.075,52.331],[-9.14,52.333],[-9.175,52.312],[-9.217,52.298],[-9.216,52.282],[-9.274,52.255],[-9.274,52.231],[-9.238,52.222],[-9.201,52.235],[-9.174,52.22],[-9.11,52.211],[-9.075,52.198],[-8.987,52.189],[-8.978,52.171],[-8.903,52.162],[-8.899,52.138],[-8.817,52.141],[-8.793,52.121],[-8.736,52.127],[-8.722,52.089],[-8.781,52.042],[-8.744,52.024],[-8.693,52.032],[-8.661,52.03],[-8.655,52.002],[-8.602,51.951],[-8.607,51.925],[-8.584,51.918],[-8.563,51.928],[-8.524,51.931],[-8.52,51.929],[-8.52,51.928],[-8.52,51.927],[-8.478,51.929],[-8.477,51.93],[-8.508,51.956],[-8.507,51.958],[-8.499,51.96],[-8.499,51.959],[-8.482,51.958],[-8.482,51.96],[-8.48,51.961],[-8.48,51.962],[-8.477,51.964],[-8.474,51.966],[-8.472,51.971],[-8.473,51.973],[-8.473,51.974],[-8.437,51.97],[-8.4,51.946],[-8.401,51.945],[-8.401,51.944],[-8.398,51.941],[-8.398,51.94],[-8.397,51.939],[-8.399,51.936],[-8.397,51.935],[-8.397,51.934],[-8.397,51.933],[-8.396,51.931],[-8.396,51.93],[-8.394,51.924],[-8.395,51.922],[-8.394,51.921],[-8.396,51.919],[-8.402,51.916],[-8.402,51.915],[-8.401,51.913],[-8.395,51.903],[-8.394,51.901],[-8.342,51.882],[-8.328,51.866],[-8.32,51.844],[-8.257,51.857],[-8.181,51.86],[-8.199,51.844],[-8.238,51.838],[-8.252,51.794],[-8.178,51.795],[-8.157,51.789],[-8.136,51.804],[-8.062,51.809],[-8.001,51.827],[-8.021,51.846],[-7.997,51.861],[-7.865,51.883],[-7.887,51.911],[-7.842,51.941],[-7.842,51.954],[-7.855,51.98],[-7.91,51.974],[-7.938,52.014],[-8.023,52.057],[-8.014,52.074],[-8.029,52.103],[-8.072,52.144],[-8.156,52.141],[-8.12,52.195],[-8.105,52.206],[-8.103,52.231],[-8.161,52.242],[-8.183,52.288]]]},"properties":{"name":"North-East Cork","name_ga":"Corcaigh Thoir Thuaidh","seats":5}},{"type":"Feature","geometry":{"type":"Polygon","coordinates":[[[-8.394,51.901],[-8.411,51.9],[-8.417,51.899],[-8.418,51.9],[-8.419,51.9],[-8.421,51.9],[-8.423,51.901],[-8.424,51.898],[-8.425,51.898],[-8.425,51.899],[-8.426,51.899],[-8.427,51.899],[-8.429,51.899],[-8.435,51.897],[-8.436,51.897],[-8.437,51.897],[-8.44,51.897],[-8.441,51.898],[-8.443,51.896],[-8.449,51.895],[-8.455,51.896],[-8.456,51.896],[-8.458,51.897],[-8.463,51.889],[-8.466,51.887],[-8.468,51.883],[-8.468,51.877],[-8.469,51.877],[-8.469,51.876],[-8.47,51.876],[-8.471,51.876],[-8.472,51.876],[-8.473,51.876],[-8.474,51.876],[-8.475,51.876],[-8.475,51.875],[-8.476,51.875],[-8.477,51.875],[-8.478,51.875],[-8.479,51.874],[-8.48,51.874],[-8.481,51.874],[-8.482,51.874],[-8.482,51.875],[-8.483,51.875],[-8.484,51.875],[-8.485,51.875],[-8.487,51.875],[-8.495,51.875],[-8.496,51.875],[-8.497,51.875],[-8.498,51.875],[-8.5,51.875],[-8.5,51.878],[-8.51,51.876],[-8.511,51.876],[-8.515,51.876],[-8.516,51.876],[-8.521,51.875],[-8.529,51.873],[-8.54,51.87],[-8.539,51.87],[-8.542,51.869],[-8.546,51.868],[-8.546,51.867],[-8.552,51.867],[-8.549,51.869],[-8.55,51.87],[-8.55,51.871],[-8.551,51.872],[-8.551,51.874],[-8.551,51.876],[-8.55,51.877],[-8.551,51.878],[-8.54,51.881],[-8.539,51.88],[-8.535,51.881],[-8.537,51.882],[-8.538,51.882],[-8.538,51.883],[-8.539,51.883],[-8.54,51.891],[-8.541,51.892],[-8.544,51.892],[-8.544,51.894],[-8.544,51.895],[-8.545,51.895],[-8.545,51.896],[-8.545,51.897],[-8.544,51.901],[-8.574,51.9],[-8.574,51.902],[-8.574,51.904],[-8.575,51.905],[-8.575,51.906],[-8.575,51.909],[-8.577,51.91],[-8.575,51.912],[-8.576,51.912],[-8.576,51.913],[-8.576,51.914],[-8.584,51.918],[-8.607,51.925],[-8.602,51.951],[-8.655,52.002],[-8.661,52.03],[-8.693,52.032],[-8.744,52.024],[-8.781,52.042],[-8.722,52.089],[-8.736,52.127],[-8.793,52.121],[-8.817,52.141],[-8.899,52.138],[-8.903,52.162],[-8.978,52.171],[-8.987,52.189],[-9.075,52.198],[-9.11,52.211],[-9.174,52.22],[-9.201,52.235],[-9.238,52.222],[-9.274,52.231],[-9.251,52.201],[-9.232,52.177],[-9.238,52.148],[-9.205,52.088],[-9.221,52.055],[-9.212,52.023],[-9.184,52.027],[-9.163,52.007],[-9.124,51.992],[-9.095,51.986],[-9.068,51.949],[-9.074,51.93],[-9.032,51.926],[-9.008,51.905],[-8.981,51.928],[-8.938,51.933],[-8.921,51.915],[-8.887,51.903],[-8.893,51.882],[-8.873,51.874],[-8.886,51.853],[-8.913,51.856],[-8.919,51.823],[-8.901,51.821],[-8.888,51.775],[-8.94,51.757],[-8.948,51.736],[-8.888,51.704],[-8.86,51.678],[-8.847,51.652],[-8.869,51.627],[-8.849,51.601],[-8.807,51.596],[-8.759,51.574],[-8.713,51.569],[-8.699,51.579],[-8.681,51.645],[-8.652,51.636],[-8.55,51.646],[-8.524,51.677],[-8.503,51.687],[-8.477,51.676],[-8.44,51.685],[-8.419,51.704],[-8.386,51.714],[-8.343,51.716],[-8.33,51.734],[-8.297,51.754],[-8.275,51.809],[-8.339,51.842],[-8.328,51.866],[-8.342,51.882],[-8.394,51.901]]]},"properties":{"name":"Mid-Cork","name_ga":"Corcaigh Láir","seats":4}},{"type":"Feature","geometry":{"type":"Polygon","coordinates":[[[-8.584,51.918],[-8.576,51.914],[-8.576,51.913],[-8.576,51.912],[-8.575,51.912],[-8.577,51.91],[-8.575,51.909],[-8.575,51.906],[-8.575,51.905],[-8.574,51.904],[-8.574,51.902],[-8.574,51.9],[-8.544,51.901],[-8.545,51.897],[-8.545,51.896],[-8.545,51.895],[-8.544,51.895],[-8.544,51.894],[-8.544,51.892],[-8.541,51.892],[-8.54,51.891],[-8.539,51.883],[-8.538,51.883],[-8.538,51.882],[-8.537,51.882],[-8.535,51.881],[-8.539,51.88],[-8.54,51.881],[-8.551,51.878],[-8.55,51.877],[-8.551,51.876],[-8.551,51.874],[-8.551,51.872],[-8.55,51.871],[-8.55,51.87],[-8.549,51.869],[-8.552,51.867],[-8.546,51.867],[-8.546,51.868],[-8.542,51.869],[-8.539,51.87],[-8.54,51.87],[-8.529,51.873],[-8.521,51.875],[-8.516,51.876],[-8.515,51.876],[-8.511,51.876],[-8.51,51.876],[-8.5,51.878],[-8.5,51.875],[-8.498,51.875],[-8.497,51.875],[-8.496,51.875],[-8.495,51.875],[-8.487,51.875],[-8.485,51.875],[-8.484,51.875],[-8.483,51.875],[-8.482,51.875],[-8.482,51.874],[-8.481,51.874],[-8.48,51.874],[-8.479,51.874],[-8.478,51.875],[-8.477,51.875],[-8.476,51.875],[-8.475,51.875],[-8.475,51.876],[-8.474,51.876],[-8.473,51.876],[-8.472,51.876],[-8.471,51.876],[-8.47,51.876],[-8.469,51.876],[-8.469,51.877],[-8.468,51.877],[-8.468,51.883],[-8.466,51.887],[-8.463,51.889],[-8.458,51.897],[-8.456,51.896],[-8.455,51.896],[-8.449,51.895],[-8.443,51.896],[-8.441,51.898],[-8.44,51.897],[-8.437,51.897],[-8.436,51.897],[-8.435,51.897],[-8.429,51.899],[-8.427,51.899],[-8.426,51.899],[-8.425,51.899],[-8.425,51.898],[-8.424,51.898],[-8.423,51.901],[-8.421,51.9],[-8.419,51.9],[-8.418,51.9],[-8.417,51.899],[-8.411,51.9],[-8.394,51.901],[-8.395,51.903],[-8.401,51.913],[-8.402,51.915],[-8.402,51.916],[-8.396,51.919],[-8.394,51.921],[-8.395,51.922],[-8.394,51.924],[-8.396,51.93],[-8.396,51.931],[-8.397,51.933],[-8.397,51.934],[-8.397,51.935],[-8.399,51.936],[-8.397,51.939],[-8.398,51.94],[-8.398,51.941],[-8.401,51.944],[-8.401,51.945],[-8.4,51.946],[-8.437,51.97],[-8.473,51.974],[-8.473,51.973],[-8.472,51.971],[-8.474,51.966],[-8.477,51.964],[-8.48,51.962],[-8.48,51.961],[-8.482,51.96],[-8.482,51.958],[-8.499,51.959],[-8.499,51.96],[-8.507,51.958],[-8.508,51.956],[-8.477,51.93],[-8.478,51.929],[-8.52,51.927],[-8.52,51.928],[-8.52,51.929],[-8.524,51.931],[-8.563,51.928],[-8.584,51.918]]]},"properties":{"name":"Cork","name_ga":"Corcaigh","seats":5}},{"type":"Feature","geometry":{"type":"MultiPolygon","coordinates":[[[[-9.124,51.992],[-9.138,51.983],[-9.195,51.982],[-9.255,51.97],[-9.303,51.946],[-9.302,51.924],[-9.279,51.894],[-9.33,51.846],[-9.357,51.836],[-9.438,51.823],[-9.446,51.807],[-9.481,51.79],[-9.566,51.79],[-9.623,51.786],[-9.669,51.747],[-9.708,51.744],[-9.761,51.72],[-9.792,51.693],[-9.832,51.693],[-9.824,51.717],[-9.857,51.751],[-9.887,51.763],[-9.931,51.74],[-9.975,51.735],[-10.005,51.718],[-9.964,51.704],[-9.973,51.685],[-10.031,51.678],[-10.054,51.669],[-10.093,51.674],[-10.063,51.643],[-10.066,51.623],[-10.126,51.613],[-10.13,51.595],[-10.049,51.602],[-10.038,51.589],[-9.986,51.611],[-9.934,51.616],[-9.926,51.639],[-9.904,51.653],[-9.88,51.649],[-9.839,51.659],[-9.814,51.655],[-9.765,51.662],[-9.734,51.688],[-9.651,51.674],[-9.569,51.706],[-9.528,51.734],[-9.483,51.715],[-9.447,51.719],[-9.46,51.68],[-9.488,51.678],[-9.521,51.66],[-9.564,51.653],[-9.61,51.637],[-9.666,51.625],[-9.785,51.58],[-9.782,51.55],[-9.69,51.58],[-9.655,51.583],[-9.631,51.6],[-9.544,51.616],[-9.583,51.59],[-9.647,51.564],[-9.645,51.553],[-9.692,51.53],[-9.751,51.523],[-9.794,51.496],[-9.82,51.49],[-9.819,51.461],[-9.786,51.457],[-9.73,51.462],[-9.698,51.495],[-9.637,51.511],[-9.621,51.492],[-9.586,51.497],[-9.542,51.513],[-9.489,51.524],[-9.455,51.525],[-9.437,51.553],[-9.395,51.536],[-9.428,51.513],[-9.398,51.5],[-9.381,51.47],[-9.349,51.471],[-9.294,51.496],[-9.229,51.481],[-9.216,51.498],[-9.173,51.529],[-9.136,51.525],[-9.117,51.556],[-9.083,51.546],[-9.023,51.567],[-8.976,51.56],[-8.917,51.541],[-8.893,51.569],[-8.869,51.577],[-8.849,51.601],[-8.869,51.627],[-8.847,51.652],[-8.86,51.678],[-8.888,51.704],[-8.948,51.736],[-8.94,51.757],[-8.888,51.775],[-8.901,51.821],[-8.919,51.823],[-8.913,51.856],[-8.886,51.853],[-8.873,51.874],[-8.893,51.882],[-8.887,51.903],[-8.921,51.915],[-8.938,51.933],[-8.981,51.928],[-9.008,51.905],[-9.032,51.926],[-9.074,51.93],[-9.068,51.949],[-9.095,51.986],[-9.124,51.992]]],[[[-9.894,51.638],[-9.919,51.618],[-9.835,51.62],[-9.837,51.645],[-9.894,51.638]]]]},"properties":{"name":"South-West Cork","name_ga":"Corcaigh Thiar Theas","seats":3}},{"type":"Feature","geometry":{"type":"Polygon","coordinates":[[[-9.345,52.59],[-9.373,52.602],[-9.408,52.592],[-9.437,52.596],[-9.635,52.599],[-9.68,52.573],[-9.661,52.557],[-9.695,52.48],[-9.74,52.47],[-9.768,52.449],[-9.866,52.427],[-9.914,52.431],[-9.943,52.422],[-9.941,52.404],[-9.838,52.39],[-9.835,52.325],[-9.868,52.301],[-9.837,52.292],[-9.835,52.276],[-9.753,52.268],[-9.765,52.248],[-9.837,52.248],[-9.896,52.229],[-9.941,52.232],[-9.97,52.187],[-9.944,52.165],[-9.863,52.198],[-9.76,52.217],[-9.744,52.209],[-9.666,52.216],[-9.657,52.175],[-9.678,52.17],[-9.667,52.144],[-9.64,52.138],[-9.597,52.151],[-9.599,52.172],[-9.619,52.193],[-9.567,52.197],[-9.553,52.184],[-9.515,52.194],[-9.474,52.195],[-9.438,52.208],[-9.418,52.227],[-9.379,52.201],[-9.384,52.173],[-9.306,52.177],[-9.285,52.195],[-9.251,52.201],[-9.274,52.231],[-9.274,52.255],[-9.216,52.282],[-9.217,52.298],[-9.24,52.322],[-9.298,52.334],[-9.344,52.367],[-9.303,52.389],[-9.339,52.404],[-9.326,52.443],[-9.339,52.47],[-9.297,52.496],[-9.305,52.522],[-9.306,52.522],[-9.348,52.541],[-9.338,52.562],[-9.365,52.572],[-9.345,52.59]]]},"properties":{"name":"North Kerry","name_ga":"Ciarraí Thuaidh","seats":3}},{"type":"Feature","geometry":{"type":"MultiPolygon","coordinates":[[[[-9.251,52.201],[-9.285,52.195],[-9.306,52.177],[-9.384,52.173],[-9.379,52.201],[-9.418,52.227],[-9.438,52.208],[-9.474,52.195],[-9.515,52.194],[-9.553,52.184],[-9.567,52.197],[-9.619,52.193],[-9.599,52.172],[-9.597,52.151],[-9.64,52.138],[-9.667,52.144],[-9.678,52.17],[-9.657,52.175],[-9.666,52.216],[-9.744,52.209],[-9.76,52.217],[-9.863,52.198],[-9.944,52.165],[-9.97,52.187],[-9.941,52.232],[-9.973,52.239],[-10.022,52.267],[-10.05,52.267],[-10.084,52.249],[-10.171,52.236],[-10.151,52.262],[-10.158,52.288],[-10.177,52.29],[-10.295,52.257],[-10.306,52.24],[-10.363,52.234],[-10.384,52.179],[-10.415,52.184],[-10.455,52.179],[-10.47,52.135],[-10.452,52.097],[-10.373,52.108],[-10.361,52.132],[-10.326,52.115],[-10.295,52.111],[-10.215,52.123],[-10.19,52.11],[-10.16,52.121],[-10.139,52.112],[-10.051,52.137],[-9.963,52.142],[-9.865,52.16],[-9.804,52.16],[-9.813,52.132],[-9.861,52.114],[-9.893,52.111],[-9.936,52.085],[-9.936,52.074],[-9.978,52.053],[-10.031,52.037],[-10.057,52.04],[-10.105,52.025],[-10.131,52.029],[-10.208,52.002],[-10.259,51.99],[-10.28,51.952],[-10.249,51.911],[-10.351,51.885],[-10.386,51.883],[-10.389,51.841],[-10.338,51.846],[-10.34,51.784],[-10.284,51.803],[-10.245,51.844],[-10.215,51.844],[-10.172,51.824],[-10.18,51.788],[-10.199,51.778],[-10.142,51.759],[-10.1,51.756],[-10.016,51.771],[-9.95,51.801],[-9.908,51.804],[-9.9,51.815],[-9.83,51.816],[-9.83,51.826],[-9.782,51.835],[-9.731,51.853],[-9.658,51.87],[-9.616,51.868],[-9.652,51.845],[-9.725,51.837],[-9.746,51.821],[-9.823,51.786],[-9.813,51.769],[-9.856,51.766],[-9.857,51.751],[-9.824,51.717],[-9.832,51.693],[-9.792,51.693],[-9.761,51.72],[-9.708,51.744],[-9.669,51.747],[-9.623,51.786],[-9.566,51.79],[-9.481,51.79],[-9.446,51.807],[-9.438,51.823],[-9.357,51.836],[-9.33,51.846],[-9.279,51.894],[-9.302,51.924],[-9.303,51.946],[-9.255,51.97],[-9.195,51.982],[-9.138,51.983],[-9.124,51.992],[-9.163,52.007],[-9.184,52.027],[-9.212,52.023],[-9.221,52.055],[-9.205,52.088],[-9.238,52.148],[-9.232,52.177],[-9.251,52.201]]],[[[-10.392,51.892],[-10.382,51.887],[-10.292,51.913],[-10.296,51.928],[-10.329,51.93],[-10.423,51.899],[-10.392,51.892]]]]},"properties":{"name":"South Kerry","name_ga":"Ciarraí Theas","seats":3}}]}
